gene_orf	log2fc	abs_log2fc
YDL081C	-9.520829739612468	9.520829739612468
YOL109W	-9.355836514166409	9.355836514166409
YDR382W	-9.019818309921122	9.019818309921122
YDL130W	-8.736321817344674	8.736321817344674
YNL135C	-8.718335926684261	8.718335926684261
YDL136W	-8.653856915110609	8.653856915110609
YLR333C	-8.42803515191224	8.42803515191224
YNL162W	-8.306718793306299	8.306718793306299
YOR020C	-8.28392970817344	8.28392970817344
YMR230W	-8.094704372067746	8.094704372067746
YPL249C-A	-7.953524215562876	7.953524215562876
YGL030W	-7.919434741524368	7.919434741524368
YGR027C	-7.723082658782477	7.723082658782477
YOL039W	-7.653590651972825	7.653590651972825
YNL244C	-7.120242254436148	7.120242254436148
YBR009C	-6.949538172778475	6.949538172778475
YHR217C	-6.907686691235529	6.907686691235529
YHR141C	-6.76633703761689	6.76633703761689
YOR248W	-6.748124379688084	6.748124379688084
YLR068W	-6.741004157500933	6.741004157500933
YFL067W	-6.718622294252937	6.718622294252937
YNL030W	-6.584950284625635	6.584950284625635
YGR296C-A	-6.437837045290338	6.437837045290338
YPL283W-A	-6.437837045290338	6.437837045290338
YNL339W-A	-6.437837045290338	6.437837045290338
YML133W-A	-6.437837045290338	6.437837045290338
YER190C-A	-6.437837045290338	6.437837045290338
YKL202W	-6.379052819353768	6.379052819353768
YML058W	-6.299549624645591	6.299549624645591
YHR087W	-6.2248837819793	6.2248837819793
YCL035C	-6.171886917258143	6.171886917258143
YOR234C	-5.9993623513627155	5.9993623513627155
YBL028C	-5.967646869111265	5.967646869111265
YGL262W	-5.924736016652906	5.924736016652906
YEL003W	-5.909203868987653	5.909203868987653
YHL006W-A	-5.830040159257656	5.830040159257656
YLR406C	-5.804928938935969	5.804928938935969
YDL075W	-5.802962036657201	5.802962036657201
YFL014W	-5.754392724457616	5.754392724457616
YAL030W	-5.744325742302296	5.744325742302296
YDR544C	-5.720782392375829	5.720782392375829
YLR200W	-5.718172005252423	5.718172005252423
YML057C-A	-5.691945277247507	5.691945277247507
YJR048W	-5.60109321377799	5.60109321377799
YJR162C	-5.557774313765592	5.557774313765592
YDR079W	-5.52450754646361	5.52450754646361
YGR209C	-5.515933185506797	5.515933185506797
YGL226W	-5.495202415757484	5.495202415757484
YIL171W-A	-5.492582398925577	5.492582398925577
YJL220W	-5.492582398925577	5.492582398925577
YOL026C	-5.475250997503708	5.475250997503708
YNL122C	-5.448475192105444	5.448475192105444
YAL046C	-5.388663166625825	5.388663166625825
YER071C	-5.384184650164159	5.384184650164159
YDR209C	-5.3778145101036205	5.3778145101036205
YOR293W	-5.376415223815139	5.376415223815139
YEL039C	-5.366926747618278	5.366926747618278
YOR235W	-5.3520367609872945	5.3520367609872945
YDR540C	-5.344399275502262	5.344399275502262
YOR388C	-5.324973539305623	5.324973539305623
YDR133C	-5.303019516774645	5.303019516774645
YHR095W	-5.300051145813723	5.300051145813723
YPR052C	-5.295585472352073	5.295585472352073
YCR105W	-5.2728248264080175	5.2728248264080175
YPR017C	-5.253805422384691	5.253805422384691
YHR185C	-5.227059377172962	5.227059377172962
YNL054W-A	-5.224583581858622	5.224583581858622
YIR042C	-5.222801179129714	5.222801179129714
YNL300W	-5.2185978178835315	5.2185978178835315
YKL061W	-5.217521195291084	5.217521195291084
YOL046C	-5.195147776352055	5.195147776352055
YFL012W	-5.194150938842455	5.194150938842455
YCL056C	-5.181944598374574	5.181944598374574
Q0182	-5.181099690306668	5.181099690306668
YJL195C	-5.15388415310507	5.15388415310507
YPL121C	-5.136825385167415	5.136825385167415
YDL157C	-5.136619314967065	5.136619314967065
YJL003W	-5.126186091863525	5.126186091863525
YCL007C	-5.106359252596752	5.106359252596752
YLR338W	-5.085253258884229	5.085253258884229
YAR061W	-5.083668065838332	5.083668065838332
YLR445W	-5.066784368102915	5.066784368102915
YBR262C	-5.06089352317923	5.06089352317923
YMR123W	-5.025553059039206	5.025553059039206
YER056C-A	-5.022188262743604	5.022188262743604
YER185W	-5.021814352192814	5.021814352192814
YER188W	-5.012447613638097	5.012447613638097
YEL033W	-5.008547219362901	5.008547219362901
YCR107W	-4.995475431561215	4.995475431561215
YKL138C	-4.994050366819925	4.994050366819925
YJL038C	-4.9907413303313115	4.9907413303313115
YGL118C	-4.980802298870474	4.980802298870474
YLR275W	-4.962672950796227	4.962672950796227
YHR191C	-4.955984332204487	4.955984332204487
YJL037W	-4.952171010860708	4.952171010860708
YNL120C	-4.948127396804774	4.948127396804774
YIL156W-A	-4.944390592474123	4.944390592474123
YHR138C	-4.926996226417136	4.926996226417136
YKL076C	-4.904058607262261	4.904058607262261
YNL318C	-4.899339124165552	4.899339124165552
YGL070C	-4.842768744517245	4.842768744517245
YOL165C	-4.802958105109555	4.802958105109555
YHL015W	-4.800912276580078	4.800912276580078
YBR232C	-4.796106814406105	4.796106814406105
YCR098C	-4.747628476790091	4.747628476790091
YJR094W-A	-4.746080175069389	4.746080175069389
YBL026W	-4.731937313968514	4.731937313968514
YDR031W	-4.7196773521629725	4.7196773521629725
YJR082C	-4.719171637576084	4.719171637576084
YPL185W	-4.712598475252939	4.712598475252939
YER085C	-4.704409021637579	4.704409021637579
YFL051C	-4.699640887269659	4.699640887269659
YDL247W	-4.693952086745443	4.693952086745443
YIR027C	-4.685756666650266	4.685756666650266
YDR526C	-4.677560551119697	4.677560551119697
YER187W	-4.675645339217409	4.675645339217409
YDR014W-A	-4.675311262896159	4.675311262896159
YNL284C-A	-4.653987173719338	4.653987173719338
YGR259C	-4.643859677187246	4.643859677187246
YPR020W	-4.636703572654575	4.636703572654575
YKL041W	-4.631082322628991	4.631082322628991
YLL046C	-4.621244058577519	4.621244058577519
YBR113W	-4.6194544565720745	4.6194544565720745
YLR411W	-4.611094221630118	4.611094221630118
YCL046W	-4.6104863530870706	4.6104863530870706
YMR269W	-4.606506749008613	4.606506749008613
YLL065W	-4.605054013930881	4.605054013930881
YER058W	-4.595753439806781	4.595753439806781
YCR101C	-4.590559963319711	4.590559963319711
YDL245C	-4.590458498105087	4.590458498105087
YMR323W	-4.58437466154522	4.58437466154522
YML066C	-4.582326294395571	4.582326294395571
YCR007C	-4.572505055645696	4.572505055645696
YAL055W	-4.5669110019756705	4.5669110019756705
YNR042W	-4.566583975294624	4.566583975294624
YER092W	-4.561301558538254	4.561301558538254
YKL219W	-4.560867345148374	4.560867345148374
YOR255W	-4.559091964859823	4.559091964859823
YLR261C	-4.558377976645698	4.558377976645698
YLR385C	-4.554135137232848	4.554135137232848
YBL025W	-4.553430198645371	4.553430198645371
YBL049W	-4.540997915358719	4.540997915358719
YDR491C	-4.540907633323053	4.540907633323053
YDL246C	-4.539578867378633	4.539578867378633
YNR072W	-4.535810009421388	4.535810009421388
YJR157W	-4.528705230660337	4.528705230660337
YNR005C	-4.523697140932124	4.523697140932124
YPL280W	-4.518346403117333	4.518346403117333
YGR269W	-4.515171011371736	4.515171011371736
YBL001C	-4.512247421931658	4.512247421931658
YIR030C	-4.511731549953167	4.511731549953167
YBR206W	-4.511642582624896	4.511642582624896
YFL011W	-4.5082750922094075	4.5082750922094075
YOR384W	-4.505510226167749	4.505510226167749
YDR286C	-4.503680641128435	4.503680641128435
YDL012C	-4.503118756914416	4.503118756914416
YGL177W	-4.501003029685079	4.501003029685079
YLR390W	-4.498558329349439	4.498558329349439
YFR026C	-4.49454482524451	4.49454482524451
YEL008W	-4.4944186126527494	4.4944186126527494
YAL044W-A	-4.491977424411532	4.491977424411532
YDR522C	-4.485418008809669	4.485418008809669
YOL159C	-4.4795024084861685	4.4795024084861685
YAL067C	-4.455657397755653	4.455657397755653
YDR045C	-4.451299536238478	4.451299536238478
YFL062W	-4.4509710288869515	4.4509710288869515
YOR392W	-4.437718938220458	4.437718938220458
YLR204W	-4.432720241764236	4.432720241764236
YGR133W	-4.427286387160033	4.427286387160033
YBR089W	-4.412505768047504	4.412505768047504
YBR186W	-4.401045329616208	4.401045329616208
YIL014C-A	-4.3886109469329115	4.3886109469329115
YCR100C	-4.38672467996416	4.38672467996416
YBR091C	-4.384266985004329	4.384266985004329
YOL037C	-4.376578862948255	4.376578862948255
YER066W	-4.368296036842089	4.368296036842089
YBR268W	-4.364234444767991	4.364234444767991
YGL205W	-4.3624927958528215	4.3624927958528215
YKL137W	-4.351946892371451	4.351946892371451
YFL066C	-4.347454895790239	4.347454895790239
YFL061W	-4.346324452928309	4.346324452928309
YCR099C	-4.335989540638126	4.335989540638126
YFL053W	-4.33339620008714	4.33339620008714
YNL057W	-4.333114520653465	4.333114520653465
YLR307W	-4.33303437346195	4.33303437346195
YPL281C	-4.320703339712796	4.320703339712796
YOR393W	-4.320703339712796	4.320703339712796
YOR265W	-4.319067249855443	4.319067249855443
YOL099C	-4.317466213718948	4.317466213718948
YMR244W	-4.31553058493892	4.31553058493892
YMR244C-A	-4.310404637772912	4.310404637772912
YHR005C-A	-4.309201211939123	4.309201211939123
YOL163W	-4.307617095273217	4.307617095273217
YJR112W-A	-4.302799070341402	4.302799070341402
YOR189W	-4.285984436305952	4.285984436305952
YDR381C-A	-4.285523917157093	4.285523917157093
YKL221W	-4.279902481597159	4.279902481597159
YNR075W	-4.2784513964144555	4.2784513964144555
YLR013W	-4.26766995301621	4.26766995301621
YOL014W	-4.263734704788308	4.263734704788308
YEL074W	-4.262486780563704	4.262486780563704
YGR035C	-4.2618842450591945	4.2618842450591945
YLL066C	-4.253814042460489	4.253814042460489
YHR180W	-4.246915401440755	4.246915401440755
YKR105C	-4.235690449775892	4.235690449775892
YGR050C	-4.229756163075235	4.229756163075235
YGL034C	-4.224673964588866	4.224673964588866
YER046W	-4.216337526477096	4.216337526477096
YJL222W	-4.205548876127988	4.205548876127988
YPL062W	-4.205446873722838	4.205446873722838
YDR374C	-4.201128496196564	4.201128496196564
YDL041W	-4.2003256490550065	4.2003256490550065
YLR041W	-4.195190843323707	4.195190843323707
YFL063W	-4.189669741287987	4.189669741287987
YKR106W	-4.181125183323989	4.181125183323989
YNL335W	-4.176747488115049	4.176747488115049
YBL059C-A	-4.174834412091058	4.174834412091058
YPL044C	-4.172316642147039	4.172316642147039
YPR078C	-4.168290685641079	4.168290685641079
YOL162W	-4.167061680772073	4.167061680772073
YGL080W	-4.153805895693733	4.153805895693733
YFL059W	-4.152236518798752	4.152236518798752
YGL189C	-4.143117788416081	4.143117788416081
YPR201W	-4.142664921079038	4.142664921079038
YNL210W	-4.132518752553262	4.132518752553262
YHR136C	-4.131509510826989	4.131509510826989
YHL005C	-4.127630699068765	4.127630699068765
YNL174W	-4.1261753232053815	4.1261753232053815
YKL070W	-4.1251136115290965	4.1251136115290965
YBR180W	-4.124889430383973	4.124889430383973
YLR043C	-4.124742526289324	4.124742526289324
YCL069W	-4.121962555861677	4.121962555861677
YBR194W	-4.1031740831161905	4.1031740831161905
YJR018W	-4.099478789974384	4.099478789974384
YHL043W	-4.097823035033127	4.097823035033127
YDR115W	-4.097525993860975	4.097525993860975
YBL012C	-4.095892902139164	4.095892902139164
YKL218C	-4.093670486463833	4.093670486463833
YPL027W	-4.091113042349747	4.091113042349747
YIL100W	-4.073976550473169	4.073976550473169
YLR010C	-4.073225614040091	4.073225614040091
YGR160W	-4.073005797235445	4.073005797235445
YPL200W	-4.069334781746251	4.069334781746251
YBR296C	-4.068008144279364	4.068008144279364
YBL078C	-4.067487106768346	4.067487106768346
YOL114C	-4.066539758823577	4.066539758823577
YDR360W	-4.065924510336178	4.065924510336178
YOR339C	-4.063629490062899	4.063629490062899
YDR536W	-4.0634030651903075	4.0634030651903075
YNR064C	-4.0623512810115106	4.0623512810115106
YCR106W	-4.056805136271705	4.056805136271705
YNL024C	-4.056720800404151	4.056720800404151
YER060W-A	-4.055702809374214	4.055702809374214
YMR107W	-4.045896904665501	4.045896904665501
YFR049W	-4.043718755479725	4.043718755479725
YPL275W	-4.029930976177092	4.029930976177092
YBL070C	-4.027627105055756	4.027627105055756
YJR159W	-4.022559995481637	4.022559995481637
YJR095W	-4.022188773967769	4.022188773967769
YLR255C	-4.0206531460639345	4.0206531460639345
YIR028W	-4.017026064962501	4.017026064962501
YIR013C	-4.016805546752135	4.016805546752135
YEL069C	-4.016017978456856	4.016017978456856
YKL030W	-4.0135096896140965	4.0135096896140965
YER107W-A	-4.0092595541060785	4.0092595541060785
YDL241W	-4.000252884003141	4.000252884003141
YBR258C	-3.9995091016047164	3.9995091016047164
YKR015C	-3.9906762840075265	3.9906762840075265
YOL047C	-3.989211397850288	3.989211397850288
YGL192W	-3.9843767520485303	3.9843767520485303
YDR377W	-3.9775905543646326	3.9775905543646326
YPR136C	-3.966472529011296	3.966472529011296
YLL059C	-3.957908585496744	3.957908585496744
YGR153W	-3.9527529239525565	3.9527529239525565
YHR157W	-3.951206805845979	3.951206805845979
YCL073C	-3.948264062298374	3.948264062298374
YOR258W	-3.9412530503925503	3.9412530503925503
YGL218W	-3.932778083027762	3.932778083027762
YBR012C	-3.9321266406867696	3.9321266406867696
YER093C-A	-3.9181664676715022	3.9181664676715022
YOL131W	-3.912525053036612	3.912525053036612
YER179W	-3.9114514737355854	3.9114514737355854
YGR224W	-3.907987987136835	3.907987987136835
YKR034W	-3.905623612815977	3.905623612815977
YOR263C	-3.9054643600480174	3.9054643600480174
YCL058C	-3.9044809782080354	3.9044809782080354
YBR224W	-3.9014032919320774	3.9014032919320774
YCR010C	-3.9010476504660017	3.9010476504660017
YNL153C	-3.8986490215010967	3.8986490215010967
YDR357C	-3.8984825793046456	3.8984825793046456
YAR073W	-3.8911987998702795	3.8911987998702795
YIL170W	-3.8884457818990863	3.8884457818990863
YGL235W	-3.885355833327048	3.885355833327048
YKL086W	-3.880836513883734	3.880836513883734
YHR139C	-3.859913944548576	3.859913944548576
YOR268C	-3.8581003206684366	3.8581003206684366
YOR313C	-3.8520840271512804	3.8520840271512804
YDR154C	-3.851317638668801	3.851317638668801
YCL074W	-3.845683828456715	3.845683828456715
YIR009W	-3.841431459220286	3.841431459220286
YPL189W	-3.8409509500341357	3.8409509500341357
YMR271C	-3.840558939425705	3.840558939425705
YOL152W	-3.8384051969761273	3.8384051969761273
YAL018C	-3.8349503116180457	3.8349503116180457
YML045W	-3.834163169474804	3.834163169474804
YPL171C	-3.8249359557002265	3.8249359557002265
YKR073C	-3.823089260045169	3.823089260045169
YCL048W	-3.8223830067363367	3.8223830067363367
YNL332W	-3.819875844497509	3.819875844497509
YDR193W	-3.819161699437212	3.819161699437212
YKL044W	-3.817559352891079	3.817559352891079
YEL075W-A	-3.816088111834733	3.816088111834733
YGL165C	-3.813645792332808	3.813645792332808
YIR043C	-3.8067813401898802	3.8067813401898802
YEL034C-A	-3.8006815653686026	3.8006815653686026
YLR154W-C	-3.7974513618692085	3.7974513618692085
YHL030W-A	-3.7974248972941185	3.7974248972941185
YJL214W	-3.7968084439508285	3.7968084439508285
YGL069C	-3.795202146293779	3.795202146293779
YPR142C	-3.7780636582651357	3.7780636582651357
YOL156W	-3.7760594502434524	3.7760594502434524
YPL073C	-3.774856579905599	3.774856579905599
YFL052W	-3.7718287154564103	3.7718287154564103
YFL058W	-3.7666461327579297	3.7666461327579297
YML030W	-3.766393969412153	3.766393969412153
YJL179W	-3.7662964078263497	3.7662964078263497
YBR089C-A	-3.7637685452034253	3.7637685452034253
YDL166C	-3.7632402434819916	3.7632402434819916
YLR218C	-3.759254286174708	3.759254286174708
YPR099C	-3.7589379247680643	3.7589379247680643
YMR059W	-3.7584783819776546	3.7584783819776546
YBL111C	-3.755825246043438	3.755825246043438
YOR331C	-3.747460143481531	3.747460143481531
YLR281C	-3.745195643554864	3.745195643554864
YBL059W	-3.7350436138254346	3.7350436138254346
YGL263W	-3.7323000045932027	3.7323000045932027
YFL055W	-3.7281600058767483	3.7281600058767483
YDR034C-C	-3.7271142045478185	3.7271142045478185
YEL018C-A	-3.7246705772128745	3.7246705772128745
YKL147C	-3.722483362684991	3.722483362684991
YIL004C	-3.7191303179821276	3.7191303179821276
YLR124W	-3.7168068808292016	3.7168068808292016
YDR220C	-3.7130856148010736	3.7130856148010736
YLR408C	-3.709378698070389	3.709378698070389
YDR260C	-3.7067072980994475	3.7067072980994475
YPR151C	-3.702998693446886	3.702998693446886
YNL285W	-3.6998595809536488	3.6998595809536488
YGL121C	-3.6985903651001495	3.6985903651001495
YGR225W	-3.6947412910333948	3.6947412910333948
YDL243C	-3.694604464701637	3.694604464701637
YMR290W-A	-3.6945672057060817	3.6945672057060817
YNR074C	-3.6936806733136263	3.6936806733136263
YBR117C	-3.679749081792332	3.679749081792332
YPL187W	-3.6788792729110926	3.6788792729110926
YNL333W	-3.6781323828063055	3.6781323828063055
YJR156C	-3.6714241973995168	3.6714241973995168
YOR351C	-3.670956273016418	3.670956273016418
YKR040C	-3.6596577020608807	3.6596577020608807
YGR011W	-3.659233507770698	3.659233507770698
YGR292W	-3.6564665502319573	3.6564665502319573
YNL215W	-3.6557071527799465	3.6557071527799465
YGR064W	-3.6551976605829655	3.6551976605829655
YDL210W	-3.6426149567476473	3.6426149567476473
YIL029C	-3.640389927915294	3.640389927915294
YNL228W	-3.6319613448464394	3.6319613448464394
YMR118C	-3.6228741625804917	3.6228741625804917
YPR193C	-3.6209915214757853	3.6209915214757853
YJL218W	-3.6174637061772117	3.6174637061772117
YDR059C	-3.617354775887373	3.617354775887373
YPL021W	-3.6165427469490083	3.6165427469490083
YBR128C	-3.615581243791963	3.615581243791963
YGR020C	-3.611664913239995	3.611664913239995
YPL098C	-3.5980083972859234	3.5980083972859234
YPR166C	-3.597671691860513	3.597671691860513
YPR027C	-3.5947756360928627	3.5947756360928627
YDR401W	-3.589214618059076	3.589214618059076
YBR278W	-3.58722881058198	3.58722881058198
YMR119W-A	-3.584345236149361	3.584345236149361
YKL083W	-3.5789371278268636	3.5789371278268636
YKL220C	-3.5702632139484747	3.5702632139484747
YJL219W	-3.569208481421898	3.569208481421898
YIL009C-A	-3.5665413244570834	3.5665413244570834
YER137C	-3.5606310187154087	3.5606310187154087
YIR029W	-3.558227082735316	3.558227082735316
YOR100C	-3.555957203767072	3.555957203767072
YCR064C	-3.5552933549572323	3.5552933549572323
YJL105W	-3.5538982347320944	3.5538982347320944
YEL057C	-3.5512114123513916	3.5512114123513916
YOL133W	-3.5503083754702596	3.5503083754702596
YIR020C	-3.549214871395065	3.549214871395065
YGR053C	-3.537462743316646	3.537462743316646
YER121W	-3.5341549533506162	3.5341549533506162
YDL062W	-3.528896415586507	3.528896415586507
YCL068C	-3.5173713014822856	3.5173713014822856
YLR376C	-3.516929444831592	3.516929444831592
YBR064W	-3.509675843755599	3.509675843755599
YJL022W	-3.508715785962654	3.508715785962654
YER044C	-3.5067016993951667	3.5067016993951667
YJL045W	-3.503980679294428	3.503980679294428
YPL033C	-3.5001758791338724	3.5001758791338724
YMR101C	-3.4999759583301397	3.4999759583301397
YHR193C-A	-3.4970682974806753	3.4970682974806753
YJL221C	-3.491077225048285	3.491077225048285
YIL172C	-3.491077225048285	3.491077225048285
YJL166W	-3.4905068134376807	3.4905068134376807
YDR223W	-3.490165043403114	3.490165043403114
YEL067C	-3.4897839503431944	3.4897839503431944
YOR105W	-3.4834334832447023	3.4834334832447023
YIL072W	-3.4827560484674605	3.4827560484674605
YDR281C	-3.4785426131350627	3.4785426131350627
YLL042C	-3.475075748375026	3.475075748375026
YGL041W-A	-3.4705699264375656	3.4705699264375656
YLR061W	-3.46730437738157	3.46730437738157
YNR004W	-3.4658020087909387	3.4658020087909387
YPR054W	-3.462819041609081	3.462819041609081
YIL008W	-3.4550908719212394	3.4550908719212394
YCR102C	-3.4513444301247276	3.4513444301247276
YDR317W	-3.449995987655987	3.449995987655987
YPR007C	-3.4485946977891007	3.4485946977891007
YNL105W	-3.4477548041040227	3.4477548041040227
YJL007C	-3.445049692664851	3.445049692664851
YGL127C	-3.443095602615884	3.443095602615884
YML062C	-3.4399965047984615	3.4399965047984615
YML047C	-3.436371479106276	3.436371479106276
YEL068C	-3.4302238337357576	3.4302238337357576
YBL113W-A	-3.4279512971350172	3.4279512971350172
YLR011W	-3.424840595974259	3.424840595974259
YKL084W	-3.4243640120437435	3.4243640120437435
YDR252W	-3.4225300321667578	3.4225300321667578
YER088C-A	-3.4148551416687627	3.4148551416687627
YBR019C	-3.414569110519751	3.414569110519751
YDR187C	-3.407914085957197	3.407914085957197
YLR456W	-3.4026009376930704	3.4026009376930704
YNL143C	-3.402464406549882	3.402464406549882
YOR186W	-3.397223817072572	3.397223817072572
YCR085W	-3.3966080102692473	3.3966080102692473
YOL079W	-3.394750914489085	3.394750914489085
YKL026C	-3.3930549845874673	3.3930549845874673
YDR537C	-3.3891134069835314	3.3891134069835314
YJR120W	-3.382310604298871	3.382310604298871
YEL045C	-3.3791450207293234	3.3791450207293234
YGR073C	-3.377116591487871	3.377116591487871
YLR361C-A	-3.377012051837497	3.377012051837497
YER148W-A	-3.3745592813702703	3.3745592813702703
YNR073C	-3.372470041936665	3.372470041936665
YOL166C	-3.3706953076251844	3.3706953076251844
YOR055W	-3.3689416473639966	3.3689416473639966
YIR032C	-3.3653461509002964	3.3653461509002964
YFL021C-A	-3.3649748270981648	3.3649748270981648
YLL005C	-3.34863804998345	3.34863804998345
YDL242W	-3.3485638678885437	3.3485638678885437
YMR194W	-3.348408279171024	3.348408279171024
YOR366W	-3.3426837328324304	3.3426837328324304
YOR365C	-3.3412023339682135	3.3412023339682135
YCL066W	-3.340638166633096	3.340638166633096
YCR040W	-3.340638166633096	3.340638166633096
YLR331C	-3.3341290482779016	3.3341290482779016
YLR358C	-3.333589131124933	3.333589131124933
YNR071C	-3.3324812498298564	3.3324812498298564
YML108W	-3.3301376045062105	3.3301376045062105
YMR133W	-3.321301493123315	3.321301493123315
YGR215W	-3.3197860181737804	3.3197860181737804
YER135C	-3.3194006456906777	3.3194006456906777
YJR155W	-3.3154586630469285	3.3154586630469285
YGR144W	-3.3109226620230148	3.3109226620230148
YCR003W	-3.3102800826547947	3.3102800826547947
YGL152C	-3.3019187924194315	3.3019187924194315
YPR050C	-3.3012542509857736	3.3012542509857736
YJR108W	-3.2979398701334572	3.2979398701334572
YIL089W	-3.2954994966335502	3.2954994966335502
YOR391C	-3.2877125252703614	3.2877125252703614
YML098W	-3.2846064302300224	3.2846064302300224
YAR019W-A	-3.2829733859275727	3.2829733859275727
YNL117W	-3.280600973894285	3.280600973894285
YPR100W	-3.280471507656511	3.280471507656511
YIR017W-A	-3.279552463856815	3.279552463856815
YGR213C	-3.277647556014979	3.277647556014979
YCL020W	3.276232026844584	3.276232026844584
YHL042W	-3.2747019274671594	3.2747019274671594
YGR115C	-3.272279476576138	3.272279476576138
YKR035C	-3.269122445074343	3.269122445074343
YLR415C	-3.26694724014039	3.26694724014039
YIR039C	-3.261677085574356	3.261677085574356
YLR334C	-3.260290386940751	3.260290386940751
YER172C-A	-3.260134214472211	3.260134214472211
YOL160W	-3.2544536001542057	3.2544536001542057
YKL222C	-3.2520688116553007	3.2520688116553007
YPR076W	-3.2434890454365997	3.2434890454365997
YLR147C	-3.235627964931193	3.235627964931193
YAL042C-A	-3.2349155125018543	3.2349155125018543
YLR364W	-3.2343986964483875	3.2343986964483875
YDL186W	-3.2318037500335492	3.2318037500335492
YKL006C-A	-3.2313116261392043	3.2313116261392043
YMR322C	-3.2270345174310124	3.2270345174310124
YLR154C	-3.2259751840616655	3.2259751840616655
YPR194C	-3.2220244103667732	3.2220244103667732
YGR190C	-3.2218511102008582	3.2218511102008582
YMR117C	-3.2173186561650806	3.2173186561650806
YLR062C	-3.2166113396862412	3.2166113396862412
YDR545C-A	-3.214531597791468	3.214531597791468
YER068C-A	-3.213726738400145	3.213726738400145
YDR478W	-3.213333969065202	3.213333969065202
YOR190W	-3.20993184657119	3.20993184657119
YFL013W-A	-3.2066966422042755	3.2066966422042755
YPL192C	-3.2044204843873514	3.2044204843873514
YBR047W	-3.1993913072612252	3.1993913072612252
YPL165C	-3.198696668549264	3.198696668549264
YLR145W	-3.197766250798564	3.197766250798564
YCL076W	-3.196657408246412	3.196657408246412
YKL217W	-3.1908385677289925	3.1908385677289925
YIR020C-B	-3.1903479956306757	3.1903479956306757
YJL144W	-3.189400106112057	3.189400106112057
YIL160C	-3.184461315233838	3.184461315233838
YLR267W	-3.180740527759413	3.180740527759413
YDR493W	-3.180011424446409	3.180011424446409
YPR195C	-3.1799560847998958	3.1799560847998958
YGL033W	-3.1767564659621925	3.1767564659621925
YDL045W-A	-3.1740329901156485	3.1740329901156485
YGR243W	-3.173578715846433	3.173578715846433
YKL066W	-3.165230978010519	3.165230978010519
YPR092W	-3.1637104491898818	3.1637104491898818
YNR057C	-3.1588199751445667	3.1588199751445667
YBR285W	-3.150468773413461	3.150468773413461
YBR277C	-3.1495022641259895	3.1495022641259895
YKL123W	-3.149162820498836	3.149162820498836
YPL223C	-3.1489441271883263	3.1489441271883263
YJL027C	-3.1483901014634066	3.1483901014634066
YOR032C	-3.14831612702148	3.14831612702148
YJR034W	-3.1462489926493022	3.1462489926493022
YDR413C	-3.1431040142675535	3.1431040142675535
YBR134W	-3.1411855751034157	3.1411855751034157
YOL106W	-3.1393873699653216	3.1393873699653216
YDL151C	-3.1358015763965494	3.1358015763965494
YBR116C	-3.1294296669725936	3.1294296669725936
YLR306W	-3.1281522588381567	3.1281522588381567
YHR182C-A	-3.1280863537043846	3.1280863537043846
YDR218C	-3.1227987157682766	3.1227987157682766
YMR007W	-3.1219123056267466	3.1219123056267466
YJR085C	-3.1215926538209136	3.1215926538209136
YMR245W	-3.121269866553948	3.121269866553948
YER119C-A	-3.116261985924117	3.116261985924117
YPL213W	-3.116160592690633	3.116160592690633
YLR053C	-3.1109217174434933	3.1109217174434933
YHR210C	-3.108815094090641	3.108815094090641
YPR044C	-3.1044935220234873	3.1044935220234873
YBR294W	-3.104346124217452	3.104346124217452
YCR049C	-3.1002252295315023	3.1002252295315023
YBR190W	-3.0973032414508257	3.0973032414508257
YPL144W	-3.0891993263326225	3.0891993263326225
YDR162C	-3.0846425757901144	3.0846425757901144
YDR185C	-3.083274784612291	3.083274784612291
YHL044W	-3.0799727179895173	3.0799727179895173
YGL170C	-3.079728187288337	3.079728187288337
YGL007W	-3.0783803914065677	3.0783803914065677
YPR001W	-3.075616667969427	3.075616667969427
YLR245C	-3.0723562274964724	3.0723562274964724
YCR028C-A	-3.0685360757991162	3.0685360757991162
YHL002C-A	-3.0658560348597197	3.0658560348597197
YFR043C	-3.0623121142111085	3.0623121142111085
YLL044W	-3.0556795393983096	3.0556795393983096
YEL028W	-3.047365461762258	3.047365461762258
YLR050C	-3.0454002986060775	3.0454002986060775
YKL115C	-3.0428046152777792	3.0428046152777792
YCL065W	-3.0408153834032277	3.0408153834032277
YGR151C	-3.04071815423851	3.04071815423851
YAL062W	-3.0388432241397756	3.0388432241397756
YAR071W	-3.0361147532091843	3.0361147532091843
YGL183C	-3.032714362105516	3.032714362105516
YDR541C	-3.028848242719671	3.028848242719671
YNR070W	-3.0160555763573202	3.0160555763573202
YJL116C	-3.015469112195297	3.015469112195297
YLR460C	-3.0128023164018876	3.0128023164018876
YHL041W	-3.0087679867088255	3.0087679867088255
YER039C	-3.0065643470506513	3.0065643470506513
YFR012W	-3.003426202232855	3.003426202232855
YNL109W	-3.000717167687271	3.000717167687271
YKL177W	-2.9957833889587393	2.9957833889587393
YCR087W	-2.9939428344052126	2.9939428344052126
YPR200C	-2.9920233866152017	2.9920233866152017
YNL019C	-2.9897884094742233	2.9897884094742233
YOR348C	-2.984574838770815	2.984574838770815
YJR097W	-2.9842560054658556	2.9842560054658556
YJL173C	-2.9761897165659468	2.9761897165659468
YGL259W	-2.9724682494890757	2.9724682494890757
YAL034C-B	-2.969610160730495	2.969610160730495
YDR523C	-2.9691733437881216	2.9691733437881216
YGR029W	-2.9684880002568494	2.9684880002568494
YFR023W	-2.9674202344041394	2.9674202344041394
YDR210W-A	-2.9560203264603633	2.9560203264603633
YML077W	-2.9546020837440197	2.9546020837440197
YEL048C	-2.952043040582366	2.952043040582366
YDR462W	-2.9499889248113504	2.9499889248113504
YBL100C	-2.9494208212331827	2.9494208212331827
YIL060W	-2.9484316155722117	2.9484316155722117
YIL025C	-2.9457322843842717	2.9457322843842717
YDR403W	-2.9453490380151197	2.9453490380151197
YLR423C	-2.9446567682250038	2.9446567682250038
YPR096C	-2.943013417987279	2.943013417987279
YHR137W	-2.9418532869237373	2.9418532869237373
YOR148C	-2.9396830008172996	2.9396830008172996
YDR278C	-2.9380838048040383	2.9380838048040383
YIL071W-A	-2.936500490079327	2.936500490079327
YCR045C	-2.9352044508646937	2.9352044508646937
YKR012C	-2.9345696304567888	2.9345696304567888
YER014C-A	-2.9338674379020864	2.9338674379020864
YNL328C	-2.928139664285137	2.928139664285137
YLR162W	-2.92481193613178	2.92481193613178
YKR083C	-2.9201941605341624	2.9201941605341624
YHR056W-A	-2.919441675911796	2.919441675911796
YGR051C	-2.918842863360747	2.918842863360747
YGL138C	-2.9164139199148993	2.9164139199148993
YJR150C	-2.9163908085948327	2.9163908085948327
YDL163W	-2.915988441249331	2.915988441249331
YLR070C	-2.915732257414332	2.915732257414332
YMR094W	-2.9147723654715194	2.9147723654715194
YKL131W	-2.9108678307174083	2.9108678307174083
YIL032C	-2.9107145959179563	2.9107145959179563
YDR322C-A	-2.9095985985161272	2.9095985985161272
YMR279C	-2.9054374938123284	2.9054374938123284
YGL220W	-2.904072624203681	2.904072624203681
YHL009W-B	-2.9002120287175606	2.9002120287175606
YFL034C-A	-2.8997630371503695	2.8997630371503695
YNR060W	-2.899724735612647	2.899724735612647
YGR290W	-2.8996699539216704	2.8996699539216704
YDR267C	-2.8921524614994754	2.8921524614994754
YJR010C-A	-2.8894870878111583	2.8894870878111583
YDL211C	-2.884122277051099	2.884122277051099
YLR434C	-2.8838985701385305	2.8838985701385305
YER096W	-2.8761097759494128	2.8761097759494128
YIR017C	-2.875699365853431	2.875699365853431
YDR121W	-2.8707979173984555	2.8707979173984555
YMR138W	-2.8681961255826742	2.8681961255826742
YML087C	-2.868169769747044	2.868169769747044
YCR022C	-2.862627367852695	2.862627367852695
YDL200C	-2.8618279429950917	2.8618279429950917
YDR066C	-2.860609043404779	2.860609043404779
YPL025C	-2.8546298735993854	2.8546298735993854
YBL018C	-2.851509900152164	2.851509900152164
YBR297W	-2.851386971049508	2.851386971049508
YDL114W	-2.8487249987390677	2.8487249987390677
YMR077C	-2.8480804681091936	2.8480804681091936
YDR380W	-2.844266337643796	2.844266337643796
YNL034W	-2.839899541448829	2.839899541448829
YGR030C	-2.8376974575492913	2.8376974575492913
YLR410W-A	2.8334025125088154	2.8334025125088154
YBR176W	-2.8320898012047366	2.8320898012047366
YOR325W	-2.8304926487519264	2.8304926487519264
YGR256W	-2.825448544847248	2.825448544847248
YML034C-A	-2.8241310913532485	2.8241310913532485
YLR457C	-2.824111058414909	2.824111058414909
YPR082C	-2.821214705447453	2.821214705447453
YDR521W	-2.819144511833186	2.819144511833186
YHR132W-A	-2.8183994365080745	2.8183994365080745
YKL223W	-2.816452268212662	2.816452268212662
YIR040C	-2.816452268212662	2.816452268212662
YDR305C	-2.8151899664168054	2.8151899664168054
YLR308W	-2.815185511545553	2.815185511545553
YGL051W	-2.8075496281996744	2.8075496281996744
YAR075W	-2.8058310140184566	2.8058310140184566
YLL057C	-2.8051077508301727	2.8051077508301727
YNR069C	-2.804550878679463	2.804550878679463
YPL099C	-2.801887107491675	2.801887107491675
YJL175W	-2.8006779131258335	2.8006779131258335
YPL130W	-2.8006347163408787	2.8006347163408787
YHR130C	-2.7991746565987228	2.7991746565987228
YNL033W	-2.7988330996934767	2.7988330996934767
YMR135W-A	-2.797734595185547	2.797734595185547
YGR251W	-2.7975248327937203	2.7975248327937203
YHR189W	-2.793671159778137	2.793671159778137
YHR140W	-2.7855640951906944	2.7855640951906944
YCR060W	-2.783584031722902	2.783584031722902
YDR136C	-2.7743011473979347	2.7743011473979347
YMR122C	-2.773408106635544	2.773408106635544
YGR164W	-2.771715099212826	2.771715099212826
YER145C-A	-2.7662157046494222	2.7662157046494222
YOR159C	-2.7615177288558095	2.7615177288558095
YHL018W	-2.760370900915421	2.760370900915421
YBL109W	-2.7581312140838197	2.7581312140838197
YAL004W	-2.7571879718837993	2.7571879718837993
YDR018C	-2.757075615987129	2.757075615987129
YGR087C	-2.755061282783913	2.755061282783913
YGL024W	-2.7540260903656755	2.7540260903656755
YLR407W	-2.7506468712585534	2.7506468712585534
YIL028W	-2.7442131212452208	2.7442131212452208
YOR237W	-2.741281251458398	2.741281251458398
YKL071W	-2.740360271560963	2.740360271560963
YHL037C	-2.738678773108492	2.738678773108492
YNL266W	-2.7366877556456193	2.7366877556456193
YER147C-A	-2.7337352273273154	2.7337352273273154
YEL035C	-2.7300862190013335	2.7300862190013335
YDL169C	-2.7278203323755426	2.7278203323755426
YIL165C	-2.7248738617015054	2.7248738617015054
YPL197C	-2.722923863768782	2.722923863768782
YPL257W	-2.7162220628802602	2.7162220628802602
YIL099W	-2.7159499892865355	2.7159499892865355
YLR230W	-2.714576207906532	2.714576207906532
YOR150W	-2.7134253725615665	2.7134253725615665
YDR024W	-2.7122568296450855	2.7122568296450855
YGR203W	-2.7101108856607246	2.7101108856607246
YIR024C	-2.705187763794867	2.705187763794867
YOR214C	-2.705039779267437	2.705039779267437
YBL002W	-2.70437350137858	2.70437350137858
YKL006W	-2.7017488346248815	2.7017488346248815
YIL173W	-2.7004992752838453	2.7004992752838453
YOR376W	-2.6987124554102175	2.6987124554102175
YMR225C	-2.695464470025855	2.695464470025855
YHR184W	-2.693274091719495	2.693274091719495
YLR297W	-2.6822381749762054	2.6822381749762054
YMR303C	-2.6820768469365506	2.6820768469365506
YBL107C	-2.669620154042615	2.669620154042615
YBR040W	-2.6684811207443517	2.6684811207443517
YKL153W	2.668466508410354	2.668466508410354
YDL209C	-2.6684191427789448	2.6684191427789448
YMR017W	-2.664238120504377	2.664238120504377
YLR312C	-2.661743518681065	2.661743518681065
YJL115W	-2.661741374697994	2.661741374697994
YKL225W	-2.6597199365875035	2.6597199365875035
YGL164C	-2.6591807679192465	2.6591807679192465
YGL230C	-2.6512014156469954	2.6512014156469954
YBR051W	-2.646847828322672	2.646847828322672
YOR179C	-2.644958850801619	2.644958850801619
YIL030W-A	-2.6434806572029244	2.6434806572029244
YDL219W	-2.6432636245039163	2.6432636245039163
YDL086C-A	-2.639140892101978	2.639140892101978
YDR344C	-2.6390553096606846	2.6390553096606846
YPL034W	-2.63448084780852	2.63448084780852
YNL339C	-2.631696158992846	2.631696158992846
YGR139W	-2.6307532329592633	2.6307532329592633
YKL167C	-2.630540799551328	2.630540799551328
YBR076W	-2.626843231401609	2.626843231401609
YGR067C	-2.623726531382288	2.623726531382288
YLL014W	-2.619697955288272	2.619697955288272
YPL277C	-2.618999851422572	2.618999851422572
YFR054C	-2.617314011968068	2.617314011968068
YBR253W	2.6158766803914593	2.6158766803914593
YNL018C	-2.614145563193354	2.614145563193354
YIL066W-A	-2.6130665625070266	2.6130665625070266
YDR539W	-2.6098748267925087	2.6098748267925087
YML116W-A	-2.6074505096995857	2.6074505096995857
YEL026W	-2.6050429476439962	2.6050429476439962
YNL324W	-2.6018837827466443	2.6018837827466443
YDL094C	-2.6004109056948517	2.6004109056948517
YEL070W	-2.5996966460127444	2.5996966460127444
YPL108W	-2.598215783977432	2.598215783977432
YDR253C	-2.5961144857361664	2.5961144857361664
YNL133C	-2.5892208947115494	2.5892208947115494
YDR460W	-2.5880378335595764	2.5880378335595764
YDL221W	-2.587069920626975	2.587069920626975
YJL064W	-2.5865884810883637	2.5865884810883637
YLR125W	-2.5819783881340577	2.5819783881340577
YOR345C	-2.581385878227849	2.581385878227849
YHR212C	-2.58137327656271	2.58137327656271
YAR060C	-2.58137327656271	2.58137327656271
YJR047C	-2.5807333953064227	2.5807333953064227
YMR193C-A	-2.579484146079409	2.579484146079409
YER048W-A	-2.5765012309816466	2.5765012309816466
YPR146C	-2.5763056829275746	2.5763056829275746
YIL029W-A	-2.5736506562085055	2.5736506562085055
YPL046C	-2.5671257836031542	2.5671257836031542
YPR093C	-2.5644855836602027	2.5644855836602027
YGR075C	-2.559561322770664	2.559561322770664
YGR043C	-2.5507540241381954	2.5507540241381954
YHR165W-A	-2.5504830100091676	2.5504830100091676
YJR020W	-2.549094953366034	2.549094953366034
YBR250W	-2.545725107992949	2.545725107992949
YOR333C	-2.5445865926442774	2.5445865926442774
YOR285W	-2.542442465281016	2.542442465281016
YDL218W	-2.539454453389709	2.539454453389709
YOL091W	-2.538447103147451	2.538447103147451
YLL030C	-2.5340224597599392	2.5340224597599392
YLR004C	-2.533241585821856	2.533241585821856
YDL152W	-2.5301603243171784	2.5301603243171784
YMR228W	-2.52835354196913	2.52835354196913
YLR312W-A	-2.5257717679685134	2.5257717679685134
YDR447C	-2.515225541571179	2.515225541571179
YGR293C	-2.509611480814005	2.509611480814005
YJL143W	-2.504728082469361	2.504728082469361
YMR316C-B	-2.4960494873561467	2.4960494873561467
YNL136W	-2.4896842994509307	2.4896842994509307
YJR114W	-2.489591553866757	2.489591553866757
YJL077C	-2.4887856835260465	2.4887856835260465
YJR067C	-2.4867928459436497	2.4867928459436497
YMR112C	-2.478818850004259	2.478818850004259
YMR195W	-2.4778368614215385	2.4778368614215385
YOR095C	-2.4767601074118275	2.4767601074118275
YOR358W	-2.476475122881462	2.476475122881462
YJL161W	-2.475880796163566	2.475880796163566
YGL102C	-2.470236189472628	2.470236189472628
YGR109W-A	-2.4688124592903655	2.4688124592903655
YLL061W	-2.4680862698334614	2.4680862698334614
YAL065C	-2.4670525162751167	2.4670525162751167
YBR255C-A	-2.4653969274813634	2.4653969274813634
YLR042C	-2.464265475836913	2.464265475836913
YOL054W	-2.4641604849944017	2.4641604849944017
YPR204W	-2.463827361428473	2.463827361428473
YJR153W	-2.4636595785472686	2.4636595785472686
YCL022C	-2.4632635539747043	2.4632635539747043
YAL026C-A	-2.462931849890844	2.462931849890844
YNL277W	-2.4624093372994826	2.4624093372994826
YGR022C	-2.4607570302958495	2.4607570302958495
YML122C	-2.4591218429950876	2.4591218429950876
YPL107W	-2.4578802395991675	2.4578802395991675
YDR163W	-2.45672344626933	2.45672344626933
YIR025W	-2.4528002585954587	2.4528002585954587
YDR402C	-2.452353514728569	2.452353514728569
YIL057C	-2.4468053547241335	2.4468053547241335
YKR104W	-2.445504865800212	2.445504865800212
YLR081W	-2.4394440440233467	2.4394440440233467
YHR014W	-2.437780095096845	2.437780095096845
YPL052W	-2.4365514988365877	2.4365514988365877
YDL085W	-2.434342073690191	2.434342073690191
YPL060C-A	2.432195367567413	2.432195367567413
YML036W	-2.4291198616251313	2.4291198616251313
YGR206W	-2.425294533336582	2.425294533336582
YAL019W-A	-2.425178343537235	2.425178343537235
YOR097C	-2.424433485540459	2.424433485540459
YBR188C	-2.42230037821769	2.42230037821769
YLR137W	-2.422228692679621	2.422228692679621
YNL213C	-2.421117111116512	2.421117111116512
YLL033W	-2.4179566241284975	2.4179566241284975
YHR069C-A	-2.416816365407287	2.416816365407287
YBR018C	-2.414715053835352	2.414715053835352
YOR327C	-2.4142966419845573	2.4142966419845573
YJR012C	-2.413670685033858	2.413670685033858
YIL139C	-2.411775090567576	2.411775090567576
YER084W	-2.410232261424482	2.410232261424482
YGR039W	-2.406620935991095	2.406620935991095
YMR159C	-2.3988833995513916	2.3988833995513916
YLR435W	-2.3975722662547394	2.3975722662547394
YPL238C	-2.3974913951614893	2.3974913951614893
YBL043W	-2.3957871716834065	2.3957871716834065
YDL118W	-2.395766210063434	2.395766210063434
YNL269W	-2.3887970397743046	2.3887970397743046
YPR177C	-2.3868072493020396	2.3868072493020396
YPL282C	-2.383186731410346	2.383186731410346
YOR394W	-2.383186731410346	2.383186731410346
YNL128W	-2.381314991792496	2.381314991792496
YLL018C-A	-2.378310700789957	2.378310700789957
YOL071W	-2.3774645817585878	2.3774645817585878
YNR036C	-2.376753257885854	2.376753257885854
YHL012W	-2.372224706328316	2.372224706328316
YNL146W	-2.371528278342508	2.371528278342508
YJR135C	-2.371046970902759	2.371046970902759
YCL021W-A	-2.3689494339843318	2.3689494339843318
YOL134C	-2.3687045051549633	2.3687045051549633
YNL081C	-2.3686129984260234	2.3686129984260234
YBR173C	-2.364404202049421	2.364404202049421
YML037C	-2.363316541482089	2.363316541482089
YHR039C-A	-2.363217003093247	2.363217003093247
YDR274C	-2.3617192415919126	2.3617192415919126
YDL011C	-2.361660392649592	2.361660392649592
YHR160C	-2.349833352842641	2.349833352842641
YDL059C	-2.344830136019546	2.344830136019546
YBR122C	-2.3442036439083296	2.3442036439083296
YLR339C	-2.3420364633168576	2.3420364633168576
YDR535C	-2.3408628070676136	2.3408628070676136
YAR031W	-2.3408463691236356	2.3408463691236356
YML083C	-2.3392302969809498	2.3392302969809498
YJR011C	-2.33127164794018	2.33127164794018
YKL016C	-2.3294610291204236	2.3294610291204236
YNL203C	-2.326869832461038	2.326869832461038
YNL179C	-2.3236885414426687	2.3236885414426687
YBR300C	-2.316893566584165	2.316893566584165
YJL096W	-2.31595095668807	2.31595095668807
YNR058W	-2.3152255909083337	2.3152255909083337
YLR171W	-2.3142355195785833	2.3142355195785833
YGR161C-D	2.3122797405023343	2.3122797405023343
YLR122C	-2.308369079384807	2.308369079384807
YOR381W	-2.3072316111399442	2.3072316111399442
YGL089C	-2.3072076851497627	2.3072076851497627
YJR038C	-2.3072076851497627	2.3072076851497627
YFL012W-A	-2.3057138550954446	2.3057138550954446
YKR033C	-2.3035358126316474	2.3035358126316474
YOR135C	-2.302906777659209	2.302906777659209
YHR162W	-2.302667357982429	2.302667357982429
YHR126C	-2.302289002746662	2.302289002746662
YAR066W	-2.2897411613355874	2.2897411613355874
YOL024W	-2.2860528284955133	2.2860528284955133
YIL100C-A	-2.2806244673903446	2.2806244673903446
YGL002W	-2.27944049221746	2.27944049221746
YPR015C	-2.279048262059662	2.279048262059662
YFR036W-A	-2.278780704733295	2.278780704733295
YDR051C	-2.2783412206731724	2.2783412206731724
YMR227C	-2.2775137435890453	2.2775137435890453
YKL214C	-2.276335750151908	2.276335750151908
YCL001W-A	-2.275781488096086	2.275781488096086
YAL025C	-2.2680075774210238	2.2680075774210238
YNL009W	-2.2673753205648026	2.2673753205648026
YJL216C	-2.2605460424035853	2.2605460424035853
YHL034W-A	-2.260351992475742	2.260351992475742
YOR279C	-2.259316174254959	2.259316174254959
YER188C-A	-2.258682137419183	2.258682137419183
YHR081W	-2.2580669661489443	2.2580669661489443
YBL044W	-2.256061621446811	2.256061621446811
YHR219W	2.250933406666996	2.250933406666996
YJL217W	-2.2489261247312955	2.2489261247312955
YDR319C	-2.248185076336409	2.248185076336409
YMR126C	-2.2423295785308213	2.2423295785308213
YDR078C	-2.240966374562329	2.240966374562329
YHR022C	-2.2330035934647263	2.2330035934647263
YGL204C	-2.232034999540409	2.232034999540409
YMR095C	-2.2320128916434827	2.2320128916434827
YIL164C	-2.2305651743723747	2.2305651743723747
YGL250W	-2.2279259796766597	2.2279259796766597
YOR094W	-2.2271508688635793	2.2271508688635793
YJR057W	-2.2268116422135726	2.2268116422135726
YGL224C	-2.225825039421488	2.225825039421488
YGR137W	-2.2216484079990186	2.2216484079990186
YNL086W	-2.2174595575461713	2.2174595575461713
YOL146W	-2.2170442206225998	2.2170442206225998
YNL017C	-2.2107133579470934	2.2107133579470934
YJR058C	-2.208824486670252	2.208824486670252
YMR151W	2.2083106654275637	2.2083106654275637
YPR062W	-2.208178567186275	2.208178567186275
YPR150W	-2.203878585255376	2.203878585255376
YBR144C	-2.196857609846349	2.196857609846349
YPR123C	-2.196410446765404	2.196410446765404
YIL111W	-2.1961039060384664	2.1961039060384664
YJR136C	-2.1930043598572313	2.1930043598572313
YER002W	-2.1916150057292088	2.1916150057292088
YMR057C	-2.1837145299923675	2.1837145299923675
YPR063C	-2.183029042728049	2.183029042728049
YDR203W	-2.1803284321551777	2.1803284321551777
YER079C-A	-2.1762963078908513	2.1762963078908513
YAL059C-A	-2.1755537747668456	2.1755537747668456
YNR040W	-2.1753774826603927	2.1753774826603927
YFR027W	-2.172989827307134	2.172989827307134
YJR028W	-2.172628406417754	2.172628406417754
YPR137C-A	-2.172628406417754	2.172628406417754
YAR010C	-2.172628406417754	2.172628406417754
YHR167W	-2.170934043198878	2.170934043198878
YPR077C	-2.170119026722999	2.170119026722999
YGR059W	-2.169063689507579	2.169063689507579
YMR132C	-2.161947260857248	2.161947260857248
YOR343C	-2.1604593349788344	2.1604593349788344
YJL199C	-2.1604593349788344	2.1604593349788344
YDR261C-C	-2.1594623362657703	2.1594623362657703
YHR071C-A	-2.155549706776512	2.155549706776512
YMR158W	-2.154893574487523	2.154893574487523
YDR473C	-2.1536790601902718	2.1536790601902718
YGL199C	-2.151664047886775	2.151664047886775
YFL020C	-2.150594219430636	2.150594219430636
YPR168W	-2.148618517380247	2.148618517380247
YOR079C	-2.1469205192688405	2.1469205192688405
YLR311C	-2.146599430341748	2.146599430341748
YKL188C	-2.1413533479778994	2.1413533479778994
YGR045C	-2.138892709020765	2.138892709020765
YGL081W	-2.1348738925245194	2.1348738925245194
YNL012W	-2.1333298023034093	2.1333298023034093
YJR102C	-2.1313443611740404	2.1313443611740404
YPL182C	-2.1297539861508294	2.1297539861508294
YDL183C	-2.129645471314349	2.129645471314349
YOR314W	-2.125633561054561	2.125633561054561
YLR377C	-2.1229212758161826	2.1229212758161826
YBL077W	-2.122323291210871	2.122323291210871
YDL096C	-2.122104954882317	2.122104954882317
Q0010	-2.1187670008549015	2.1187670008549015
YDL139C	-2.117401392099689	2.117401392099689
YER137W-A	-2.114197592625807	2.114197592625807
YER106W	-2.1130167509473647	2.1130167509473647
YIL012W	-2.110445512284634	2.110445512284634
YLR037C	-2.10928195244985	2.10928195244985
YJL215C	-2.1067338138329093	2.1067338138329093
YOR104W	-2.1052051013283695	2.1052051013283695
YBL065W	-2.1005386828891006	2.1005386828891006
YHR137C-A	-2.1004559557107143	2.1004559557107143
YBR219C	-2.092081018644115	2.092081018644115
YLL067C	2.0874436249100157	2.0874436249100157
YGL158W	-2.086326480860625	2.086326480860625
YOR050C	-2.086276756157118	2.086276756157118
YPL017C	-2.085621189448855	2.085621189448855
YGR121C	-2.0846641105917847	2.0846641105917847
YPR197C	-2.08074959655152	2.08074959655152
YHR093W	-2.0805178031793754	2.0805178031793754
YML133C	-2.078422664351029	2.078422664351029
YOL112W	-2.0763208395399833	2.0763208395399833
YKL097C	-2.0731031334317582	2.0731031334317582
YIR036W-A	-2.0708392745104423	2.0708392745104423
YJR037W	-2.0698401517098075	2.0698401517098075
YLR294C	-2.06860971590367	2.06860971590367
YNL270C	-2.068112937731203	2.068112937731203
YGR265W	-2.0654171081983383	2.0654171081983383
YHL009W-A	-2.063998594468595	2.063998594468595
YPR094W	-2.063523430590126	2.063523430590126
YNL319W	-2.0633480301389224	2.0633480301389224
YLR030W	-2.062864570905492	2.062864570905492
YHR153C	-2.0615912364114983	2.0615912364114983
YDR316W	-2.058965286816801	2.058965286816801
YCR027C	-2.058484558466765	2.058484558466765
YDL214C	-2.05727875860447	2.05727875860447
YFL015C	-2.0572596007848594	2.0572596007848594
YEL053W-A	-2.056319789599683	2.056319789599683
YBR111W-A	-2.053202021584945	2.053202021584945
YIR005W	-2.0502512955479935	2.0502512955479935
YDL244W	-2.0491625439118315	2.0491625439118315
YBR033W	-2.048669544504043	2.048669544504043
YPR167C	-2.0472358443017376	2.0472358443017376
YOR244W	-2.0453945238034095	2.0453945238034095
YML123C	-2.045016551985905	2.045016551985905
YDL187C	-2.0440737317444673	2.0440737317444673
YLR232W	-2.042140548903452	2.042140548903452
YHR215W	-2.039753893954452	2.039753893954452
YJL142C	-2.0362381189368874	2.0362381189368874
YNL185C	-2.028300716373278	2.028300716373278
YBR124W	-2.028000115600869	2.028000115600869
YGR069W	-2.024769250087447	2.024769250087447
YLR461W	-2.0241781420632665	2.0241781420632665
YOL008W	-2.0238975053049764	2.0238975053049764
YJR078W	-2.0238558988527924	2.0238558988527924
YGL261C	-2.0235678234657	2.0235678234657
YGR294W	-2.0235678234657	2.0235678234657
YLR349W	-2.0219635292304976	2.0219635292304976
YEL024W	-2.0208897513948685	2.0208897513948685
YNL237W	-2.0198384910899385	2.0198384910899385
YKL096W-A	-2.0178707631837063	2.0178707631837063
YNR068C	-2.0142163227790593	2.0142163227790593
YOR292C	-2.0103699256118612	2.0103699256118612
YLR341W	-2.0071270252614424	2.0071270252614424
YFL003C	-2.006049088095394	2.006049088095394
YPR046W	-2.0058630878964747	2.0058630878964747
YIL020C	-2.0058178684098413	2.0058178684098413
YDR090C	-2.003127176089908	2.003127176089908
YFL046W	-2.0027060776267547	2.0027060776267547
YLR213C	-2.002329691891208	2.002329691891208
YDL165W	-1.997940082672729	1.997940082672729
YLR080W	-1.9901053716644403	1.9901053716644403
YNL114C	-1.9897069825118632	1.9897069825118632
YDL196W	-1.987975816386566	1.987975816386566
YIL087C	-1.986812100386207	1.986812100386207
YMR293C	-1.9799259944575498	1.9799259944575498
YMR022W	-1.9775010548726577	1.9775010548726577
YER076W-A	-1.976844874751273	1.976844874751273
YAR069C	-1.9767219093297301	1.9767219093297301
YHR214C-D	-1.9767219093297301	1.9767219093297301
YCL012C	-1.9764100277141572	1.9764100277141572
YPL205C	-1.9761375513170112	1.9761375513170112
YML094C-A	-1.9741591037152524	1.9741591037152524
YCR076C	-1.9729200918025023	1.9729200918025023
YGL146C	-1.9631811196031848	1.9631811196031848
YIL132C	-1.9592186060422963	1.9592186060422963
YDL162C	-1.9591619703105525	1.9591619703105525
YLR363C	-1.958168293123859	1.958168293123859
YJR160C	-1.9505704560514898	1.9505704560514898
YCL042W	-1.9496055645947026	1.9496055645947026
YPL143W	-1.9495147922229075	1.9495147922229075
YLR128W	-1.9494697773339031	1.9494697773339031
YGL249W	-1.9469545680178424	1.9469545680178424
YPR186C	-1.9429735553175171	1.9429735553175171
YGL087C	-1.9397704283988082	1.9397704283988082
YKL119C	-1.9367268493785152	1.9367268493785152
YBR233W-A	-1.9354850685256189	1.9354850685256189
YDR030C	-1.9340794550375384	1.9340794550375384
YHR110W	-1.933422835046736	1.933422835046736
YPR153W	-1.9333718922114258	1.9333718922114258
YOR283W	-1.9331368266166278	1.9331368266166278
YMR306W	-1.9290910300742214	1.9290910300742214
YJL114W	-1.9265237331002758	1.9265237331002758
YBR251W	-1.9219355664856321	1.9219355664856321
YNL093W	-1.9152889184407336	1.9152889184407336
YER152W-A	-1.9112106430117612	1.9112106430117612
YGR284C	-1.9110492630353342	1.9110492630353342
YOL132W	-1.9073412124989244	1.9073412124989244
YGR107W	-1.9062007537357832	1.9062007537357832
YOL164W	-1.9050267530041483	1.9050267530041483
YGL018C	-1.8991162176680754	1.8991162176680754
YJL119C	-1.8974480670404708	1.8974480670404708
YGR280C	-1.897230135480367	1.897230135480367
YCR043C	-1.8969473946104252	1.8969473946104252
YAL063C	-1.891714661807583	1.891714661807583
YHL006C	-1.8908820100630508	1.8908820100630508
YPL211W	-1.8891813113436662	1.8891813113436662
YDL024C	-1.8887796720143748	1.8887796720143748
YOR228C	-1.886176451394157	1.886176451394157
YDR512C	-1.8853228102979154	1.8853228102979154
YMR056C	-1.8837577716166098	1.8837577716166098
YDR063W	-1.8822691071667643	1.8822691071667643
YHR060W	-1.87589400832056	1.87589400832056
YDR509W	-1.8741763135206984	1.8741763135206984
YLR146C	-1.873700254123201	1.873700254123201
YOR257W	-1.8715328851930204	1.8715328851930204
YER030W	-1.8711954340458314	1.8711954340458314
YGL050W	-1.8697256868493053	1.8697256868493053
YKL118W	-1.865989774590118	1.865989774590118
YNR024W	-1.8645399417688742	1.8645399417688742
YHL016C	-1.862634664107409	1.862634664107409
YNR020C	-1.859876558489204	1.859876558489204
YNL089C	-1.858001483288246	1.858001483288246
YLR262C	-1.8557890073226782	1.8557890073226782
YIL047C-A	-1.8491187163288672	1.8491187163288672
YLL017W	-1.848927932188283	1.848927932188283
YBR045C	-1.841239250235525	1.841239250235525
YOR057W	-1.8400192021973645	1.8400192021973645
YPR131C	-1.835488882249316	1.835488882249316
YDR446W	-1.8350509680634997	1.8350509680634997
YBR293W	-1.8289266814295324	1.8289266814295324
YER044C-A	-1.823312037942073	1.823312037942073
YHL045W	-1.822875002014404	1.822875002014404
YPL152W	-1.8197315105812506	1.8197315105812506
YDL110C	-1.8188749967453166	1.8188749967453166
YPR199C	-1.810294828651939	1.810294828651939
YBR077C	-1.8087669629894503	1.8087669629894503
YNL226W	-1.8086428411037603	1.8086428411037603
YKR097W	-1.806654560702067	1.806654560702067
YDR242W	-1.8043981430628229	1.8043981430628229
YER139C	-1.8043843319945898	1.8043843319945898
YMR014W	-1.801137983309073	1.801137983309073
YLR346C	-1.7979817415639148	1.7979817415639148
YNR034W-A	-1.7942710616965458	1.7942710616965458
YGR141W	-1.7941101839839293	1.7941101839839293
YFR003C	-1.7908749927699157	1.7908749927699157
YOR013W	-1.7904038846759849	1.7904038846759849
YOR126C	-1.7897533777267096	1.7897533777267096
Q0115	-1.7886171450995345	1.7886171450995345
YBR266C	-1.788253335610822	1.788253335610822
YOR357C	-1.7799445588238179	1.7799445588238179
YER131W	-1.7780483104841291	1.7780483104841291
YBR252W	-1.776843893161474	1.776843893161474
YDR482C	-1.7736691614967457	1.7736691614967457
YNL113W	-1.773224027978407	1.773224027978407
YOL080C	-1.7713231186977971	1.7713231186977971
YLL052C	-1.7686863897079284	1.7686863897079284
YKR061W	-1.7675857544873956	1.7675857544873956
YDL044C	-1.766079803223572	1.766079803223572
YIL127C	-1.7627803149366557	1.7627803149366557
YOL135C	-1.759412169638546	1.759412169638546
YFR056C	-1.7585152722591084	1.7585152722591084
YKL018C-A	-1.7559817669223095	1.7559817669223095
YBR037C	-1.7514947662043152	1.7514947662043152
YGL187C	-1.7481299034997075	1.7481299034997075
YGL191W	-1.7478542628996765	1.7478542628996765
YHR021W-A	-1.7475867521232629	1.7475867521232629
YFR032C	-1.7403495609407211	1.7403495609407211
YBR120C	-1.7398123864214075	1.7398123864214075
YEL030C-A	-1.7395619029351037	1.7395619029351037
YPL036W	-1.7383296613690749	1.7383296613690749
YOR318C	-1.73594199970688	1.73594199970688
YHR144C	-1.7353095514001522	1.7353095514001522
YJR101W	-1.7352435053064372	1.7352435053064372
YIL136W	-1.7349521957849596	1.7349521957849596
YPR192W	-1.7310437720150795	1.7310437720150795
YKR037C	-1.730895334380591	1.730895334380591
YFR001W	-1.7289429275354307	1.7289429275354307
YFR055W	-1.7263486171938505	1.7263486171938505
YPR071W	-1.7222589632820045	1.7222589632820045
YOR020W-A	-1.719469761887483	1.719469761887483
YML039W	-1.719133974663671	1.719133974663671
YOR177C	-1.716988191489941	1.716988191489941
YDR412W	-1.7159981113136462	1.7159981113136462
YOL153C	-1.7157314735423905	1.7157314735423905
YBR184W	-1.7117351549604312	1.7117351549604312
YOR389W	-1.709425065830573	1.709425065830573
YLR316C	-1.7085764285304514	1.7085764285304514
YIL051C	-1.7074735406992971	1.7074735406992971
YPL229W	-1.7057801835888662	1.7057801835888662
YML042W	-1.705415904337173	1.705415904337173
YIR041W	-1.704835308243556	1.704835308243556
YNL289W	-1.7014964037644562	1.7014964037644562
YAR033W	-1.6945760261631637	1.6945760261631637
YDR058C	-1.6925318269600371	1.6925318269600371
YLL002W	-1.692145414681613	1.692145414681613
YJL120W	-1.6897185141685709	1.6897185141685709
YOR284W	-1.689027603465365	1.689027603465365
YMR294W	-1.686217866904041	1.686217866904041
YDR112W	-1.6836779369529429	1.6836779369529429
YPR085C	-1.6829524419330113	1.6829524419330113
YCL075W	-1.6795671202035338	1.6795671202035338
YDL172C	-1.6786138228834155	1.6786138228834155
YKR020W	-1.6783387628179778	1.6783387628179778
YGR273C	-1.6780881145860493	1.6780881145860493
YLR462W	-1.6775130582677003	1.6775130582677003
YEL049W	-1.6770401108002937	1.6770401108002937
YPL132W	-1.6750632657819353	1.6750632657819353
YPR014C	-1.6750351833935473	1.6750351833935473
YLR012C	-1.6741704222742673	1.6741704222742673
YOR287C	-1.6731069838113646	1.6731069838113646
YEL004W	-1.6703252305272862	1.6703252305272862
YHR122W	-1.6694408847403102	1.6694408847403102
YNR056C	-1.667024972618711	1.667024972618711
YOR115C	-1.664147114726525	1.664147114726525
YFR057W	-1.6615056687581764	1.6615056687581764
YMR188C	-1.6614378582181821	1.6614378582181821
YKR069W	-1.660888923678514	1.660888923678514
YNL195C	-1.6605332699749145	1.6605332699749145
YLR112W	-1.6594122298406893	1.6594122298406893
YPL156C	-1.6593023016522688	1.6593023016522688
YLR164W	-1.6536181031206483	1.6536181031206483
YML022W	-1.6528657575693018	1.6528657575693018
YDL023C	-1.6487779317271531	1.6487779317271531
YMR050C	-1.648033608569468	1.648033608569468
YJR055W	-1.6475938579930443	1.6475938579930443
YPR170C	-1.6457579891807277	1.6457579891807277
YDR106W	-1.6434276207726017	1.6434276207726017
YMR041C	-1.6425845596649884	1.6425845596649884
YBR085W	-1.6376067845384945	1.6376067845384945
YGL217C	-1.6366375314269028	1.6366375314269028
YGR082W	-1.6360906610312371	1.6360906610312371
YFL056C	-1.634652319111603	1.634652319111603
YJL089W	-1.6335455860117287	1.6335455860117287
YPL250C	-1.6311737768459205	1.6311737768459205
YML003W	-1.6309297150810331	1.6309297150810331
YEL012W	-1.6306269474541137	1.6306269474541137
YJR112W	-1.6300745313756444	1.6300745313756444
YPL114W	-1.6290170530759631	1.6290170530759631
YLR054C	-1.623732514431865	1.623732514431865
YMR052W	-1.6231426392610393	1.6231426392610393
YDL068W	-1.6230185467025744	1.6230185467025744
YBL029C-A	-1.6225663469245175	1.6225663469245175
YNL331C	-1.621802335635115	1.621802335635115
YDR489W	-1.621647897522661	1.621647897522661
YJL192C	-1.6214159657483105	1.6214159657483105
YOR028C	-1.6206383863001812	1.6206383863001812
YOR139C	-1.6196551234607068	1.6196551234607068
YHR177W	-1.6195245223336774	1.6195245223336774
YGR006W	-1.6188551645136737	1.6188551645136737
YEL077C	-1.6155661024032346	1.6155661024032346
YGL088W	-1.615537137442006	1.615537137442006
YOR106W	-1.614847484166745	1.614847484166745
YPL258C	-1.6133941358660882	1.6133941358660882
YGR031C-A	-1.613037432558444	1.613037432558444
YOR192C	-1.61296424483416	1.61296424483416
YDR210C-C	1.6112443818783895	1.6112443818783895
YDR021W	-1.6108348990778145	1.6108348990778145
YLR184W	-1.610774559377984	1.610774559377984
YJR115W	-1.6093013905323366	1.6093013905323366
YBR109C	-1.6090253660923262	1.6090253660923262
YBL057C	-1.607923517256502	1.607923517256502
YDR417C	-1.6076660581252704	1.6076660581252704
YDR010C	-1.6063587614048487	1.6063587614048487
YIL167W	-1.6045547724196965	1.6045547724196965
YPL251W	-1.6038805974513592	1.6038805974513592
YKR074W	-1.6035295155912621	1.6035295155912621
YAR050W	-1.6029607130164636	1.6029607130164636
YCR015C	-1.6021172989872108	1.6021172989872108
YPL170W	-1.5959959572768927	1.5959959572768927
YNL056W	-1.5948276989899721	1.5948276989899721
YPL255W	-1.5929712109141803	1.5929712109141803
YPL054W	-1.5914176377936333	1.5914176377936333
YIR008C	-1.5901232480169076	1.5901232480169076
YPL041C	-1.5854312910116946	1.5854312910116946
YJL153C	-1.5845071214418822	1.5845071214418822
YOL129W	-1.582860657441488	1.582860657441488
YOL005C	-1.5803284147874939	1.5803284147874939
YBL064C	-1.5795746707676317	1.5795746707676317
YEL076C	-1.5781094147495551	1.5781094147495551
YBR032W	-1.577552292611612	1.577552292611612
YKL040C	-1.5770340201703075	1.5770340201703075
YOR236W	-1.576797274774517	1.576797274774517
YNL196C	-1.575457072983828	1.575457072983828
YER066C-A	-1.57424065054358	1.57424065054358
YCR075C	-1.573367310268381	1.573367310268381
YKR046C	-1.5731346825094485	1.5731346825094485
YKL093W	-1.5703027210065783	1.5703027210065783
YCL001W	-1.569805956048949	1.569805956048949
YFR052C-A	-1.5659208006574024	1.5659208006574024
YBL108W	-1.5659208006574024	1.5659208006574024
YPL056C	-1.5659208006574024	1.5659208006574024
YHR124W	-1.5645358504988733	1.5645358504988733
YOR252W	-1.5640909291384846	1.5640909291384846
YJL065C	-1.563966393473665	1.563966393473665
YLR282C	-1.5634060349384242	1.5634060349384242
YGR101W	-1.5584181359908218	1.5584181359908218
YNL235C	-1.5566807566554957	1.5566807566554957
YPL067C	1.5561449274852253	1.5561449274852253
YIL065C	-1.5537630744121094	1.5537630744121094
YFL068W	-1.5520285996304777	1.5520285996304777
YLL066W-A	-1.5520285996304777	1.5520285996304777
YML133W-B	-1.5520285996304777	1.5520285996304777
YLL067W-A	-1.5520285996304777	1.5520285996304777
YNL339W-B	-1.5520285996304777	1.5520285996304777
YHR219C-A	-1.5520285996304777	1.5520285996304777
YNL014W	-1.5511652748633695	1.5511652748633695
YNL142W	-1.5504413830752775	1.5504413830752775
YDL006W	-1.548404784879061	1.548404784879061
YAR008W	-1.5476294940611464	1.5476294940611464
YJL024C	-1.5473631380301756	1.5473631380301756
YDL069C	-1.544180582497276	1.544180582497276
YAL064C-A	-1.5439043255846505	1.5439043255846505
YOR215C	-1.54386744331953	1.54386744331953
YMR090W	-1.5411615173179873	1.5411615173179873
YMR193W	-1.539596676426826	1.539596676426826
YIL158W	-1.5393217700732578	1.5393217700732578
YDR383C	-1.5393201598427364	1.5393201598427364
YGR081C	-1.5355148506713103	1.5355148506713103
YDR424C	-1.5320082070142005	1.5320082070142005
YOR218C	-1.5316498752211753	1.5316498752211753
YNL092W	-1.5301146460425308	1.5301146460425308
YGR289C	-1.5292875592176483	1.5292875592176483
YHR147C	-1.5278310834801996	1.5278310834801996
YGL061C	-1.5266633409487245	1.5266633409487245
YOR282W	-1.526547484374065	1.526547484374065
YPR058W	-1.5246415348835693	1.5246415348835693
YPL279C	-1.5237703612850657	1.5237703612850657
YDR179C	-1.5228312881480965	1.5228312881480965
YHR156C	-1.5211447332770742	1.5211447332770742
YER181C	-1.5181949963559287	1.5181949963559287
YBR104W	-1.5118555276089172	1.5118555276089172
YDR149C	-1.511252693787146	1.511252693787146
YPL080C	-1.5098823302374793	1.5098823302374793
YPL051W	-1.5080761142801755	1.5080761142801755
YGR236C	-1.5077128862997466	1.5077128862997466
YPL250W-A	-1.5077128862997466	1.5077128862997466
YDL153C	-1.5077090246903584	1.5077090246903584
YDL228C	-1.5064444285737957	1.5064444285737957
YLR285W	-1.5049346792549603	1.5049346792549603
YDR542W	-1.5037747709884148	1.5037747709884148
YER190W	-1.5021652774920953	1.5021652774920953
YBR213W	-1.5018214639985947	1.5018214639985947
YFR033C	-1.4994192732974412	1.4994192732974412
YCL041C	-1.4986555285548047	1.4986555285548047
YDR503C	-1.498110806528389	1.498110806528389
YGL251C	-1.4979866598129292	1.4979866598129292
YNR027W	-1.4957909241431917	1.4957909241431917
YGL091C	-1.4944184898626318	1.4944184898626318
YJR119C	-1.4925683670852656	1.4925683670852656
YJR154W	-1.491433931245104	1.491433931245104
YLR009W	-1.4913060202108976	1.4913060202108976
YKL031W	-1.486588956603648	1.486588956603648
YDL133W	-1.4854571009260784	1.4854571009260784
YPL018W	-1.4845004179982162	1.4845004179982162
YOR387C	-1.483651334625601	1.483651334625601
YIL003W	-1.481671521784552	1.481671521784552
YGR262C	-1.4781779809297886	1.4781779809297886
YBL097W	-1.477818178302452	1.477818178302452
YIR014W	-1.476419276944248	1.476419276944248
YOR049C	-1.4757032621293082	1.4757032621293082
YPL113C	-1.47484838047773	1.47484838047773
YHL050W-A	-1.4731856310325009	1.4731856310325009
YML095C	-1.471236774746413	1.471236774746413
YIR031C	-1.46973009452255	1.46973009452255
YIL157C	-1.4693300002108138	1.4693300002108138
YJL051W	1.4690475067037383	1.4690475067037383
YKL144C	-1.4686237586392368	1.4686237586392368
YLR344W	-1.4652848466317128	1.4652848466317128
YDR528W	-1.4645258195248383	1.4645258195248383
YDR073W	-1.4643124208291196	1.4643124208291196
YDR471W	-1.4624574989888997	1.4624574989888997
YCR020C	-1.4612924532292868	1.4612924532292868
YDR273W	-1.4587418867031845	1.4587418867031845
YJL072C	-1.4568663068628744	1.4568663068628744
YLR317W	1.4559947358132086	1.4559947358132086
YAR027W	-1.4558328161505942	1.4558328161505942
YBR013C	-1.4546009829683264	1.4546009829683264
YLR119W	-1.454295476984118	1.454295476984118
YDR170W-A	-1.454228112345588	1.454228112345588
YFL017C	-1.453431173264434	1.453431173264434
YGL174W	-1.451948160803925	1.451948160803925
YKL036C	-1.4505262755301955	1.4505262755301955
YKR055W	-1.4491991172400622	1.4491991172400622
YMR143W	-1.449192351856066	1.449192351856066
YDL142C	-1.447503194548915	1.447503194548915
YBL080C	-1.4470971649053048	1.4470971649053048
YDL026W	-1.445045706181605	1.445045706181605
YMR304C-A	-1.4446587235888098	1.4446587235888098
YGL047W	-1.440087600109421	1.440087600109421
YNR007C	-1.4387486063838324	1.4387486063838324
YHR168W	-1.438665335708043	1.438665335708043
YFL019C	-1.4366537888274515	1.4366537888274515
YGL010W	-1.4344986381328515	1.4344986381328515
YLR025W	-1.433382418022755	1.433382418022755
YLR116W	1.4322169678694134	1.4322169678694134
YIL177W-A	-1.431769078692208	1.431769078692208
YEL077W-A	-1.431769078692208	1.431769078692208
YJL225W-A	-1.431769078692208	1.431769078692208
YER072W	-1.431012592498261	1.431012592498261
YDR441C	-1.4308684366661435	1.4308684366661435
YPR064W	-1.4308288888772793	1.4308288888772793
YNL306W	-1.429989659589193	1.429989659589193
YML094W	-1.429317121807796	1.429317121807796
YLR221C	-1.4287001976724198	1.4287001976724198
YJL163C	-1.4275125622687908	1.4275125622687908
YJL075C	-1.4271098481407356	1.4271098481407356
YNL326C	-1.4263368490265549	1.4263368490265549
YHR036W	-1.42519228885843	1.42519228885843
YEL072W	-1.4230876242580268	1.4230876242580268
YJL103C	-1.4216827277128785	1.4216827277128785
YML080W	-1.4214554950539275	1.4214554950539275
YGR212W	1.4207212730057623	1.4207212730057623
YDR414C	-1.420548711116731	1.420548711116731
YBL046W	-1.4191086387266045	1.4191086387266045
YNL090W	-1.4176788839932746	1.4176788839932746
YIR015W	-1.417652675552457	1.417652675552457
YLR165C	-1.4169956262208991	1.4169956262208991
YAR064W	-1.4166375110149474	1.4166375110149474
YHR213W-B	-1.4166375110149474	1.4166375110149474
YOR143C	-1.415380318713213	1.415380318713213
YIL163C	-1.4151917739654845	1.4151917739654845
YOR369C	-1.4145933124638947	1.4145933124638947
YOR003W	-1.413745086646836	1.413745086646836
YDR067C	1.413319436762194	1.413319436762194
YOL119C	-1.4132831448365972	1.4132831448365972
YLR302C	-1.412818194743687	1.412818194743687
YMR254C	-1.4115468634791875	1.4115468634791875
YLR211C	-1.4097714184713124	1.4097714184713124
YJL043W	-1.407723621952171	1.407723621952171
YPL230W	-1.4068137374255527	1.4068137374255527
YCL055W	-1.4044422260505867	1.4044422260505867
YNL205C	-1.4028113472568156	1.4028113472568156
YLR400W	-1.402306507075072	1.402306507075072
YGL154C	-1.4002611777490603	1.4002611777490603
YJL211C	-1.3965420113968623	1.3965420113968623
YMR232W	-1.3962665626989184	1.3962665626989184
YNL296W	-1.3953313123624285	1.3953313123624285
YBR174C	-1.3953313123624285	1.3953313123624285
YBR148W	-1.3928672982236474	1.3928672982236474
YHR139C-A	-1.3903465823354972	1.3903465823354972
YGL193C	-1.3903465823354972	1.3903465823354972
YBR165W	-1.3891679754770765	1.3891679754770765
YOR267C	1.385663562859916	1.385663562859916
YIL062C	-1.3851786686950538	1.3851786686950538
YNL223W	-1.3846848788176072	1.3846848788176072
YOR316C	-1.384404137076622	1.384404137076622
YPL138C	-1.38259089952036	1.38259089952036
YDR438W	-1.3800716267819455	1.3800716267819455
YDR118W	-1.3796909612527042	1.3796909612527042
YLR214W	-1.3796610660909732	1.3796610660909732
YLR105C	-1.3789287744165417	1.3789287744165417
YDR410C	-1.3779674516588596	1.3779674516588596
YER101C	-1.3766373897965023	1.3766373897965023
YBR090C	-1.3757174255181959	1.3757174255181959
YJL182C	-1.374209714424847	1.374209714424847
YOR305W	-1.373750740778501	1.373750740778501
YKL160W	-1.3729096784557964	1.3729096784557964
YPL119C	-1.371808194423838	1.371808194423838
YHR166C	-1.3714227020041783	1.3714227020041783
YLR021W	-1.3699501181604177	1.3699501181604177
YGR110W	-1.3694346336853584	1.3694346336853584
YHR213W	1.3673710656485294	1.3673710656485294
YOL043C	-1.3672914933139468	1.3672914933139468
YDR468C	-1.366640425756203	1.366640425756203
YHR015W	-1.3644582260401612	1.3644582260401612
YER103W	1.364004350172662	1.364004350172662
YLR296W	-1.3634163358346758	1.3634163358346758
YLL050C	-1.3620271399372719	1.3620271399372719
YHR106W	-1.3591614002171433	1.3591614002171433
YHR105W	-1.3588407028486515	1.3588407028486515
YOL081W	1.3556661006384196	1.3556661006384196
YHR011W	-1.3532063736555955	1.3532063736555955
YCR095C	-1.3522006319239468	1.3522006319239468
YKR068C	-1.3509796847243116	1.3509796847243116
YAL008W	-1.3490498301501885	1.3490498301501885
YPL168W	-1.3485359239628076	1.3485359239628076
YNR076W	-1.3468233520279107	1.3468233520279107
YLL064C	-1.3468233520279107	1.3468233520279107
YPL092W	-1.3456543673337906	1.3456543673337906
YKL042W	-1.3396848898992575	1.3396848898992575
YPL196W	-1.3377602890264546	1.3377602890264546
YLR405W	-1.3370161730627146	1.3370161730627146
YLR252W	-1.3368759017427263	1.3368759017427263
YDL048C	1.3366592007409421	1.3366592007409421
YMR201C	-1.336081191754344	1.336081191754344
YPL096W	-1.335407669489129	1.335407669489129
YJL028W	-1.3344544741718745	1.3344544741718745
YJL107C	-1.3325726703546703	1.3325726703546703
YDR201W	-1.3298428546732062	1.3298428546732062
YPR147C	-1.329495655900355	1.329495655900355
YHR090C	-1.327266828276727	1.327266828276727
YDL104C	-1.326783721467928	1.326783721467928
YNL074C	1.325561028592734	1.325561028592734
YGR118W	-1.3244608434300567	1.3244608434300567
YNL282W	-1.3241733985437394	1.3241733985437394
YOL103W-A	1.3205814249660595	1.3205814249660595
YHR096C	-1.3201407650380537	1.3201407650380537
YDR529C	-1.319009036295963	1.319009036295963
YMR053C	-1.3175425310785132	1.3175425310785132
YOR062C	-1.3157303743538513	1.3157303743538513
YGR152C	-1.3149873517502009	1.3149873517502009
YIL102C	-1.3136960260031998	1.3136960260031998
YBR129C	-1.3127982524883146	1.3127982524883146
YIL019W	-1.3116265471006088	1.3116265471006088
YOR238W	-1.311466860276564	1.311466860276564
YDR258C	1.310981863282942	1.310981863282942
YML055W	-1.3099672131385276	1.3099672131385276
YOR015W	-1.3091598322663454	1.3091598322663454
YDR373W	-1.3090454383332712	1.3090454383332712
YKL178C	-1.3079324866038613	1.3079324866038613
YJR039W	-1.3064878715751087	1.3064878715751087
YMR048W	-1.305858139082524	1.305858139082524
YEL018W	-1.3047813501706855	1.3047813501706855
YGR016W	-1.3024562089176825	1.3024562089176825
YOR077W	-1.299120619283908	1.299120619283908
YDR514C	-1.2988625184485665	1.2988625184485665
YAL040C	1.2971183020066128	1.2971183020066128
YIL066C	-1.2953110681040325	1.2953110681040325
YOL157C	-1.293712370678496	1.293712370678496
YMR163C	-1.2927430017734771	1.2927430017734771
YEL073C	-1.2927261918526773	1.2927261918526773
YEL043W	1.292118045680418	1.292118045680418
YKL190W	-1.2920861470631184	1.2920861470631184
YFL023W	-1.2890936191941664	1.2890936191941664
YPL149W	-1.287317343109157	1.287317343109157
YKL109W	1.285628183351573	1.285628183351573
YMR255W	-1.2855459179710742	1.2855459179710742
YGL074C	-1.2854966172508826	1.2854966172508826
YJR027W	1.2821439622424773	1.2821439622424773
YCR006C	-1.2820233960943996	1.2820233960943996
YOR309C	-1.2801167369474689	1.2801167369474689
YNL025C	-1.2793684792488937	1.2793684792488937
YOL108C	-1.279149349590421	1.279149349590421
YBR070C	-1.2752509078923637	1.2752509078923637
YMR046C	1.2749846959650712	1.2749846959650712
YPL032C	1.2738800420364118	1.2738800420364118
YHR056C	1.2725368642450183	1.2725368642450183
YJR161C	-1.268600287703464	1.268600287703464
YIR037W	-1.2680998178830833	1.2680998178830833
YIL031W	1.2663512990389592	1.2663512990389592
YOR044W	-1.262573452659237	1.262573452659237
YIL067C	-1.2609623384539486	1.2609623384539486
YIL058W	-1.2604411644352216	1.2604411644352216
YLR443W	-1.2586731169282706	1.2586731169282706
YPR196W	-1.2575525264979905	1.2575525264979905
YBR130C	1.2573638453055356	1.2573638453055356
YJL004C	-1.2540078388614972	1.2540078388614972
YDR145W	1.2529599742260338	1.2529599742260338
YLL025W	-1.2525277926977765	1.2525277926977765
YFR005C	-1.2514323948432429	1.2514323948432429
YJL076W	1.250114345531876	1.250114345531876
YOL144W	-1.2475157374838757	1.2475157374838757
YGR065C	-1.2463584148215325	1.2463584148215325
YMR182C	-1.2459675862549044	1.2459675862549044
YJR100C	-1.2435368307746746	1.2435368307746746
YBL003C	-1.2421618640314271	1.2421618640314271
YML118W	-1.2415112341866426	1.2415112341866426
YPL157W	-1.2406968525537243	1.2406968525537243
YNL159C	-1.2382193371638834	1.2382193371638834
YDR084C	-1.2367669032424793	1.2367669032424793
YLR379W	-1.2349312434653166	1.2349312434653166
YMR320W	-1.2313776091426454	1.2313776091426454
YLL020C	-1.2313776091426454	1.2313776091426454
YLR254C	-1.2303396738033632	1.2303396738033632
YPR008W	1.2287642345319556	1.2287642345319556
YNL065W	-1.2286006470265853	1.2286006470265853
YCR019W	-1.2271421281396195	1.2271421281396195
YBR169C	1.2230572236616428	1.2230572236616428
YMR239C	-1.2229719050648526	1.2229719050648526
YER087C-A	-1.2226232619075565	1.2226232619075565
YOR298W	-1.2225061461310425	1.2225061461310425
YMR252C	-1.2211917595033621	1.2211917595033621
YNR062C	-1.2206796856205733	1.2206796856205733
YDL194W	-1.2203518200856411	1.2203518200856411
YOR125C	-1.2197542659124547	1.2197542659124547
YKL001C	1.2183023976875154	1.2183023976875154
YDR065W	-1.2179931829140171	1.2179931829140171
YNR054C	-1.217960000962111	1.217960000962111
YPL016W	1.2174392095035893	1.2174392095035893
YBR192W	-1.217165014244685	1.217165014244685
YOR298C-A	-1.2164414427520356	1.2164414427520356
YGR242W	-1.2162418869241833	1.2162418869241833
YMR236W	-1.2159241279749295	1.2159241279749295
YMR055C	-1.2151430375478167	1.2151430375478167
YER165C-A	-1.214946849784029	1.214946849784029
YNR041C	-1.2145099135854514	1.2145099135854514
YPR187W	-1.214489332702751	1.214489332702751
YNL167C	1.2144518308925356	1.2144518308925356
YNL293W	-1.2140744778579107	1.2140744778579107
YJL122W	-1.2138661088485438	1.2138661088485438
YJL190C	-1.2108943593641737	1.2108943593641737
YFR053C	1.210798010421735	1.210798010421735
YER160C	1.2090703492705934	1.2090703492705934
YLR097C	-1.205452856064234	1.205452856064234
YIL052C	-1.2038834647252994	1.2038834647252994
YGR131W	-1.2038102502798749	1.2038102502798749
YLR141W	-1.2020993657633294	1.2020993657633294
YDR016C	-1.2017870752774253	1.2017870752774253
YER180C	-1.2012949116628313	1.2012949116628313
YHR082C	1.2009318190417488	1.2009318190417488
YPR051W	-1.2007566767559519	1.2007566767559519
YLR428C	-1.1985003039977902	1.1985003039977902
YBR212W	1.1972452998693672	1.1972452998693672
YLR151C	-1.1970380769318796	1.1970380769318796
YBR183W	-1.1970059741221624	1.1970059741221624
YDR543C	-1.1965735386622558	1.1965735386622558
YPR068C	-1.194898326464684	1.194898326464684
YNL050C	-1.1940607540543091	1.1940607540543091
YOL012C	-1.192782150494856	1.192782150494856
YPL035C	-1.1915771443324346	1.1915771443324346
YEL029C	-1.1904705482951865	1.1904705482951865
YKL107W	-1.1877241213925132	1.1877241213925132
YFR015C	1.186340335219512	1.186340335219512
YBR282W	-1.1841069666125348	1.1841069666125348
YGR120C	-1.1828839466265624	1.1828839466265624
YMR141C	-1.180596847843854	1.180596847843854
YLR315W	1.1803608630271523	1.1803608630271523
YER128W	-1.1776757095858637	1.1776757095858637
YJL225C	-1.1773511775652317	1.1773511775652317
YMR325W	-1.177235620858704	1.177235620858704
YMR150C	-1.1753251848400268	1.1753251848400268
YBR178W	-1.174721244899455	1.174721244899455
YDR158W	-1.1745198484290746	1.1745198484290746
YOR306C	-1.1734626801666064	1.1734626801666064
YDR285W	-1.17003085008156	1.17003085008156
YDR249C	-1.1698561710650894	1.1698561710650894
YLR250W	-1.1668428416338115	1.1668428416338115
YDR336W	-1.1646842347578676	1.1646842347578676
YJR023C	-1.1637128841770679	1.1637128841770679
YDL129W	-1.1634992359642258	1.1634992359642258
YFR036W	-1.1625086991986486	1.1625086991986486
YOR060C	-1.160946659429304	1.160946659429304
YLR458W	-1.1604848960437881	1.1604848960437881
YDR007W	-1.158935059475871	1.158935059475871
YML041C	-1.1587748710442245	1.1587748710442245
YDL154W	-1.1578472218576747	1.1578472218576747
YDR098C-B	1.1577423490086325	1.1577423490086325
YJL184W	-1.1569879314893665	1.1569879314893665
YDL235C	-1.1558404571466552	1.1558404571466552
YNL008C	1.155028018959941	1.155028018959941
YPL089C	1.1499795499464582	1.1499795499464582
YJL191W	-1.149344914847056	1.149344914847056
YGL242C	-1.1461383812031727	1.1461383812031727
YDR269C	-1.145864877072819	1.145864877072819
YMR268C	-1.145521036681183	1.145521036681183
YNL149C	-1.1453369035353198	1.1453369035353198
YOL093W	-1.1446414033689436	1.1446414033689436
YLR256W	1.144017593604115	1.144017593604115
YPR138C	-1.1439794500423766	1.1439794500423766
YCR013C	-1.1439677109779023	1.1439677109779023
YPR176C	-1.1407771125918345	1.1407771125918345
YMR065W	-1.1395687649657043	1.1395687649657043
YDR236C	-1.1374458321402017	1.1374458321402017
YMR073C	-1.1361963306280387	1.1361963306280387
YJR010W	-1.1343437458101988	1.1343437458101988
YGL098W	-1.134055153185968	1.134055153185968
YMR281W	-1.1331818347154199	1.1331818347154199
YKL087C	-1.1329049672031637	1.1329049672031637
YGL185C	-1.1323401037819316	1.1323401037819316
YOR346W	1.132035048314716	1.132035048314716
YJR141W	1.1316191398358884	1.1316191398358884
YBR157C	-1.131606573626343	1.131606573626343
YJL056C	1.1298339003447904	1.1298339003447904
YLR466W	-1.1297982741451413	1.1297982741451413
YCR084C	1.1286567138301802	1.1286567138301802
YDL043C	-1.1268923383518086	1.1268923383518086
YPL136W	-1.124988774443918	1.124988774443918
YLR246W	-1.1247960205393532	1.1247960205393532
YGR154C	-1.1243714869999692	1.1243714869999692
YOL076W	1.1234155051158972	1.1234155051158972
YIL054W	-1.1231873012676377	1.1231873012676377
YNL164C	-1.1223709718178325	1.1223709718178325
YLR459W	-1.1208497284797545	1.1208497284797545
YCR067C	1.1190485679568347	1.1190485679568347
YLR107W	-1.1173359253513873	1.1173359253513873
YIL024C	-1.1157148378850401	1.1157148378850401
YOR111W	-1.1152838182750973	1.1152838182750973
YKL056C	-1.1146651496786841	1.1146651496786841
YER054C	-1.1144565676557852	1.1144565676557852
YDR157W	-1.1140827190950742	1.1140827190950742
YMR043W	1.1120715315858343	1.1120715315858343
YPL259C	1.111351531314873	1.111351531314873
YFL054C	-1.1108992402911047	1.1108992402911047
YIL049W	-1.1107078865708377	1.1107078865708377
YML073C	-1.1098984801678462	1.1098984801678462
YOL068C	1.1097498121141411	1.1097498121141411
YKL204W	1.1095301602136871	1.1095301602136871
YJR036C	-1.1090510795686312	1.1090510795686312
YOR295W	-1.1086706178187127	1.1086706178187127
YOR372C	1.107410934802922	1.107410934802922
YGL014W	1.1055532839251114	1.1055532839251114
YLR078C	-1.1046982817736515	1.1046982817736515
YDR504C	-1.1032312561455893	1.1032312561455893
YPR018W	-1.102699260260998	1.102699260260998
YAL049C	-1.1002202979010782	1.1002202979010782
YBR035C	-1.1001189338469644	1.1001189338469644
YDL090C	-1.1001125998631593	1.1001125998631593
YDR126W	-1.0995820104272243	1.0995820104272243
YJL084C	1.098195801724204	1.098195801724204
YOR266W	-1.096497128905444	1.096497128905444
YBR209W	-1.0952821469446314	1.0952821469446314
YGR161C-C	1.0951546901595162	1.0951546901595162
YML045W-A	1.0951546901595162	1.0951546901595162
YDR316W-A	1.0951546901595162	1.0951546901595162
YKR011C	-1.0951325730425792	1.0951325730425792
YDR282C	-1.0944651445267723	1.0944651445267723
YGR066C	-1.094183312160923	1.094183312160923
YBL090W	-1.0926369660932842	1.0926369660932842
YBL040C	-1.0919881803005351	1.0919881803005351
YDR293C	1.0905882487548695	1.0905882487548695
YHR038W	-1.0898011659756444	1.0898011659756444
YOR169C	-1.0890521822194796	1.0890521822194796
YKL224C	-1.0881600212761138	1.0881600212761138
YMR317W	-1.0877272634171096	1.0877272634171096
YNR046W	-1.0874451455274867	1.0874451455274867
YPR141C	-1.0872862812836805	1.0872862812836805
YHR067W	-1.0865212082411313	1.0865212082411313
YDR287W	-1.0857704876075038	1.0857704876075038
YML079W	-1.0849061659262098	1.0849061659262098
Q0120	-1.08480281287593	1.08480281287593
YOR378W	-1.083903769003225	1.083903769003225
YGR161W-A	-1.0833083980030498	1.0833083980030498
YFL002W-B	-1.0833083980030498	1.0833083980030498
YER088C	1.0830193888626436	1.0830193888626436
YER159C	-1.082681462327253	1.082681462327253
YNL230C	-1.081987859807172	1.081987859807172
YIL090W	-1.0811395982733902	1.0811395982733902
YGL101W	-1.0802006463140312	1.0802006463140312
YOR140W	1.0764323580689794	1.0764323580689794
YDR298C	-1.0761221563853365	1.0761221563853365
YLR258W	1.0760389321720627	1.0760389321720627
YPR102C	-1.0756004415009333	1.0756004415009333
YLR410W	1.0739974510530192	1.0739974510530192
YPL011C	-1.0728033330112208	1.0728033330112208
YNL255C	-1.07080183374792	1.07080183374792
YNL016W	1.070535466447046	1.070535466447046
YGL015C	-1.0683877174161664	1.0683877174161664
YJR133W	-1.067240682236121	1.067240682236121
YOR276W	-1.0658593912345413	1.0658593912345413
YLR426W	-1.0654418111785793	1.0654418111785793
YDL001W	-1.0653246578234974	1.0653246578234974
YPR006C	-1.0649364354169375	1.0649364354169375
YDR076W	-1.0625404013614257	1.0625404013614257
YNL051W	1.0623739657173017	1.0623739657173017
YJL088W	-1.0623322439278127	1.0623322439278127
YOL121C	-1.0594069741682617	1.0594069741682617
YGR142W	1.058772417958071	1.058772417958071
YNL027W	1.0583771148005603	1.0583771148005603
YLR167W	-1.056788864471498	1.056788864471498
YNL006W	1.0567588558457706	1.0567588558457706
YDR309C	1.0559240957260574	1.0559240957260574
YNL157W	-1.0553606922763938	1.0553606922763938
YDR530C	-1.055293961828542	1.055293961828542
YLL019C	1.054574199600621	1.054574199600621
YBR238C	1.0531350932622194	1.0531350932622194
YGL134W	-1.0529026641592303	1.0529026641592303
YLR031W	-1.0525567403301834	1.0525567403301834
YDR166C	1.0523977543469174	1.0523977543469174
YDR279W	1.0514039801934523	1.0514039801934523
YMR023C	-1.0512622988595348	1.0512622988595348
YDR404C	1.050773276837889	1.050773276837889
YPL019C	1.0505603856854453	1.0505603856854453
YIL104C	-1.049649785055995	1.049649785055995
YJL108C	-1.0493730677634527	1.0493730677634527
YDL123W	-1.0492369616184805	1.0492369616184805
YNL111C	-1.049065397274151	1.049065397274151
YBL038W	-1.0489932782454883	1.0489932782454883
YBR152W	-1.0489212432536021	1.0489212432536021
YOL147C	-1.0485743764463056	1.0485743764463056
YPL242C	1.0484788530299962	1.0484788530299962
YBL007C	1.0471894741912706	1.0471894741912706
YGR015C	-1.0470733034219402	1.0470733034219402
YHR121W	-1.043685149761977	1.043685149761977
YLR206W	1.0433909553838827	1.0433909553838827
YDR280W	-1.0415974711605385	1.0415974711605385
YPR154W	1.0411047729722283	1.0411047729722283
YPL264C	-1.0405352652838102	1.0405352652838102
YJL049W	-1.0394687236279196	1.0394687236279196
YAL047C	1.0392182392189415	1.0392182392189415
YGR169C-A	-1.0385907304323647	1.0385907304323647
YMR164C	1.0384132671014772	1.0384132671014772
YGL054C	-1.0377008953587463	1.0377008953587463
YLL026W	1.0370890510299482	1.0370890510299482
YNL076W	1.0370052070067857	1.0370052070067857
YLL051C	1.0369504760013735	1.0369504760013735
YHR084W	1.0361843473375654	1.0361843473375654
YBR295W	-1.0360747482518944	1.0360747482518944
YBR062C	-1.0359575073737473	1.0359575073737473
YNL029C	-1.0356792049765131	1.0356792049765131
YNL260C	-1.0354221247573259	1.0354221247573259
YIL166C	-1.0350226470514308	1.0350226470514308
YIL115C	1.0337213881271436	1.0337213881271436
YKR095W	1.033132219728829	1.033132219728829
YDL191W	-1.0312696516603346	1.0312696516603346
YER056C	-1.028087585601698	1.028087585601698
YGR218W	1.0278078878245216	1.0278078878245216
YOR269W	-1.0271433428825727	1.0271433428825727
YFR040W	1.0270644786635446	1.0270644786635446
YBL006C	-1.02676024526916	1.02676024526916
YDL057W	-1.0260289704676673	1.0260289704676673
YGR250C	1.0239217088918071	1.0239217088918071
YLL053C	-1.0237043542610378	1.0237043542610378
YNL103W	1.0222254781928166	1.0222254781928166
YBR193C	-1.0180548045655673	1.0180548045655673
YOL016C	1.0170331206859213	1.0170331206859213
YLR399C	1.0169655126357888	1.0169655126357888
YOR208W	1.0162331215917249	1.0162331215917249
YMR012W	1.0154330643331075	1.0154330643331075
YDR450W	-1.0150097778262825	1.0150097778262825
YNL249C	-1.014929183936815	1.014929183936815
YGR211W	1.0146041411361892	1.0146041411361892
YKR102W	-1.0144905054044928	1.0144905054044928
YER051W	-1.013232327851333	1.013232327851333
YPL014W	1.0121378816165993	1.0121378816165993
YIR016W	1.0113727624530116	1.0113727624530116
YER155C	1.0110136602916322	1.0110136602916322
YMR130W	-1.0102300337046906	1.0102300337046906
YLL013C	1.0090650459125605	1.0090650459125605
YJL133W	1.0089202122357772	1.0089202122357772
YGL214W	-1.0086002419534024	1.0086002419534024
YGR130C	1.0080352664528194	1.0080352664528194
YPL038W	-1.0076169062522453	1.0076169062522453
YGL210W	-1.0074951254229578	1.0074951254229578
YHR148W	-1.0073738264302943	1.0073738264302943
YLR106C	1.006972870449304	1.006972870449304
YDL047W	1.006023420332098	1.006023420332098
YOR122C	-1.0059446662320957	1.0059446662320957
YDR355C	-1.0058067984743488	1.0058067984743488
YBR063C	1.0056621697975858	1.0056621697975858
YDR134C	1.0053989222862318	1.0053989222862318
YOL101C	1.0051302217751834	1.0051302217751834
YFL040W	-1.0036657349994034	1.0036657349994034
YGR114C	-1.0026352778923688	1.0026352778923688
YPL167C	-1.0015956841168459	1.0015956841168459
YPL201C	-1.0008602443898496	1.0008602443898496
YGR270W	1.0005135231222626	1.0005135231222626
YML012W	-1.0000395471597177	1.0000395471597177
YMR211W	-0.9990858478341655	0.9990858478341655
YDR266C	0.9990405655262329	0.9990405655262329
YLR008C	-0.9982302382953101	0.9982302382953101
YJL035C	-0.9981284354950013	0.9981284354950013
YMR113W	-0.9977137876971964	0.9977137876971964
YEL061C	0.9971605363183258	0.9971605363183258
YOR390W	-0.9954430592187817	0.9954430592187817
YAR053W	-0.9952877548958967	0.9952877548958967
YML101C	0.9947254027203787	0.9947254027203787
YNL165W	-0.9944935686318752	0.9944935686318752
YNL107W	-0.9936991208363368	0.9936991208363368
YDR159W	0.9931756682948603	0.9931756682948603
YLR436C	0.9927135633388211	0.9927135633388211
YPL026C	-0.9918906574585442	0.9918906574585442
YPR174C	-0.9917625597405282	0.9917625597405282
YDR216W	0.991674738981061	0.991674738981061
YDR506C	-0.9910910551387113	0.9910910551387113
YLR113W	0.9909327194365201	0.9909327194365201
YHR111W	-0.9899163215862377	0.9899163215862377
YDR028C	0.9896677252418655	0.9896677252418655
YOL127W	-0.988971205847756	0.988971205847756
YIL134W	-0.9862811391788817	0.9862811391788817
YKL112W	0.9861149008082082	0.9861149008082082
YNR002C	-0.9849970461268924	0.9849970461268924
YDL071C	-0.984717792787178	0.984717792787178
YOR223W	-0.9844701611576037	0.9844701611576037
YDR545W	-0.9842614258818418	0.9842614258818418
YOR396W	-0.9842614258818418	0.9842614258818418
YLR467W	-0.9842614258818418	0.9842614258818418
YGR034W	-0.9841988298167674	0.9841988298167674
YER077C	-0.9828231942653654	0.9828231942653654
YDL025C	0.9823277826943162	0.9823277826943162
YLR284C	-0.9817360625609917	0.9817360625609917
YDR251W	0.9809687294916154	0.9809687294916154
YJR044C	-0.9802707831120738	0.9802707831120738
YJL137C	-0.9801049653044105	0.9801049653044105
YER034W	0.9797047388138882	0.9797047388138882
YPR056W	-0.9794148068229571	0.9794148068229571
YOR163W	-0.9790210374006758	0.9790210374006758
YDR479C	-0.9783477175852031	0.9783477175852031
YDR457W	0.9783403053909421	0.9783403053909421
YGL135W	-0.9779612197100711	0.9779612197100711
YPR011C	-0.9774062345746852	0.9774062345746852
YGR028W	-0.9758397917914339	0.9758397917914339
YNL054W	0.975520616385305	0.975520616385305
YBL019W	-0.9737770880863144	0.9737770880863144
YCR063W	-0.9718221362878703	0.9718221362878703
YER084W-A	-0.9716183729704406	0.9716183729704406
YKL130C	-0.9713274499339191	0.9713274499339191
YEL022W	0.9703632165178266	0.9703632165178266
YBR098W	-0.9700653314299732	0.9700653314299732
YJR091C	0.9696980898090422	0.9696980898090422
YDR455C	-0.9693627916480565	0.9693627916480565
YAL011W	-0.968868065612658	0.968868065612658
YOR047C	0.9677326372206689	0.9677326372206689
YLR091W	-0.9676188862713113	0.9676188862713113
YKR077W	-0.9674167501686757	0.9674167501686757
YGL240W	-0.9673122262146796	0.9673122262146796
YIL097W	-0.9662813048055972	0.9662813048055972
YMR290C	0.9657525477049287	0.9657525477049287
YMR102C	0.9655854682999259	0.9655854682999259
YDL021W	-0.9651670798702066	0.9651670798702066
YCR014C	-0.9645447069193072	0.9645447069193072
YBR140C	0.9638129043835288	0.9638129043835288
YER184C	-0.9635206739664781	0.9635206739664781
YHR158C	0.9633328651820037	0.9633328651820037
YNL077W	0.9633195800990704	0.9633195800990704
YBR204C	-0.9628893297384415	0.9628893297384415
YGL130W	-0.9624679525691553	0.9624679525691553
YOR326W	0.9617142075545457	0.9617142075545457
YNL190W	0.9616879669257585	0.9616879669257585
YER038C	-0.9615177376265764	0.9615177376265764
YDR022C	-0.9612243185919152	0.9612243185919152
YJL104W	-0.9607021847773503	0.9607021847773503
YDR192C	0.9597545163799612	0.9597545163799612
YPR072W	0.958524744179611	0.958524744179611
YBR093C	-0.9584444626280839	0.9584444626280839
YGL211W	-0.9583531276432931	0.9583531276432931
YIL013C	-0.9574104599938211	0.9574104599938211
YGL173C	0.9571280093415844	0.9571280093415844
YJL125C	-0.9553337966389925	0.9553337966389925
YAR023C	-0.9542301926651584	0.9542301926651584
YOL149W	-0.9537041331972	0.9537041331972
YEL030W	-0.9536779623907679	0.9536779623907679
YIL082W-A	0.9514136529621524	0.9514136529621524
YER173W	-0.9510761846762872	0.9510761846762872
YKL032C	0.9510291677684464	0.9510291677684464
YGL238W	0.9507398155344058	0.9507398155344058
YAL021C	0.9498137121889787	0.9498137121889787
YDR074W	0.9498047753043304	0.9498047753043304
YNR051C	0.9497788598247565	0.9497788598247565
YKL052C	-0.948317700443944	0.948317700443944
YBL022C	0.9480934223936996	0.9480934223936996
YOR202W	-0.9480658921269942	0.9480658921269942
YLR035C-A	-0.9476338320872268	0.9476338320872268
YHR044C	-0.9433460894180925	0.9433460894180925
YLR271W	-0.9432246173945833	0.9432246173945833
YIL142C-A	-0.9427420160419062	0.9427420160419062
YLR389C	0.942572738124996	0.942572738124996
YLR093C	-0.9418886941887621	0.9418886941887621
YBR086C	0.9418530435679884	0.9418530435679884
YML050W	-0.9415135326430386	0.9415135326430386
YHR029C	-0.9411040302581464	0.9411040302581464
YPL209C	-0.9395196087846305	0.9395196087846305
YEL007W	0.9383229943043752	0.9383229943043752
YHR099W	0.9380589133261594	0.9380589133261594
YLR217W	-0.9379861109836906	0.9379861109836906
YOR024W	-0.9379861109836906	0.9379861109836906
YJR056C	-0.937801022461973	0.937801022461973
YEL011W	0.9373249533922392	0.9373249533922392
YAR018C	-0.9363771050533574	0.9363771050533574
YKL124W	-0.9362356612339973	0.9362356612339973
YOR103C	0.9357754490404333	0.9357754490404333
YER162C	-0.9351175328476371	0.9351175328476371
YIR023W	0.9343685134368567	0.9343685134368567
YOR016C	-0.9340722813519626	0.9340722813519626
YMR139W	0.9340327437627911	0.9340327437627911
YOL051W	0.9340307035495794	0.9340307035495794
YBR107C	-0.9318746416354964	0.9318746416354964
YDL121C	-0.9304652783068068	0.9304652783068068
YPL247C	0.9301798718723209	0.9301798718723209
YJL203W	-0.9298287302922565	0.9298287302922565
YML100W	0.9297729281422429	0.9297729281422429
YOL148C	0.9290845684822866	0.9290845684822866
YMR086W	0.928929701131807	0.928929701131807
YCL014W	0.9279139963967129	0.9279139963967129
YPL147W	-0.926666221491748	0.926666221491748
YDL039C	0.925781168838216	0.925781168838216
YIL151C	0.9251439225253915	0.9251439225253915
YCL023C	-0.9241967965746437	0.9241967965746437
YBR039W	0.9239789458996128	0.9239789458996128
YGL207W	0.9229283391296619	0.9229283391296619
YGL147C	-0.9212385127958385	0.9212385127958385
YLR301W	-0.917177476880549	0.917177476880549
YPL216W	-0.9161495641082578	0.9161495641082578
YLL040C	0.9148718312840511	0.9148718312840511
YGR041W	0.9145972665700226	0.9145972665700226
YLR104W	-0.9145012833266826	0.9145012833266826
YML031C-A	-0.9136163020550581	0.9136163020550581
YCL026C-A	-0.9128836781928267	0.9128836781928267
YKR005C	-0.9128091478139662	0.9128091478139662
YNL192W	0.9122512957019788	0.9122512957019788
YDR524C	0.9121813893985378	0.9121813893985378
YCL049C	-0.9120088369019745	0.9120088369019745
YKL135C	0.9116683676589874	0.9116683676589874
YLR430W	0.9114700844148684	0.9114700844148684
YDL234C	0.9093770730659712	0.9093770730659712
YER170W	0.9093190288981763	0.9093190288981763
YBL005W	0.9082353231156963	0.9082353231156963
YOR127W	0.9078457451347619	0.9078457451347619
YNL139C	0.9072215715203953	0.9072215715203953
YIR011C	-0.9055155184375803	0.9055155184375803
YHR143W	0.9036181315815419	0.9036181315815419
YMR013C	-0.9031597744242967	0.9031597744242967
YLR166C	0.901917638637534	0.901917638637534
YNL334C	-0.901704712815043	0.901704712815043
YJL101C	0.9014796960992957	0.9014796960992957
YDR170C	0.901228286103124	0.901228286103124
YKL038W	0.9001427215854569	0.9001427215854569
YIL148W	-0.899828612372211	0.899828612372211
YHL013C	-0.8990476714428635	0.8990476714428635
YDR194C	0.8985069736712905	0.8985069736712905
YHR165C	0.8980423150992181	0.8980423150992181
YDR407C	0.8978821808721085	0.8978821808721085
YNL083W	-0.8969767402323265	0.8969767402323265
YFL028C	-0.8961483172097431	0.8961483172097431
YMR251W	-0.8960360244476062	0.8960360244476062
YMR082C	-0.894860402901924	0.894860402901924
YOL004W	0.8944679249137115	0.8944679249137115
YBR164C	-0.8944422313942768	0.8944422313942768
YMR291W	0.8944391111251617	0.8944391111251617
YGL153W	-0.8944269200175841	0.8944269200175841
YGR283C	0.8943688342263689	0.8943688342263689
YCL019W	0.892925234995376	0.892925234995376
YGL117W	-0.8926582970354664	0.8926582970354664
YBL004W	0.8924963484513313	0.8924963484513313
YGR117C	0.8924729714147093	0.8924729714147093
YLR455W	0.8915437689511911	0.8915437689511911
YBR108W	0.890975332961446	0.890975332961446
YBL011W	0.8907309801860608	0.8907309801860608
YPL123C	-0.8897965760716868	0.8897965760716868
YLR046C	0.8895940197061227	0.8895940197061227
YLR098C	0.889371876516778	0.889371876516778
YGL206C	0.8886894631457487	0.8886894631457487
YPL070W	0.8886156501865656	0.8886156501865656
YBR242W	-0.8879917212795609	0.8879917212795609
YKL095W	-0.8879649168955401	0.8879649168955401
YNL068C	0.8878162288457165	0.8878162288457165
YAR042W	0.8877791314107242	0.8877791314107242
YCR047C	-0.8869697413146564	0.8869697413146564
YPR029C	0.8859641276809871	0.8859641276809871
YGL122C	0.8854473545588526	0.8854473545588526
YHR058C	-0.8853105341747369	0.8853105341747369
YPL024W	-0.8851683601789491	0.8851683601789491
YDR265W	0.8851059945974056	0.8851059945974056
YJL113W	-0.8850203337388125	0.8850203337388125
YDR420W	0.8832690218532617	0.8832690218532617
YDL213C	-0.880721566103702	0.880721566103702
Q0110	-0.8801942343291591	0.8801942343291591
YJL118W	0.8800165287469488	0.8800165287469488
YOR083W	0.8796232961522161	0.8796232961522161
YHR012W	-0.8786506054457499	0.8786506054457499
YOR220W	0.8776773109074414	0.8776773109074414
YIL026C	0.8757784072209329	0.8757784072209329
YML007W	0.8753287531047631	0.8753287531047631
YOR180C	0.8744262460637282	0.8744262460637282
YDL222C	-0.873922876196823	0.873922876196823
YLR290C	0.8737423610152746	0.8737423610152746
YML020W	-0.8735741057121746	0.8735741057121746
YPR129W	0.8734705777297052	0.8734705777297052
YNL102W	0.8724490546695067	0.8724490546695067
YGR249W	0.8721671404290525	0.8721671404290525
YJL193W	-0.872105100708648	0.872105100708648
YML072C	0.8716216829358157	0.8716216829358157
YAL068C	-0.8715678859229553	0.8715678859229553
YPL175W	-0.8711028069691924	0.8711028069691924
YJL109C	0.8702272696794298	0.8702272696794298
YNL245C	0.8699899074145527	0.8699899074145527
YNR026C	-0.8698217943218971	0.8698217943218971
YDR533C	-0.8674342909518389	0.8674342909518389
YEL019C	0.8674160953677799	0.8674160953677799
YML117W	0.8672114832338345	0.8672114832338345
YGR116W	0.8671264435141932	0.8671264435141932
YDL233W	0.8657866032293091	0.8657866032293091
YJL151C	0.8657331720248145	0.8657331720248145
YLR222C	0.8651507432955086	0.8651507432955086
YGL225W	-0.8646975713369418	0.8646975713369418
YAL009W	-0.8641421714257564	0.8641421714257564
YIL071C	-0.863946704662288	0.863946704662288
YKL161C	-0.8637755475485243	0.8637755475485243
YLR181C	-0.8622528560094125	0.8622528560094125
YGL013C	0.86135472263802	0.86135472263802
YBR181C	-0.8597825080661519	0.8597825080661519
YDL195W	0.8590973232651891	0.8590973232651891
YDR505C	0.8585267545036892	0.8585267545036892
YOR076C	0.8584720690924224	0.8584720690924224
YCR033W	0.8584325570029003	0.8584325570029003
YPR158W-B	0.8572904077982262	0.8572904077982262
YPL112C	0.8572342081216702	0.8572342081216702
YDR238C	0.8570899050019065	0.8570899050019065
YBR066C	-0.8556146717902875	0.8556146717902875
YPL105C	0.8553784765859902	0.8553784765859902
YJL165C	0.8552088076998006	0.8552088076998006
YHR103W	0.8550369905582009	0.8550369905582009
YJR073C	-0.8549154413307534	0.8549154413307534
YLR289W	-0.8539979989242301	0.8539979989242301
YGL003C	-0.8529901307805394	0.8529901307805394
YCR083W	-0.8526214218689754	0.8526214218689754
YMR299C	-0.852267737805029	0.852267737805029
YGL023C	0.8519544035739983	0.8519544035739983
YLR172C	-0.8519240108137076	0.8519240108137076
YJL130C	0.8516121801249792	0.8516121801249792
YIL007C	-0.8512991552080873	0.8512991552080873
YMR114C	-0.8509326501729211	0.8509326501729211
YOL087C	0.8508423841578825	0.8508423841578825
YKR049C	0.85009288750999	0.85009288750999
YER104W	0.8492807779545544	0.8492807779545544
YKR009C	-0.8489711477198485	0.8489711477198485
YJR127C	0.8489314144217062	0.8489314144217062
YOR290C	0.8489079308052272	0.8489079308052272
YLR092W	-0.8485659664372642	0.8485659664372642
YDR114C	-0.8480681472364997	0.8480681472364997
YIL138C	-0.8472982506361699	0.8472982506361699
YGL169W	-0.8472077870412651	0.8472077870412651
YLR239C	-0.8463680009819425	0.8463680009819425
YHR200W	0.8458930424285924	0.8458930424285924
YKL198C	0.8458014084500878	0.8458014084500878
YGL178W	0.8453795587796131	0.8453795587796131
YCR073C	-0.845159334986195	0.845159334986195
YHR161C	0.8450578743453301	0.8450578743453301
YGR229C	0.844579662935451	0.844579662935451
YLR337C	0.8442175223918067	0.8442175223918067
YPL254W	0.8440611030177285	0.8440611030177285
YER020W	0.8439993740771214	0.8439993740771214
YLR159W	-0.8438947393123517	0.8438947393123517
YLR161W	-0.8438947393123517	0.8438947393123517
YLR156W	-0.8438947393123517	0.8438947393123517
YBL050W	-0.8438862127040565	0.8438862127040565
YER129W	0.8436773231673254	0.8436773231673254
YJL095W	0.8428795970083645	0.8428795970083645
YNL194C	-0.8428404927985298	0.8428404927985298
YDR096W	0.8415579594137093	0.8415579594137093
YGR014W	0.841083573129688	0.841083573129688
YBR275C	0.8409894325489411	0.8409894325489411
YML064C	-0.8406676864170759	0.8406676864170759
YOR119C	-0.8405605562821084	0.8405605562821084
YOL145C	0.8403496603000562	0.8403496603000562
YGL150C	0.8403195891847233	0.8403195891847233
YOR030W	0.8395874411549826	0.8395874411549826
YDR171W	0.8392805888241224	0.8392805888241224
YOR300W	-0.8388352998726378	0.8388352998726378
YIL010W	-0.838561707565626	0.838561707565626
YKL014C	0.8382824097108497	0.8382824097108497
YNR022C	-0.8376063282132105	0.8376063282132105
YJR118C	-0.8375353404993859	0.8375353404993859
YJL160C	0.8369071858929082	0.8369071858929082
YKR091W	0.8365853206958427	0.8365853206958427
YPL124W	-0.8361083415630359	0.8361083415630359
YOR173W	-0.8359756828405622	0.8359756828405622
YBR060C	0.8355433698346149	0.8355433698346149
YBR059C	0.835117164984406	0.835117164984406
YHR108W	0.8350814691517154	0.8350814691517154
YPR181C	0.8340695050476192	0.8340695050476192
YLL062C	-0.8340085131954424	0.8340085131954424
YGR263C	-0.8337519186183879	0.8337519186183879
YNL253W	-0.8333719307670169	0.8333719307670169
YDL058W	0.8331909346269439	0.8331909346269439
YGR054W	0.8331401901032809	0.8331401901032809
YNL123W	0.8329591569656749	0.8329591569656749
YOR009W	0.8328021971730744	0.8328021971730744
YLR040C	-0.8326147012778886	0.8326147012778886
YMR110C	0.8326033700608546	0.8326033700608546
YNL085W	0.832308307059141	0.832308307059141
YIR006C	0.832303413427196	0.832303413427196
YCR090C	-0.8318900808035634	0.8318900808035634
YDR463W	0.831832946354929	0.831832946354929
YIL056W	0.8312212963037622	0.8312212963037622
YER122C	0.8309441510489286	0.8309441510489286
YDR275W	-0.8309055406589234	0.8309055406589234
YGR162W	0.830305214442749	0.830305214442749
YNL218W	-0.8300486086337839	0.8300486086337839
YKL013C	-0.8299448724133018	0.8299448724133018
YNL232W	-0.8298389864869611	0.8298389864869611
YLR063W	0.8289820485775801	0.8289820485775801
YDL040C	0.8287968395909253	0.8287968395909253
YDR180W	0.8284604429726627	0.8284604429726627
YMR140W	0.8272145227425076	0.8272145227425076
YER111C	0.8271115085054115	0.8271115085054115
YGR112W	0.8261798219669227	0.8261798219669227
YIL120W	-0.8261593970362746	0.8261593970362746
YOR109W	0.8251501134704311	0.8251501134704311
YNL028W	-0.8251318320109683	0.8251318320109683
YPL075W	0.825099289448394	0.825099289448394
YCR072C	-0.8250951983251813	0.8250951983251813
YPL125W	0.824849053120893	0.824849053120893
YDL144C	-0.8242785474267516	0.8242785474267516
YOR286W	-0.8239475839437151	0.8239475839437151
YBR291C	-0.8238383148908603	0.8238383148908603
YMR229C	0.822756544854208	0.822756544854208
YNL236W	0.8226356660939267	0.8226356660939267
YOR188W	0.8215491410295481	0.8215491410295481
YNL276C	-0.8210368486401317	0.8210368486401317
YFL007W	0.8209281537832993	0.8209281537832993
YIL109C	0.8202405548134095	0.8202405548134095
YJR104C	-0.8197392305699598	0.8197392305699598
YMR103C	-0.8191590438298322	0.8191590438298322
YAL010C	0.8185876734693922	0.8185876734693922
YBR298C	-0.8181860868679784	0.8181860868679784
YNR038W	0.817379273009152	0.817379273009152
YBR271W	-0.8172782870046209	0.8172782870046209
YBR119W	0.8148772773591224	0.8148772773591224
YDR208W	0.814818934762231	0.814818934762231
YDL173W	0.8141664760956697	0.8141664760956697
YGR184C	0.813687159263905	0.813687159263905
YOR022C	-0.8132534459681215	0.8132534459681215
YNL251C	0.8132488764996957	0.8132488764996957
YNR003C	-0.813225872842863	0.813225872842863
YOR142W	0.813005104487047	0.813005104487047
YBR161W	-0.8128930827699605	0.8128930827699605
YMR308C	0.8128259599682206	0.8128259599682206
YLR384C	0.8120524304351324	0.8120524304351324
YML071C	-0.8118845335962392	0.8118845335962392
YLR139C	0.8118568185047206	0.8118568185047206
YLR318W	-0.811531854179913	0.811531854179913
YDR105C	-0.8113983145321262	0.8113983145321262
YFR048W	0.8113154930255657	0.8113154930255657
YKL101W	0.810247808329529	0.810247808329529
YOR086C	0.8099749513305277	0.8099749513305277
YOL136C	0.8099478855366833	0.8099478855366833
YMR108W	0.8097874663072826	0.8097874663072826
YHR109W	0.8096610503541433	0.8096610503541433
YOL036W	0.8095464502173142	0.8095464502173142
YBR299W	-0.8094475322828081	0.8094475322828081
YPL085W	0.8094471443496669	0.8094471443496669
YDL056W	0.8092949453282445	0.8092949453282445
YLR424W	-0.8082150517420414	0.8082150517420414
YLR076C	-0.8077717110497508	0.8077717110497508
YDL008W	-0.8075092153519137	0.8075092153519137
YDR366C	0.8062812646374109	0.8062812646374109
YPR164W	0.8062399634992081	0.8062399634992081
YCL016C	-0.8061994572503686	0.8061994572503686
YLR072W	-0.8059337054003546	0.8059337054003546
YOL048C	-0.8058406052023246	0.8058406052023246
YEL023C	-0.8058199237916739	0.8058199237916739
YMR104C	0.8056983455579765	0.8056983455579765
YHL030W	0.8054856544008393	0.8054856544008393
YEL027W	-0.8053436133821439	0.8053436133821439
YHR098C	0.805214500621152	0.805214500621152
YNR014W	0.8045514199416148	0.8045514199416148
YOR085W	0.8042427691829346	0.8042427691829346
YNL199C	0.8042038292627343	0.8042038292627343
YFL021W	0.8036448028666179	0.8036448028666179
YPL283C	0.8036341049528017	0.8036341049528017
YGR296W	0.8036341049528017	0.8036341049528017
YER110C	0.8030873375840528	0.8030873375840528
YGR104C	-0.802412399143881	0.802412399143881
YLR060W	0.8019081657474878	0.8019081657474878
YJR092W	0.8007835047764988	0.8007835047764988
YNL129W	0.7998912933703917	0.7998912933703917
YOL042W	-0.7995860029743005	0.7995860029743005
YGR204W	0.7991757871777683	0.7991757871777683
YOR038C	-0.799130707726798	0.799130707726798
YKR039W	-0.7989882905043313	0.7989882905043313
YOL056W	0.7986399249473104	0.7986399249473104
YOL161C	-0.7985963291762339	0.7985963291762339
YOR029W	-0.7981909022342872	0.7981909022342872
YER136W	0.7981366377108241	0.7981366377108241
YER045C	0.7978481690365271	0.7978481690365271
YDL053C	-0.797483916232137	0.797483916232137
YPR083W	-0.7969909601495861	0.7969909601495861
YGL067W	0.7958619886822449	0.7958619886822449
YPL126W	0.7955584391064132	0.7955584391064132
YJL141C	0.7953158154111133	0.7953158154111133
YHL039W	0.7947570284011736	0.7947570284011736
YDR352W	-0.7943262620180231	0.7943262620180231
YOL067C	-0.7941080649434582	0.7941080649434582
YGR147C	-0.7940034986344129	0.7940034986344129
YDR095C	-0.7938208549923892	0.7938208549923892
YBL047C	0.7932844153238587	0.7932844153238587
YNL176C	0.7924018021357515	0.7924018021357515
YBR168W	-0.79236780991695	0.79236780991695
YOR344C	0.7922942934542467	0.7922942934542467
YAL041W	0.7921114494621788	0.7921114494621788
YPR124W	-0.7917644859621351	0.7917644859621351
YGL094C	0.7913053262688887	0.7913053262688887
YGL114W	-0.7912774782780865	0.7912774782780865
YGR239C	-0.7907154587467282	0.7907154587467282
YBL098W	-0.790686793853034	0.790686793853034
YMR137C	-0.7901638168943999	0.7901638168943999
YOR052C	-0.7875118718814038	0.7875118718814038
YMR144W	-0.7871892050223899	0.7871892050223899
YKL007W	0.7869481818570785	0.7869481818570785
YGR079W	-0.7863973056720912	0.7863973056720912
YNL059C	0.785759865226618	0.785759865226618
YDR284C	-0.7852557263635562	0.7852557263635562
YMR237W	0.7847834931247775	0.7847834931247775
YDR484W	0.7847627848029566	0.7847627848029566
YDR087C	-0.7841899788922166	0.7841899788922166
YOR151C	0.7840560328291701	0.7840560328291701
YLR305C	0.7833382397633697	0.7833382397633697
YDR150W	0.7829178375589425	0.7829178375589425
YGL104C	-0.7829019754039663	0.7829019754039663
YIL169C	-0.7827132805621266	0.7827132805621266
YLR454W	0.7826135788496345	0.7826135788496345
YFR047C	-0.7825217441704986	0.7825217441704986
YDR041W	0.7824743456928278	0.7824743456928278
YGL092W	0.782299012421392	0.782299012421392
YJR041C	0.7821483818993826	0.7821483818993826
YER057C	-0.7818737981934518	0.7818737981934518
YGR199W	-0.7817752939622897	0.7817752939622897
YJL154C	0.7817470760647787	0.7817470760647787
YML121W	-0.7816909352808423	0.7816909352808423
YOR249C	0.7806054518195769	0.7806054518195769
YNL303W	-0.7805384027374063	0.7805384027374063
YKL055C	-0.7802721817882903	0.7802721817882903
YOR275C	0.7802484071280134	0.7802484071280134
YDL005C	-0.7798197946033598	0.7798197946033598
YDR200C	0.778690118071677	0.778690118071677
YKL064W	0.7781614990992187	0.7781614990992187
YOR341W	0.7766763216963888	0.7766763216963888
YLR371W	0.7762227780181243	0.7762227780181243
YHR023W	0.7760481607997844	0.7760481607997844
YDR227W	0.7755532332008839	0.7755532332008839
YLR059C	0.7751820280051849	0.7751820280051849
YLR448W	-0.7749856734716296	0.7749856734716296
YJL208C	-0.7748011612275301	0.7748011612275301
YPR144C	0.7747114188513642	0.7747114188513642
YKL196C	-0.7743773847332278	0.7743773847332278
YOR160W	-0.7743697701246308	0.7743697701246308
YDR308C	0.7741550054457731	0.7741550054457731
YEL013W	0.7735530633169958	0.7735530633169958
YPL198W	-0.7731783141870441	0.7731783141870441
YMR124W	0.7727749001138902	0.7727749001138902
YHR059W	-0.7724158827698906	0.7724158827698906
YBR073W	0.7719240887698131	0.7719240887698131
YJR132W	0.771171485665894	0.771171485665894
YMR155W	-0.7705306029422019	0.7705306029422019
YMR087W	-0.7699372519934169	0.7699372519934169
YDL020C	0.7695380071047904	0.7695380071047904
YHL049C	0.7672871620850277	0.7672871620850277
YMR189W	0.7670630862008174	0.7670630862008174
YIL035C	0.7668812863438763	0.7668812863438763
YDR214W	0.7666606300849379	0.7666606300849379
YMR039C	-0.7660885666978601	0.7660885666978601
YPL188W	-0.7656201567173166	0.7656201567173166
YCL044C	0.765286322290545	0.765286322290545
YCR082W	-0.7652581817205819	0.7652581817205819
YOR181W	0.7652517714286997	0.7652517714286997
YIL123W	0.7652412011491041	0.7652412011491041
YIR018W	0.7647369000690869	0.7647369000690869
YDR326C	0.7644934993353392	0.7644934993353392
YNR047W	0.7644387196659501	0.7644387196659501
YGL195W	0.7641154476159624	0.7641154476159624
YDR511W	0.7639171910322524	0.7639171910322524
YGL039W	0.7637544534405052	0.7637544534405052
YMR234W	-0.7634958094748789	0.7634958094748789
YOR172W	-0.7626053846272747	0.7626053846272747
YBR260C	0.7625888679814468	0.7625888679814468
YHR046C	-0.7625541738932249	0.7625541738932249
YHR187W	-0.7625264079847067	0.7625264079847067
YMR309C	0.762471773462563	0.762471773462563
YPL007C	0.7623472064903023	0.7623472064903023
YLR087C	0.7622990556103115	0.7622990556103115
YPR066W	-0.7613456955834144	0.7613456955834144
YPL260W	0.7611788239787778	0.7611788239787778
YBR155W	-0.7611476389079543	0.7611476389079543
YDR172W	0.7611330306347845	0.7611330306347845
YPR117W	0.7604653727350827	0.7604653727350827
YDR261C-D	0.7602767092483482	0.7602767092483482
YDL132W	0.7600977744599389	0.7600977744599389
YHR049C-A	-0.7598672955122739	0.7598672955122739
YML017W	0.759350217527361	0.759350217527361
YFR011C	-0.7582779919659854	0.7582779919659854
YHR155W	0.7579756419997699	0.7579756419997699
YDR176W	0.7569458913664437	0.7569458913664437
YOR074C	-0.7569112360677064	0.7569112360677064
YGR127W	0.7568873697139473	0.7568873697139473
YPL199C	-0.7563734515091349	0.7563734515091349
YKL068W	0.7560579913339636	0.7560579913339636
YDR098C-A	-0.75579433571869	0.75579433571869
YGR038C-A	-0.75579433571869	0.75579433571869
YHR101C	-0.7557825854815761	0.7557825854815761
YNL267W	0.7553651731509978	0.7553651731509978
YNL256W	0.7550626078436986	0.7550626078436986
YDR307W	-0.7549410146960014	0.7549410146960014
YMR304W	0.7545559473477521	0.7545559473477521
YGL017W	-0.7543385132508993	0.7543385132508993
YCR038C	-0.7538394728620195	0.7538394728620195
YNL067W	-0.7538321119230904	0.7538321119230904
YBL060W	-0.7535071842307044	0.7535071842307044
YDR123C	0.7533198249817978	0.7533198249817978
YDR186C	0.7532274015679175	0.7532274015679175
YJL020C	0.7524008402781686	0.7524008402781686
YBR246W	0.7521300195137588	0.7521300195137588
YGL200C	-0.752037640111185	0.752037640111185
YMR021C	-0.7515143110670337	0.7515143110670337
YIL075C	0.7513933897307989	0.7513933897307989
YNL271C	0.751024245387355	0.751024245387355
YOR142W-B	0.7507359770032096	0.7507359770032096
YDL116W	0.7505508864631354	0.7505508864631354
YJL176C	0.7495114117167816	0.7495114117167816
YBL041W	0.7481898155091216	0.7481898155091216
YPR019W	0.747325427982517	0.747325427982517
YMR276W	0.7464123504079154	0.7464123504079154
YGL244W	-0.7444315082362944	0.7444315082362944
YGR178C	0.7439838729092978	0.7439838729092978
YDL223C	0.7439263908876281	0.7439263908876281
YOR027W	0.7439064595806855	0.7439064595806855
YGR076C	-0.7437443960059191	0.7437443960059191
YOR226C	0.7436878961741256	0.7436878961741256
YLL054C	-0.7429294251033891	0.7429294251033891
YBR142W	0.7428902697510305	0.7428902697510305
YKL175W	0.7423317562902518	0.7423317562902518
YOL088C	-0.742269345259138	0.742269345259138
YCL002C	-0.7418915432887871	0.7418915432887871
YDR354W	-0.7417856434263541	0.7417856434263541
YGL085W	-0.7417155746738766	0.7417155746738766
YLR295C	-0.7415996179758538	0.7415996179758538
YDR475C	0.7415801023387569	0.7415801023387569
YDL125C	-0.7413190338032152	0.7413190338032152
YBL067C	0.7409534621323131	0.7409534621323131
YMR161W	0.7407986954050116	0.7407986954050116
YDR255C	0.7407589339332254	0.7407589339332254
YBR137W	-0.7407313663319801	0.7407313663319801
YOL105C	-0.7402295751966559	0.7402295751966559
YPR198W	-0.7398233852070062	0.7398233852070062
YDL074C	0.73971729765079	0.73971729765079
YKL058W	0.7389939194118593	0.7389939194118593
YPL169C	0.7386011091031772	0.7386011091031772
YJL188C	-0.738412776012723	0.738412776012723
YOL118C	-0.738412776012723	0.738412776012723
YER140W	-0.7382099735596821	0.7382099735596821
YDL201W	-0.7378867065488341	0.7378867065488341
YOR001W	0.7377103120268131	0.7377103120268131
YPR132W	-0.7374995698300992	0.7374995698300992
YPL087W	-0.7372845066211564	0.7372845066211564
YOR064C	-0.7371031525540435	0.7371031525540435
YOL001W	0.7363270315889077	0.7363270315889077
YHR027C	0.736094342040774	0.736094342040774
YAL054C	-0.73600735380555	0.73600735380555
YHL047C	-0.7356734037069028	0.7356734037069028
YDR469W	0.7355868714386382	0.7355868714386382
YNL049C	0.7352359917150864	0.7352359917150864
YDR141C	0.7347010701125392	0.7347010701125392
YDL115C	-0.7346923226117896	0.7346923226117896
YCR028C	-0.7338546294732353	0.7338546294732353
YMR109W	0.7336272387463598	0.7336272387463598
YBL073W	-0.7331550715195666	0.7331550715195666
YBR274W	-0.7326079051342322	0.7326079051342322
YIL126W	0.7325658837681486	0.7325658837681486
YKR094C	-0.732431562053538	0.732431562053538
YPR028W	-0.7323792021613844	0.7323792021613844
YKR023W	-0.7320258861055207	0.7320258861055207
YBL085W	0.7318871888348095	0.7318871888348095
YKL184W	0.7318146531004048	0.7318146531004048
YHR048W	-0.7317174140696898	0.7317174140696898
YHL040C	-0.7316774382826718	0.7316774382826718
YHR134W	-0.7306820436852455	0.7306820436852455
YNL287W	0.7297715208752402	0.7297715208752402
YBR272C	-0.7294490202313231	0.7294490202313231
YGR085C	-0.7293968139705225	0.7293968139705225
YER007W	-0.7287805261759317	0.7287805261759317
YER089C	0.7283130631876436	0.7283130631876436
YMR030W	-0.7283065782696232	0.7283065782696232
YJL042W	0.7281587633399624	0.7281587633399624
YBR217W	0.7281355555033509	0.7281355555033509
YAL016C-A	-0.7279376301327296	0.7279376301327296
YLR322W	-0.7279376301327296	0.7279376301327296
YHR163W	-0.727925536150364	0.727925536150364
YKL205W	0.7276315386638492	0.7276315386638492
YKL027W	-0.7272701937646495	0.7272701937646495
YLR367W	-0.7267280071563134	0.7267280071563134
YOR081C	0.7261935337641487	0.7261935337641487
YJL207C	0.7260946727060951	0.7260946727060951
YCR093W	0.7255522977237021	0.7255522977237021
YOR370C	0.7248387402263008	0.7248387402263008
YDR365C	0.724710701344355	0.724710701344355
YER163C	-0.7244278852470938	0.7244278852470938
YMR157C	-0.7241768864348028	0.7241768864348028
YGL247W	-0.7237156262586035	0.7237156262586035
YJL001W	-0.7234867799523688	0.7234867799523688
YMR081C	0.7231484018584027	0.7231484018584027
YDL083C	-0.7230375185800568	0.7230375185800568
YMR047C	0.7229253653969776	0.7229253653969776
YJL061W	0.7225235633433842	0.7225235633433842
YDR332W	-0.7223080620124778	0.7223080620124778
YBR112C	0.7221178669479631	0.7221178669479631
YDR009W	-0.7217329102647332	0.7217329102647332
YDR003W	-0.7214184734699334	0.7214184734699334
YMR191W	0.7213384431833498	0.7213384431833498
YAL043C	0.7212531300062128	0.7212531300062128
YCL057W	0.7205204757348493	0.7205204757348493
YJL174W	-0.7202164482342557	0.7202164482342557
YPL160W	0.7202044640315801	0.7202044640315801
YOR355W	0.7201424637552316	0.7201424637552316
YPR022C	0.7201044392236833	0.7201044392236833
YPL150W	0.7197493954894298	0.7197493954894298
YGL106W	-0.7195495065838085	0.7195495065838085
YLR347C	0.7186796226570191	0.7186796226570191
YLR450W	0.7184517094206537	0.7184517094206537
YDR060W	0.7182747707758086	0.7182747707758086
YCR036W	-0.718195943827963	0.718195943827963
YMR240C	0.7179431720788649	0.7179431720788649
YNL097C	0.7178730575297685	0.7178730575297685
YCR087C-A	-0.7177285273161367	0.7177285273161367
YER021W	0.7172511967774087	0.7172511967774087
YER035W	0.7170950777360723	0.7170950777360723
YOR014W	0.716473271122041	0.716473271122041
YKR087C	-0.7163185210437248	0.7163185210437248
YMR199W	0.7161130804662275	0.7161130804662275
YDL077C	0.7158375836489865	0.7158375836489865
YAR003W	-0.7155393341475458	0.7155393341475458
YAL019W	0.715525767364209	0.715525767364209
YFR013W	0.71518708270722	0.71518708270722
YHR006W	0.7150092757950439	0.7150092757950439
YKL210W	0.7146550702359775	0.7146550702359775
YJL140W	0.7145040127970699	0.7145040127970699
YJR134C	0.7142438899836634	0.7142438899836634
YMR178W	-0.7142265033691455	0.7142265033691455
YHR205W	0.7142126548864862	0.7142126548864862
YGL248W	0.7137434456380838	0.7137434456380838
YCR030C	0.7135945266975874	0.7135945266975874
YGR271C-A	-0.7134499078168437	0.7134499078168437
YJL145W	0.7131568504897823	0.7131568504897823
YKL050C	-0.7130863164708838	0.7130863164708838
YKL185W	0.7127701414235261	0.7127701414235261
YBR255W	-0.7126032479261033	0.7126032479261033
YGL182C	-0.7125173064804391	0.7125173064804391
YPR115W	0.7124762901151254	0.7124762901151254
YKL194C	-0.7121075922807574	0.7121075922807574
YBL101C	0.7118584462797006	0.7118584462797006
YML081W	0.7117556437942785	0.7117556437942785
YDR256C	0.7114927149983057	0.7114927149983057
YFR014C	0.711430689158453	0.711430689158453
YCR077C	0.7104325167044543	0.7104325167044543
YDR369C	-0.7103169803353522	0.7103169803353522
YJL080C	0.7099460856857807	0.7099460856857807
YMR026C	0.7099292505339561	0.7099292505339561
YOR098C	0.7091055731735807	0.7091055731735807
YDR263C	-0.7087939154840708	0.7087939154840708
YML103C	0.7087563336841685	0.7087563336841685
YCR008W	0.7081590717980406	0.7081590717980406
YHR150W	-0.7080024731288344	0.7080024731288344
YBR214W	0.7078634009295408	0.7078634009295408
YPL042C	-0.7078564533997156	0.7078564533997156
YOR124C	0.7076513693118338	0.7076513693118338
YMR031W-A	-0.7074510727360888	0.7074510727360888
YLR335W	0.7070353542442813	0.7070353542442813
YOR241W	0.7067159447715561	0.7067159447715561
YBL076C	0.706450756340244	0.706450756340244
YIL122W	0.70615463358586	0.70615463358586
YBR175W	-0.7059461911360625	0.7059461911360625
YLR324W	-0.7058585894786198	0.7058585894786198
YCR104W	-0.7057032865013791	0.7057032865013791
YMR097C	-0.7052193186671909	0.7052193186671909
YDR040C	-0.7051078036451335	0.7051078036451335
YDR363W-A	-0.7047796486556182	0.7047796486556182
YOR149C	0.7044894690278767	0.7044894690278767
YAL044C	-0.7040325284856115	0.7040325284856115
YOR294W	-0.7039507533690399	0.7039507533690399
YDR365W-B	0.7039371427652057	0.7039371427652057
YHR100C	-0.7038529439555381	0.7038529439555381
YGR205W	0.7038249658458948	0.7038249658458948
YIL006W	0.7037951111151504	0.7037951111151504
YMR263W	-0.7035879849674496	0.7035879849674496
YER100W	-0.7031935469065864	0.7031935469065864
YBR239C	-0.7031925006756197	0.7031925006756197
YOR371C	0.7027691678031172	0.7027691678031172
YLL063C	-0.702625667558288	0.702625667558288
YGR083C	0.7026102219521295	0.7026102219521295
YDL120W	-0.701848251597605	0.701848251597605
YMR089C	0.7015563657894264	0.7015563657894264
YGR102C	-0.7015326139138018	0.7015326139138018
YPL237W	0.701450248775771	0.701450248775771
YLR273C	-0.7012944351164268	0.7012944351164268
YLR173W	-0.7010031266617807	0.7010031266617807
YPL193W	-0.7009260349116389	0.7009260349116389
YER105C	0.7007875799081367	0.7007875799081367
YER125W	0.7006215995884055	0.7006215995884055
YHR171W	-0.7003087306699953	0.7003087306699953
YHR054C	0.7001135405640664	0.7001135405640664
YFR019W	0.7000616918363542	0.7000616918363542
YML115C	-0.6998867504576145	0.6998867504576145
YDL127W	-0.6988012194620108	0.6988012194620108
YNL231C	0.697815597801485	0.697815597801485
YDR075W	-0.6977544669242874	0.6977544669242874
YOR070C	0.6975282840272454	0.6975282840272454
YBR264C	0.6973487745422577	0.6973487745422577
YBR101C	0.6972716493652662	0.6972716493652662
YDL107W	-0.6972642752861358	0.6972642752861358
YLR191W	-0.6970227675891278	0.6970227675891278
YDL119C	-0.6969419715509044	0.6969419715509044
YNR037C	-0.6962301556056547	0.6962301556056547
YGR208W	-0.6961890070050636	0.6961890070050636
YAL029C	0.6959170170681821	0.6959170170681821
YHR176W	0.6959031608979727	0.6959031608979727
YNL316C	-0.6958628480402727	0.6958628480402727
YDR392W	-0.6954791899624375	0.6954791899624375
YLR348C	0.6954173225699121	0.6954173225699121
YMR136W	0.6951220744637601	0.6951220744637601
YOL084W	-0.6949983130798212	0.6949983130798212
YLR452C	0.6948950650513268	0.6948950650513268
YOR385W	0.6948054972507194	0.6948054972507194
YOR099W	-0.6943540027961497	0.6943540027961497
YJL039C	0.6940011033307467	0.6940011033307467
YBL015W	0.6932538993884254	0.6932538993884254
YML026C	-0.6931077722242449	0.6931077722242449
YJL033W	0.6930794734118253	0.6930794734118253
YHR142W	-0.6925619573349762	0.6925619573349762
YJR017C	0.6909773010905242	0.6909773010905242
YAL031C	0.6909012520678797	0.6909012520678797
YBL079W	0.6905174095438777	0.6905174095438777
YOL110W	-0.6898217364496322	0.6898217364496322
YLR310C	0.689298887637305	0.689298887637305
YHL048W	-0.6890664302253597	0.6890664302253597
YGL197W	0.6885071429112841	0.6885071429112841
YDR527W	0.6884628891228495	0.6884628891228495
YDL065C	-0.6883830962897539	0.6883830962897539
YDR131C	0.6882812253651212	0.6882812253651212
YMR018W	-0.6878045805692059	0.6878045805692059
YPL082C	0.6867145277219979	0.6867145277219979
YLR176C	-0.6866698727077489	0.6866698727077489
YOR066W	0.6863688299618858	0.6863688299618858
YBR029C	0.686185049678441	0.686185049678441
YER049W	0.6855655902497562	0.6855655902497562
YER025W	0.6855459857688029	0.6855459857688029
YDL155W	-0.6849635435542192	0.6849635435542192
YJL129C	0.6847053765376057	0.6847053765376057
YDL070W	0.6845480981105068	0.6845480981105068
YLL021W	0.6844408615163315	0.6844408615163315
YGL103W	-0.6844259355541311	0.6844259355541311
YKR092C	0.6838318906883742	0.6838318906883742
YNR016C	0.6833178417061436	0.6833178417061436
YAR002W	0.6830936748109471	0.6830936748109471
YDR303C	0.6829260554672985	0.6829260554672985
YJR013W	-0.682887436970665	0.682887436970665
YNL040W	0.6824906698876507	0.6824906698876507
YDR174W	0.682386198321348	0.682386198321348
YNL125C	0.682098365548268	0.682098365548268
YLR074C	-0.6818593040366769	0.6818593040366769
YOR096W	-0.6814674673774466	0.6814674673774466
YPR010C	0.681013425473374	0.681013425473374
YDR313C	0.6809683599337024	0.6809683599337024
YML131W	-0.6804801469435988	0.6804801469435988
YML097C	-0.6802488701423073	0.6802488701423073
YKR001C	0.680145436637102	0.680145436637102
YKL089W	-0.6799547710928948	0.6799547710928948
YHR086W	0.6799478600405298	0.6799478600405298
YJR025C	-0.6798692114864027	0.6798692114864027
YMR184W	-0.679673030439659	0.679673030439659
YER158C	0.6795046390468169	0.6795046390468169
YJR098C	-0.679498528939428	0.679498528939428
YAL012W	0.6785261246596033	0.6785261246596033
YIR033W	0.6782644206172481	0.6782644206172481
YAR028W	-0.6779278394480732	0.6779278394480732
YCL033C	-0.6776189238408152	0.6776189238408152
YDR127W	0.6768371745259731	0.6768371745259731
YGR062C	-0.6768188065528307	0.6768188065528307
YLL027W	0.6764960410767831	0.6764960410767831
YIL030C	0.676378390543805	0.676378390543805
YBR008C	-0.6758898330366581	0.6758898330366581
YLR345W	-0.675391002729886	0.675391002729886
YKL023W	-0.6750181826968582	0.6750181826968582
YPL103C	-0.6749051418907106	0.6749051418907106
YBR141C	-0.6748894384612054	0.6748894384612054
YPL055C	0.6746132509095162	0.6746132509095162
YJL079C	0.6744531474685811	0.6744531474685811
YER095W	-0.674410359453482	0.674410359453482
YLR375W	0.6740783044233973	0.6740783044233973
YKR084C	0.6739148736056713	0.6739148736056713
YKL025C	0.673795227673553	0.673795227673553
YLR357W	0.6737435978859931	0.6737435978859931
YGL137W	0.6732422295748997	0.6732422295748997
YBR244W	0.673223550027342	0.673223550027342
YNL280C	-0.6730818338484896	0.6730818338484896
YHR102W	0.6726639033270221	0.6726639033270221
YBL005W-A	-0.6725422934749217	0.6725422934749217
YOR058C	0.6715735604520772	0.6715735604520772
YJL005W	0.6713855130608275	0.6713855130608275
YNL243W	0.6708183541931101	0.6708183541931101
YNL005C	-0.670570972220176	0.670570972220176
YNL274C	-0.6703739376027107	0.6703739376027107
YDR025W	-0.669798577602382	0.669798577602382
YLR373C	0.6696974354782217	0.6696974354782217
YMR096W	-0.6694674930683187	0.6694674930683187
YBR247C	-0.6693398133632655	0.6693398133632655
YPL148C	-0.6690900196548819	0.6690900196548819
YOR071C	-0.6689946360230898	0.6689946360230898
YPR002W	-0.6685918624090386	0.6685918624090386
YDR068W	-0.6684607431117229	0.6684607431117229
YJR147W	0.6682051836328711	0.6682051836328711
YDR006C	0.6681869845363169	0.6681869845363169
YKL154W	0.668016985263697	0.668016985263697
YGL233W	0.6678906105999385	0.6678906105999385
YDR091C	0.6675612473023618	0.6675612473023618
YPR040W	-0.6667186540840788	0.6667186540840788
YDR017C	0.6665596549136756	0.6665596549136756
YDL190C	0.6658808381597581	0.6658808381597581
YBR096W	-0.6658475610986123	0.6658475610986123
YNL193W	0.6656989804658044	0.6656989804658044
YLR356W	-0.6656564614536338	0.6656564614536338
YMR181C	-0.6654709020337242	0.6654709020337242
YMR305C	0.6652906431382295	0.6652906431382295
YLR330W	0.6649427968899264	0.6649427968899264
YLR045C	0.6645518159259876	0.6645518159259876
YBL087C	-0.6643300346574303	0.6643300346574303
YPR122W	0.6642487544547357	0.6642487544547357
YOR113W	0.664087777530348	0.664087777530348
YER029C	-0.6640098242372936	0.6640098242372936
YOL027C	0.6633303697712805	0.6633303697712805
YPL047W	-0.663127727172794	0.663127727172794
YHR194W	-0.6631162465801177	0.6631162465801177
YER080W	0.6624501496411792	0.6624501496411792
YLR089C	0.6619051744613991	0.6619051744613991
YPR067W	0.6617774744191145	0.6617774744191145
YAL017W	0.6610520020905231	0.6610520020905231
YJL044C	0.6604084687029488	0.6604084687029488
YJR005W	0.6602803675557496	0.6602803675557496
YJL041W	0.6597806168879492	0.6597806168879492
YIL119C	0.6596161605163706	0.6596161605163706
YGL065C	-0.659559385334517	0.659559385334517
YPL102C	-0.6591005659147533	0.6591005659147533
YKL212W	0.65905926249558	0.65905926249558
YOL033W	-0.6588717385463925	0.6588717385463925
YCR053W	0.6586215574299246	0.6586215574299246
YFR034C	0.6583883724813875	0.6583883724813875
YHL001W	-0.6582140473627813	0.6582140473627813
YFL024C	0.65818679849309	0.65818679849309
YPL012W	0.6577620993356952	0.6577620993356952
YPR055W	0.6574341316291257	0.6574341316291257
YMR242C	-0.657179179418053	0.657179179418053
YOL052C	0.6566009879420802	0.6566009879420802
YDR365W-A	0.6561859265512027	0.6561859265512027
YML040W	0.6561859265512027	0.6561859265512027
YLR227W-A	0.6561859265512027	0.6561859265512027
YLR256W-A	0.6561859265512027	0.6561859265512027
YER137C-A	0.6561859265512027	0.6561859265512027
YJR026W	0.6561859265512027	0.6561859265512027
YPL257W-A	0.6561859265512027	0.6561859265512027
YLR157C-A	0.6561859265512027	0.6561859265512027
YPL022W	0.6559801010383861	0.6559801010383861
YPL093W	0.6559538184294773	0.6559538184294773
YNL308C	-0.6555720112347245	0.6555720112347245
YDR207C	0.6553959480365874	0.6553959480365874
YKL102C	-0.6550944311983046	0.6550944311983046
YOR146W	-0.6550944311983046	0.6550944311983046
YNL186W	0.6550104751848975	0.6550104751848975
YHR042W	0.6545907151364965	0.6545907151364965
YMR319C	-0.6545897892992905	0.6545897892992905
YGL072C	-0.653924192214884	0.653924192214884
YBR020W	-0.6536203084457339	0.6536203084457339
YOL083W	-0.6531747219238282	0.6531747219238282
YDL202W	0.6530722443445516	0.6530722443445516
YNR031C	0.6524605888766208	0.6524605888766208
YPR158W	0.6522463649066719	0.6522463649066719
YNL197C	0.6518813940262165	0.6518813940262165
YLR194C	0.6518252935928714	0.6518252935928714
YDR422C	0.6515200251571098	0.6515200251571098
YOR194C	-0.651202657094025	0.651202657094025
YEL059W	-0.6511068757867498	0.6511068757867498
YOR247W	0.6509587318875862	0.6509587318875862
YIL034C	0.650441247935758	0.650441247935758
YMR029C	0.650264480241816	0.650264480241816
YNR015W	0.6502579803892585	0.6502579803892585
YJR059W	0.6499011737425446	0.6499011737425446
YML008C	0.6496535061871569	0.6496535061871569
YHR076W	-0.6494395915143523	0.6494395915143523
YOR253W	-0.6493463868490101	0.6493463868490101
YJL016W	0.648884146076055	0.648884146076055
YKL146W	0.6487142298961084	0.6487142298961084
YGL049C	0.6476325001917989	0.6476325001917989
YDL216C	-0.6472587049252541	0.6472587049252541
YDR219C	0.6465307989804829	0.6465307989804829
YDL140C	0.6460098560825305	0.6460098560825305
YOL100W	0.6456684377252451	0.6456684377252451
YDL224C	0.6455585536072403	0.6455585536072403
YNL229C	-0.6451566349111388	0.6451566349111388
YHR040W	-0.6451254877391452	0.6451254877391452
YNL189W	0.6445887543685327	0.6445887543685327
YGR135W	0.64413446398604	0.64413446398604
YOR075W	0.644085428962331	0.644085428962331
YPL262W	0.6440792822921875	0.6440792822921875
YNR049C	-0.6439395866003776	0.6439395866003776
YNL268W	-0.643690022880306	0.643690022880306
YLR065C	-0.6436296672918154	0.6436296672918154
YGR109C	-0.6434508292706447	0.6434508292706447
YGR278W	-0.643403951692985	0.643403951692985
YKL057C	0.6433645443390663	0.6433645443390663
YDR138W	0.6432553105838092	0.6432553105838092
YIR035C	-0.6432000820526707	0.6432000820526707
YDR029W	-0.6431981130820864	0.6431981130820864
YOR048C	0.6430463734046015	0.6430463734046015
YHR186C	0.6430071602582634	0.6430071602582634
YMR142C	-0.6429135583413732	0.6429135583413732
YGR027W-A	0.6428454261969101	0.6428454261969101
YIL064W	-0.6425615900742274	0.6425615900742274
YGR194C	-0.6424933988386243	0.6424933988386243
YDL099W	-0.64239898695714	0.64239898695714
YLR291C	0.6423797592388567	0.6423797592388567
YER134C	-0.6422767436401298	0.6422767436401298
YDR437W	-0.6421910760658482	0.6421910760658482
YFR020W	-0.6418403750011237	0.6418403750011237
YEL065W	-0.6407658323208372	0.6407658323208372
YDR210W-B	0.6407130843118125	0.6407130843118125
YBR201W	-0.6405102220331269	0.6405102220331269
YPR042C	0.6402329476177888	0.6402329476177888
YBR067C	0.63990579711961	0.63990579711961
YDR234W	0.6397837868013072	0.6397837868013072
YML057W	0.6395928033862539	0.6395928033862539
YNL191W	-0.6394948044599547	0.6394948044599547
YLR248W	0.6390915872567309	0.6390915872567309
YBR079C	0.638758562668702	0.638758562668702
YLR071C	0.6386012988824454	0.6386012988824454
YOR242C	-0.6385939973718173	0.6385939973718173
YGL229C	0.638584279757767	0.638584279757767
YBR197C	0.6385746529827676	0.6385746529827676
YER132C	0.6384878793784523	0.6384878793784523
YDR451C	-0.6381711216292896	0.6381711216292896
YHL009C	-0.6381166875190196	0.6381166875190196
YGR122W	0.6379493658989714	0.6379493658989714
YLR328W	0.6377970283426304	0.6377970283426304
YDR498C	0.6375495156017559	0.6375495156017559
YMR045C	0.6375030507631827	0.6375030507631827
YMR264W	-0.6373719487580027	0.6373719487580027
YLR142W	-0.6372026333782932	0.6372026333782932
YNL036W	0.6370111955420272	0.6370111955420272
YHR218W	0.6370091232938524	0.6370091232938524
YOR023C	0.6354812860256303	0.6354812860256303
YIL149C	0.6347932969093959	0.6347932969093959
YDR004W	-0.6347127970866939	0.6347127970866939
YGR166W	0.6346391085210268	0.6346391085210268
YJL223C	-0.6340884267092455	0.6340884267092455
YIL176C	-0.6340884267092455	0.6340884267092455
YKL015W	0.6337427183891418	0.6337427183891418
YJL194W	0.6336965346349208	0.6336965346349208
YKL182W	0.6336700508299025	0.6336700508299025
YNR063W	-0.633550228459022	0.633550228459022
YPL226W	0.6326593677752594	0.6326593677752594
YPR116W	0.6324453934167114	0.6324453934167114
YHR079C	0.6320010402723355	0.6320010402723355
YPL137C	0.6313464064976451	0.6313464064976451
YFR010W	0.6309799107750838	0.6309799107750838
YNL329C	0.6309318138829978	0.6309318138829978
YMR125W	0.6308990225560231	0.6308990225560231
YOR174W	-0.6304656133392346	0.6304656133392346
YHR135C	0.6298285881889747	0.6298285881889747
YPR158C-D	0.6294693036656138	0.6294693036656138
YNL066W	0.6294646740564076	0.6294646740564076
YDR069C	0.6288058192639268	0.6288058192639268
YGR193C	0.6280886904364946	0.6280886904364946
YGL246C	-0.627815034813203	0.627815034813203
YKL171W	0.6277610775990032	0.6277610775990032
YHL046W-A	-0.6276053271520188	0.6276053271520188
YMR145C	0.6275902174641299	0.6275902174641299
YOR354C	0.627516796210414	0.627516796210414
YOL089C	0.6274308079248181	0.6274308079248181
YNL100W	-0.6274010861755119	0.6274010861755119
YBR229C	0.6262272469817152	0.6262272469817152
YPR120C	-0.625782000567642	0.625782000567642
YGL186C	-0.6257177267092215	0.6257177267092215
YJR131W	-0.6255272487112453	0.6255272487112453
YPL020C	-0.6250628838801875	0.6250628838801875
YPL184C	0.6249501792052463	0.6249501792052463
YHR115C	0.6249046608218629	0.6249046608218629
YDR196C	-0.6241436868019026	0.6241436868019026
YDR387C	-0.6240638855957803	0.6240638855957803
YIL177C	-0.6239731909991162	0.6239731909991162
YNL262W	0.6238831613394886	0.6238831613394886
YLL058W	-0.6237645159578182	0.6237645159578182
YDR525W	-0.623751117693739	0.623751117693739
YNR018W	-0.6237448916237645	0.6237448916237645
YDR088C	-0.6237316303015028	0.6237316303015028
YNL307C	0.6235994519657275	0.6235994519657275
YDL160C	0.6229113251202847	0.6229113251202847
YDR156W	0.6227513194335454	0.6227513194335454
YCL063W	0.6226468203882458	0.6226468203882458
YGR161W-B	0.6222805081061686	0.6222805081061686
YFL002W-A	0.6222805081061686	0.6222805081061686
YLR075W	-0.6221897491295234	0.6221897491295234
YMR192W	0.6220637381559957	0.6220637381559957
YLR210W	0.6212845551316786	0.6212845551316786
YLR028C	0.6211626897054296	0.6211626897054296
YNL088W	0.6209097696079571	0.6209097696079571
YDR495C	0.6206483331614159	0.6206483331614159
YLR228C	0.6204800073390686	0.6204800073390686
YJL187C	0.6203759555100774	0.6203759555100774
YLR111W	-0.6199128574733105	0.6199128574733105
YER067W	0.619643577246805	0.619643577246805
YKL201C	-0.619498616110584	0.619498616110584
YGR136W	0.619390607804962	0.619390607804962
YFL033C	0.6191743860716201	0.6191743860716201
YDR289C	-0.6189776375926508	0.6189776375926508
YCR065W	0.618952124882151	0.618952124882151
YLR234W	-0.6188169873843554	0.6188169873843554
YML096W	-0.6187313651484043	0.6187313651484043
YKL054C	0.6181979806130666	0.6181979806130666
YJL069C	0.6181417459708038	0.6181417459708038
YOR006C	-0.6168711558725155	0.6168711558725155
YOR084W	0.6168263037905	0.6168263037905
YNR048W	0.6166022929076718	0.6166022929076718
YOR243C	0.616148330574763	0.616148330574763
YBR257W	-0.616003661979085	0.616003661979085
YLR329W	0.6158187782001168	0.6158187782001168
YOR338W	-0.6155541690941257	0.6155541690941257
YNR032W	-0.6155436453755021	0.6155436453755021
YNL241C	0.6151416887024839	0.6151416887024839
YDR195W	0.615095486635882	0.615095486635882
YKR103W	-0.6134819440878676	0.6134819440878676
YMR205C	0.6134731170297734	0.6134731170297734
YOR380W	-0.6122250584908819	0.6122250584908819
YNL247W	0.6120948836163018	0.6120948836163018
YDR257C	0.6118521933797503	0.6118521933797503
YLR095C	0.6113871137865647	0.6113871137865647
YGR252W	-0.6112797514030195	0.6112797514030195
YBL082C	-0.6106327354859964	0.6106327354859964
YMR072W	-0.6106162009837082	0.6106162009837082
YDR173C	-0.6105457761347264	0.6105457761347264
YKL129C	0.6102681185328356	0.6102681185328356
YDL145C	0.6100493284896835	0.6100493284896835
YPL186C	-0.6098148547043882	0.6098148547043882
YGR027W-B	0.6093174604894216	0.6093174604894216
YIL129C	0.609104238871832	0.609104238871832
YOR137C	-0.6089669059543494	0.6089669059543494
YHR002W	-0.6087892756160977	0.6087892756160977
YER130C	0.6086199600389381	0.6086199600389381
YBR198C	0.6085991990567683	0.6085991990567683
YDR534C	-0.6085288684027637	0.6085288684027637
YOR082C	-0.6085005538858573	0.6085005538858573
YLR279W	-0.6083424222400973	0.6083424222400973
YAL058W	0.6081233931817192	0.6081233931817192
YFR021W	-0.6080664673720362	0.6080664673720362
YBL089W	-0.608048923337253	0.608048923337253
YBR230C	-0.6079994625515592	0.6079994625515592
YGL044C	-0.6079165328202354	0.6079165328202354
YHR214W	-0.6076555535781583	0.6076555535781583
YDL035C	0.6072045871299361	0.6072045871299361
YDR337W	-0.6067943510695812	0.6067943510695812
YHL014C	-0.6063728411954337	0.6063728411954337
YML018C	-0.6063534432112547	0.6063534432112547
YDR358W	0.6063155147780801	0.6063155147780801
YOR335C	0.6059855502624973	0.6059855502624973
YBL008W	-0.605917717760037	0.605917717760037
YJR005C-A	-0.6059110594103467	0.6059110594103467
YDR233C	0.6058051199919454	0.6058051199919454
YBR203W	-0.6051376555359766	0.6051376555359766
YBR030W	0.6042187964760952	0.6042187964760952
YGL151W	0.6041979610110229	0.6041979610110229
YHR057C	-0.6041437612289293	0.6041437612289293
YLR179C	-0.6040980508240477	0.6040980508240477
YMR025W	-0.603990723565544	0.603990723565544
YDL147W	0.6038989501149317	0.6038989501149317
YNL272C	0.6037736645393448	0.6037736645393448
YDR032C	-0.6035767807627206	0.6035767807627206
YGR074W	-0.6027055942405326	0.6027055942405326
YKR078W	0.602453056068045	0.602453056068045
YKR085C	-0.6023252282884339	0.6023252282884339
YLR168C	-0.6019987832488551	0.6019987832488551
YPL267W	-0.6018587788874399	0.6018587788874399
YMR204C	0.6016657925242939	0.6016657925242939
YHR088W	-0.6008464181032096	0.6008464181032096
YGL083W	0.6006626527583698	0.6006626527583698
YGL129C	-0.5996008588211792	0.5996008588211792
YLR134W	0.5995764349059485	0.5995764349059485
YER099C	-0.5986325527076239	0.5986325527076239
YOL022C	0.5986055012584224	0.5986055012584224
YML015C	-0.5984448266042461	0.5984448266042461
YDR241W	-0.5983161108995213	0.5983161108995213
YLR268W	-0.5977078239695635	0.5977078239695635
YER164W	0.5976341025221759	0.5976341025221759
YDR499W	-0.5974591432959402	0.5974591432959402
YKR018C	0.5971620536389839	0.5971620536389839
YPL243W	0.5966754924719613	0.5966754924719613
YPL228W	0.5966087537619718	0.5966087537619718
YNL297C	0.5965621902110447	0.5965621902110447
YGL105W	0.5963738937710179	0.5963738937710179
YFR022W	0.5959839386967021	0.5959839386967021
YLR227W-B	0.5956845897632803	0.5956845897632803
YCL009C	0.595595938747822	0.595595938747822
YPL231W	0.5953967946876588	0.5953967946876588
YER149C	0.5953406310363656	0.5953406310363656
YGR126W	0.5952803304748766	0.5952803304748766
YDR144C	0.5949766462992496	0.5949766462992496
YDL137W	0.5948101046367853	0.5948101046367853
YDL131W	0.5947211367139271	0.5947211367139271
YOL070C	0.5947086753810202	0.5947086753810202
YHL050C	-0.5945641264717008	0.5945641264717008
Q0275	-0.5944929834828514	0.5944929834828514
YHR198C	-0.5943718857648346	0.5943718857648346
YGL145W	0.5941344676138165	0.5941344676138165
YHR089C	-0.5933835494079975	0.5933835494079975
YKR054C	0.593059592947526	0.593059592947526
YJL132W	-0.5922537616144421	0.5922537616144421
YPR005C	-0.592113436093614	0.592113436093614
YML130C	0.5921052031359748	0.5921052031359748
YEL054C	-0.5921006316882913	0.5921006316882913
YNL079C	-0.591807566066306	0.591807566066306
YOR107W	-0.5914153865511347	0.5914153865511347
YDL126C	0.5910905962699609	0.5910905962699609
YOR191W	0.5908699037577847	0.5908699037577847
YOL115W	-0.5907018705575089	0.5907018705575089
YJL011C	-0.5905795762267632	0.5905795762267632
YKR017C	0.5900693667217833	0.5900693667217833
YLL060C	-0.589902179090882	0.589902179090882
YMR160W	0.5899020055807602	0.5899020055807602
YIL105C	0.5898823433496148	0.5898823433496148
YDL199C	-0.5897559284112068	0.5897559284112068
YKR076W	-0.5893360414384183	0.5893360414384183
YGL076C	-0.5889881981611271	0.5889881981611271
YOR336W	0.5888031093506028	0.5888031093506028
YJL159W	0.5887492947925299	0.5887492947925299
YKL122C	0.5887062121695532	0.5887062121695532
YGL219C	0.5882272784584064	0.5882272784584064
YJR121W	0.5881967148276495	0.5881967148276495
YJR096W	0.5881659776184112	0.5881659776184112
YBR052C	-0.5880564906170616	0.5880564906170616
YER114C	0.5880399178843074	0.5880399178843074
YLR216C	0.5876700948862243	0.5876700948862243
YGL031C	-0.587173809171226	0.587173809171226
YFL016C	0.5871258966789004	0.5871258966789004
YCR069W	0.587061686215816	0.587061686215816
YDL217C	-0.5869631451289852	0.5869631451289852
YDR151C	0.5869601805137945	0.5869601805137945
YOL063C	0.586688209816459	0.586688209816459
YML119W	-0.5865709931567729	0.5865709931567729
YMR247C	0.5862182257461113	0.5862182257461113
YDR434W	-0.5859700777101828	0.5859700777101828
YDR225W	-0.5856927299545127	0.5856927299545127
YGL258W	-0.5855748414439148	0.5855748414439148
YGR198W	0.585557230672368	0.585557230672368
YCL036W	-0.5854735735730126	0.5854735735730126
YHR032W	-0.5852589896326421	0.5852589896326421
YDL049C	-0.5849755656800877	0.5849755656800877
YGR188C	-0.5845437385759507	0.5845437385759507
YDR206W	0.5844558548265333	0.5844558548265333
YDR116C	0.5844400601759148	0.5844400601759148
YDL087C	-0.5839113803933067	0.5839113803933067
YOL015W	-0.5837504198524268	0.5837504198524268
YGR049W	-0.5833270934739474	0.5833270934739474
YOR212W	0.5832541915323617	0.5832541915323617
YPL066W	0.5831947018782042	0.5831947018782042
YNL166C	-0.5826985075720454	0.5826985075720454
YKR022C	-0.5824736752030955	0.5824736752030955
YHL046C	-0.582406008671771	0.582406008671771
YER076C	-0.5821618399562292	0.5821618399562292
YOR299W	0.5820807930325351	0.5820807930325351
YOL057W	0.5818925774019394	0.5818925774019394
YDL220C	0.5816681721739583	0.5816681721739583
YGL019W	-0.5814714825362639	0.5814714825362639
YPR105C	0.5811367090596384	0.5811367090596384
YBL066C	0.5807218742150138	0.5807218742150138
YDR288W	-0.5801647290596232	0.5801647290596232
YGL119W	-0.5799229322818853	0.5799229322818853
YKL104C	0.5798631813687454	0.5798631813687454
YDL019C	0.5797464424610332	0.5797464424610332
YGL163C	-0.5797116997806677	0.5797116997806677
YMR216C	0.5796586043256049	0.5796586043256049
YIL033C	0.5795358065705498	0.5795358065705498
YGR288W	-0.5795050066733252	0.5795050066733252
YIL142W	0.579432954465414	0.579432954465414
YMR069W	-0.5794268842465895	0.5794268842465895
YAL028W	-0.5791232437177252	0.5791232437177252
YPL057C	0.5790637235820935	0.5790637235820935
YLR378C	0.5786238531291783	0.5786238531291783
YHR129C	-0.5781855071186284	0.5781855071186284
YBR226C	-0.5779763734195889	0.5779763734195889
YIL130W	0.5778540487783967	0.5778540487783967
YBL093C	0.57783150908182	0.57783150908182
YMR098C	-0.5767812909248224	0.5767812909248224
YPR098C	0.5767465553240427	0.5767465553240427
YDR052C	0.5766521113823719	0.5766521113823719
YKR027W	-0.5764445258298618	0.5764445258298618
YMR259C	0.5759203900552148	0.5759203900552148
YDR399W	-0.5756429758085417	0.5756429758085417
YJL213W	-0.5754766438441985	0.5754766438441985
YER151C	0.5754259798102552	0.5754259798102552
YLR287C	-0.5752628531202308	0.5752628531202308
YPL134C	-0.5752342165580044	0.5752342165580044
YPR145W	0.5740029184814031	0.5740029184814031
YLL029W	0.5739263736855467	0.5739263736855467
YMR168C	0.5738967001612867	0.5738967001612867
YOR350C	0.5736270791649449	0.5736270791649449
YBR099C	0.57355143989195	0.57355143989195
YCR094W	0.5733905193907276	0.5733905193907276
YOL098C	0.5732199281614925	0.5732199281614925
YMR326C	-0.5727115636065496	0.5727115636065496
YPL263C	0.572651105931282	0.572651105931282
YNR010W	0.5725215890717923	0.5725215890717923
YGL120C	0.5715107615287813	0.5715107615287813
YLR343W	-0.5712933915131169	0.5712933915131169
YGR261C	0.5706380142620091	0.5706380142620091
YBR221C	0.5703091758393004	0.5703091758393004
YKR016W	0.5700591284340915	0.5700591284340915
YNL301C	-0.5699325653670311	0.5699325653670311
YLR429W	0.5689089470681168	0.5689089470681168
YDR472W	0.5680669913129934	0.5680669913129934
YNR034W	-0.5678478497994517	0.5678478497994517
YLR403W	0.5676959236041768	0.5676959236041768
YPL133C	0.5675008696526129	0.5675008696526129
YER112W	-0.5671241478322226	0.5671241478322226
YOR353C	0.5669306495628419	0.5669306495628419
YNR061C	-0.5667050885426201	0.5667050885426201
YEL017W	0.5662278153118141	0.5662278153118141
YKL033W	0.5661523952089933	0.5661523952089933
YJL091C	-0.5661091498777271	0.5661091498777271
YDL064W	-0.5656255866314073	0.5656255866314073
YGR055W	-0.5654343780296331	0.5654343780296331
YLR117C	-0.5652911974519856	0.5652911974519856
YKR036C	0.5652128847486049	0.5652128847486049
YHR004C	0.5651901013710265	0.5651901013710265
YNL078W	0.5648381580399731	0.5648381580399731
YPL232W	0.5646407990212072	0.5646407990212072
YER138C	0.5644677283647432	0.5644677283647432
YOR219C	0.5640609346157817	0.5640609346157817
YDR142C	-0.5634852920236995	0.5634852920236995
YML104C	0.5633544791461791	0.5633544791461791
YNR017W	0.562948198929214	0.562948198929214
YDR329C	0.5626214788078308	0.5626214788078308
YLR090W	0.5626152363926433	0.5626152363926433
YNL082W	-0.5625632901080619	0.5625632901080619
YJL050W	0.5625484926472772	0.5625484926472772
YPR134W	-0.5622479253548587	0.5622479253548587
YGL190C	0.5621431187080779	0.5621431187080779
YDR107C	-0.5620729259681987	0.5620729259681987
YBR158W	0.5620021405841227	0.5620021405841227
YKR071C	0.5618211876622077	0.5618211876622077
YNL052W	-0.5616873668054652	0.5616873668054652
YLR096W	0.5615317751031537	0.5615317751031537
YLR051C	-0.5614038477263072	0.5614038477263072
YOR373W	0.5613252403100519	0.5613252403100519
YIL114C	0.5610832804388712	0.5610832804388712
YGR174C	-0.5610192264292619	0.5610192264292619
YLR201C	-0.5608929557806386	0.5608929557806386
YMR003W	0.5607509733386902	0.5607509733386902
YAL064W-B	-0.5605872930572223	0.5605872930572223
YLR057W	0.5605458563592443	0.5605458563592443
YFR042W	-0.5603761182215363	0.5603761182215363
YGL075C	-0.5601700050849372	0.5601700050849372
YNL250W	0.5600605547692545	0.5600605547692545
YOR168W	0.559904488055885	0.559904488055885
YGR056W	0.5597600442079482	0.5597600442079482
YLR276C	0.5595467806646068	0.5595467806646068
YGL016W	0.5590425526789362	0.5590425526789362
YOR209C	0.5589921094072192	0.5589921094072192
YPR157W	-0.5589244280431345	0.5589244280431345
YKR053C	-0.5587475966695887	0.5587475966695887
YCR054C	-0.5584303273631015	0.5584303273631015
YJL082W	0.5579996703042029	0.5579996703042029
YOR051C	0.5579438349546395	0.5579438349546395
YNL175C	0.5576668764972501	0.5576668764972501
YDR113C	-0.5574788763041081	0.5574788763041081
YMR044W	-0.55679788236848	0.55679788236848
YIL145C	-0.5566600656246266	0.5566600656246266
YJL029C	0.5560761441418185	0.5560761441418185
YLR219W	0.5559760762925547	0.5559760762925547
YFL026W	0.5559442721469345	0.5559442721469345
YML078W	-0.5558563061743031	0.5558563061743031
YER145C	-0.5557646501974443	0.5557646501974443
YOL111C	0.5556107367652396	0.5556107367652396
YJL210W	-0.555269938142799	0.555269938142799
YGR061C	0.555200355573314	0.555200355573314
YER127W	-0.5549182950737563	0.5549182950737563
YOR206W	0.5548825558811101	0.5548825558811101
YGR119C	0.5547928362237347	0.5547928362237347
YGL167C	0.5546930204210829	0.5546930204210829
YLL006W	0.5546373854053988	0.5546373854053988
YGR279C	0.5546311995758657	0.5546311995758657
YDR466W	0.5545700777543292	0.5545700777543292
YMR260C	-0.5544739590302239	0.5544739590302239
YDL088C	0.5543723281797845	0.5543723281797845
YIL153W	0.5540897896622452	0.5540897896622452
YML076C	0.5538628516693125	0.5538628516693125
YIL063C	-0.5535337237008386	0.5535337237008386
YER123W	0.5533930224516039	0.5533930224516039
YEL009C	0.5532321312114075	0.5532321312114075
YGR168C	-0.5528448927339316	0.5528448927339316
YDR465C	-0.5525458743736866	0.5525458743736866
YML013W	0.5522863385175425	0.5522863385175425
YGL009C	0.5522080991437956	0.5522080991437956
YFL018C	0.5520237072124523	0.5520237072124523
YGR295C	-0.5519573731681309	0.5519573731681309
YKL162C	-0.5514356955005768	0.5514356955005768
YPR110C	0.5506612356928109	0.5506612356928109
YDL052C	-0.5505996014049677	0.5505996014049677
YDR272W	-0.5505916899338148	0.5505916899338148
YBL051C	0.5504778204860035	0.5504778204860035
YDL182W	0.5504037578050038	0.5504037578050038
YBR218C	0.5503649966919753	0.5503649966919753
YMR289W	0.5498648683610252	0.5498648683610252
YLL007C	0.5494187158677839	0.5494187158677839
YOR349W	-0.5493573208560223	0.5493573208560223
YGR170W	0.5492836783196529	0.5492836783196529
YGL056C	0.5491638402931942	0.5491638402931942
YHR214C-B	0.5490064951280118	0.5490064951280118
YGR287C	-0.5489753739739145	0.5489753739739145
YAL047W-A	-0.5484311443521818	0.5484311443521818
YLR263W	-0.5482197810848195	0.5482197810848195
YDR089W	0.5479430963027987	0.5479430963027987
YBR195C	-0.5477519210629245	0.5477519210629245
YDR189W	0.5474557440922778	0.5474557440922778
YOR166C	0.5473525460454836	0.5473525460454836
YDR333C	0.5472096512774289	0.5472096512774289
YMR009W	0.5470612099682493	0.5470612099682493
YOR144C	0.5469963188304634	0.5469963188304634
YJR032W	-0.546815874259492	0.546815874259492
YFR002W	0.5459845495310933	0.5459845495310933
YGL066W	0.545830998156096	0.545830998156096
YJL134W	-0.545649476091973	0.545649476091973
YDR102C	-0.5450574804615201	0.5450574804615201
YCR044C	-0.5449470008939814	0.5449470008939814
YDR440W	-0.5448577900913554	0.5448577900913554
YOR383C	0.5447139667679952	0.5447139667679952
YNL246W	0.5443776767107096	0.5443776767107096
YLR393W	0.5441061847198174	0.5441061847198174
YIL137C	0.5439454211846124	0.5439454211846124
YOL123W	0.5430283600146559	0.5430283600146559
YAL024C	0.5430143199587896	0.5430143199587896
YLR196W	0.5429483983019399	0.5429483983019399
YFL004W	0.5428175842666452	0.5428175842666452
YML016C	0.5425834797486164	0.5425834797486164
YHR097C	0.5425367048890628	0.5425367048890628
YOL082W	0.5422629989166401	0.5422629989166401
YBR084W	0.5422163383008805	0.5422163383008805
YOL055C	-0.5421100943790034	0.5421100943790034
YLR079W	0.5419794877786925	0.5419794877786925
YMR190C	0.5419346609294902	0.5419346609294902
YGL073W	0.5419025449948549	0.5419025449948549
YJR014W	-0.5418474126969173	0.5418474126969173
YGL086W	0.5416728220496783	0.5416728220496783
YDL079C	-0.5416081757502669	0.5416081757502669
YFL025C	-0.5410881059252981	0.5410881059252981
YIL083C	-0.5406700764450729	0.5406700764450729
YDR135C	0.5406056451300589	0.5406056451300589
YPR021C	0.5405063706002649	0.5405063706002649
YDR122W	0.5402289192462888	0.5402289192462888
YDL170W	-0.5392414669523315	0.5392414669523315
YER060W	-0.5390054709398928	0.5390054709398928
YKL021C	-0.5389215876148459	0.5389215876148459
YBL010C	-0.5387694995399182	0.5387694995399182
YGR077C	0.5386861697281553	0.5386861697281553
YMR067C	0.5386271535775258	0.5386271535775258
YCL064C	0.5385110377813911	0.5385110377813911
YJR045C	0.5382640423634655	0.5382640423634655
YOL103W	0.5379822633478	0.5379822633478
YPR065W	0.5378939497099742	0.5378939497099742
YGR097W	0.5377462614182127	0.5377462614182127
YNL214W	0.5377114285859808	0.5377114285859808
YMR202W	-0.5374192425999844	0.5374192425999844
YDR406W	0.5372025015289088	0.5372025015289088
YKL069W	-0.5369834852419455	0.5369834852419455
YDR353W	0.5368954450449728	0.5368954450449728
YHR197W	0.5367679885937431	0.5367679885937431
YGR128C	0.536453698188371	0.536453698188371
YMR287C	-0.5362879787890753	0.5362879787890753
YKL207W	-0.5361966863698866	0.5361966863698866
YER036C	0.5360967986387379	0.5360967986387379
YOL130W	0.5359486103413778	0.5359486103413778
YDL018C	-0.535780966518467	0.535780966518467
YGR057C	-0.5351261363071211	0.5351261363071211
YIR026C	0.5351168257631631	0.5351168257631631
YOR377W	-0.5350548600644425	0.5350548600644425
YOR046C	0.5347732754378667	0.5347732754378667
YEL020C	-0.5344992383278413	0.5344992383278413
YBR245C	0.5341342126619582	0.5341342126619582
YCL039W	0.5340454079689989	0.5340454079689989
YMR016C	0.5336445730568062	0.5336445730568062
YOR021C	-0.5334856371956569	0.5334856371956569
YKL024C	-0.5333524898146838	0.5333524898146838
YOR289W	-0.533165075110567	0.533165075110567
YCR018C	-0.5324244234586804	0.5324244234586804
YMR116C	-0.5323133396145217	0.5323133396145217
YDR496C	0.5319517764772606	0.5319517764772606
YKL180W	-0.5318323466540651	0.5318323466540651
YJR152W	-0.531805920694973	0.531805920694973
YML046W	0.5317098003534788	0.5317098003534788
YNL138W	0.5316083589625507	0.5316083589625507
YPL106C	0.5309173680814627	0.5309173680814627
YBL052C	0.5305371353262771	0.5305371353262771
YOR116C	0.530524421292208	0.530524421292208
YNL283C	0.5302739142765498	0.5302739142765498
YOR134W	-0.5297555115930042	0.5297555115930042
YMR233W	0.529748277831736	0.529748277831736
YHR188C	0.5294632139452533	0.5294632139452533
YOL113W	0.5294320244044144	0.5294320244044144
YMR231W	0.5294265737820307	0.5294265737820307
YER032W	0.5290468034699929	0.5290468034699929
YGR001C	0.529014557774862	0.529014557774862
YIL135C	0.5288830543158785	0.5288830543158785
YDR445C	-0.5287424655539498	0.5287424655539498
YGR023W	0.5282188844573925	0.5282188844573925
YOR342C	0.5281847779946967	0.5281847779946967
YPL115C	0.5281273272431815	0.5281273272431815
YMR037C	0.5280715188678773	0.5280715188678773
YBR143C	0.5272792327883096	0.5272792327883096
YML116W	-0.5268653198627167	0.5268653198627167
YPL174C	0.5255420477559127	0.5255420477559127
YIR036C	-0.5254634671650154	0.5254634671650154
YDL027C	0.5254337690568658	0.5254337690568658
YGR009C	0.5253510081333683	0.5253510081333683
YKL117W	-0.5251853689094776	0.5251853689094776
YGR247W	-0.5249718516311095	0.5249718516311095
YOR229W	-0.5239685286219178	0.5239685286219178
YNL160W	0.5239316889340255	0.5239316889340255
YHR181W	-0.5238335182821423	0.5238335182821423
YML114C	0.5237482221955121	0.5237482221955121
YJR116W	0.5233347248421829	0.5233347248421829
YMR020W	-0.5232030726342503	0.5232030726342503
YBR145W	-0.5226533949373717	0.5226533949373717
YGR201C	0.5225160417161039	0.5225160417161039
YAL001C	0.5220008973018775	0.5220008973018775
YHR080C	0.5219464138230352	0.5219464138230352
YPR024W	0.5218888983064751	0.5218888983064751
YMR119W	0.5218775027556708	0.5218775027556708
YBR227C	-0.5218647283470332	0.5218647283470332
YIL084C	-0.5217910978651634	0.5217910978651634
YBL083C	-0.5217134985882224	0.5217134985882224
YNL286W	-0.5214604632275508	0.5214604632275508
YDR011W	0.5212074732886522	0.5212074732886522
YHL034C	0.5209846040636457	0.5209846040636457
YOR123C	-0.5207435611177242	0.5207435611177242
YNL242W	0.5206864342982147	0.5206864342982147
YDL171C	0.5204802567157785	0.5204802567157785
YHR118C	-0.5202353146874463	0.5202353146874463
YLR247C	0.5201347089598158	0.5201347089598158
YDR165W	0.5197142307116289	0.5197142307116289
YDL093W	-0.5194947304897779	0.5194947304897779
YGL090W	-0.5193448634582118	0.5193448634582118
YLR149C	0.5192205760563873	0.5192205760563873
YOL017W	-0.5190340993813951	0.5190340993813951
YHL008C	0.5186192924608548	0.5186192924608548
YLR369W	-0.5184628431348868	0.5184628431348868
YIL036W	0.5182759746807024	0.5182759746807024
YKL048C	-0.5178806419533615	0.5178806419533615
YNL288W	0.5177712646444217	0.5177712646444217
YIL002C	-0.5177706819531762	0.5177706819531762
YDL066W	0.517619986958449	0.517619986958449
YNL108C	0.5174442561377743	0.5174442561377743
YLR064W	0.5173186277129727	0.5173186277129727
YPL118W	-0.5171085190281577	0.5171085190281577
YDR435C	0.5170261492029002	0.5170261492029002
YNR065C	-0.5164055018038365	0.5164055018038365
YPR037C	-0.5163749699302995	0.5163749699302995
YGL223C	0.5162872599466377	0.5162872599466377
YLR190W	0.516206342892171	0.516206342892171
YDL122W	0.5160650008452725	0.5160650008452725
YPL008W	0.5160545379275572	0.5160545379275572
YNL178W	-0.5157255949647244	0.5157255949647244
YKR066C	0.5155376773050877	0.5155376773050877
YER068W	0.5155091213173542	0.5155091213173542
YPL240C	0.514902926937399	0.514902926937399
YPL100W	-0.5147398846816751	0.5147398846816751
YMR084W	-0.51470851125426	0.51470851125426
YKR028W	0.5135263517175739	0.5135263517175739
YDL159W	-0.5134600159805327	0.5134600159805327
YLR432W	0.5134042027295482	0.5134042027295482
YNL327W	0.5133182130332035	0.5133182130332035
YGR090W	0.5132391691877043	0.5132391691877043
YMR278W	0.5131051892852652	0.5131051892852652
YOR175C	0.5125837873721055	0.5125837873721055
YMR165C	0.5125148113741664	0.5125148113741664
YNL101W	0.5118360129560271	0.5118360129560271
YDL033C	-0.5112308966817203	0.5112308966817203
YGL058W	-0.510315858169486	0.510315858169486
YGR094W	0.5097663142859332	0.5097663142859332
YPR149W	-0.5092591153752686	0.5092591153752686
YGR158C	0.5088911435113772	0.5088911435113772
YDR388W	0.5085977160372339	0.5085977160372339
YDR168W	0.5078366776184344	0.5078366776184344
YLR121C	0.5076569328557357	0.5076569328557357
YGL175C	0.5073994899481811	0.5073994899481811
YNL058C	-0.5072498945330164	0.5072498945330164
YPL129W	-0.5061615843594129	0.5061615843594129
YHR050W	-0.5060275502772011	0.5060275502772011
YHL007C	0.5056404227883151	0.5056404227883151
YGR271W	0.505540067063909	0.505540067063909
YGR070W	0.5055166336744872	0.5055166336744872
YBL086C	0.5051876659902614	0.5051876659902614
YJR142W	-0.5048603228928679	0.5048603228928679
YOR042W	0.5047718183411787	0.5047718183411787
YOR231W	-0.5046887463227678	0.5046887463227678
YFR030W	0.5045036815625297	0.5045036815625297
YNL026W	0.5043353458131872	0.5043353458131872
YBR065C	0.5043113353990156	0.5043113353990156
YOL018C	-0.5036946715064277	0.5036946715064277
YOL059W	0.5033304146770918	0.5033304146770918
YOR301W	0.5033242855638171	0.5033242855638171
YJL148W	0.5030517535727892	0.5030517535727892
YMR316W	0.5030102022723453	0.5030102022723453
YOR246C	0.5030051080303544	0.5030051080303544
YER087W	-0.5023710476412697	0.5023710476412697
YEL005C	-0.5023411175345585	0.5023411175345585
YOR133W	0.5023099412994743	0.5023099412994743
YLR131C	0.5020378309480105	0.5020378309480105
YIL085C	0.5017310875008052	0.5017310875008052
YIL038C	0.5014715140577515	0.5014715140577515
YPL039W	-0.5009846456185816	0.5009846456185816
YHR051W	-0.5009160574597367	0.5009160574597367
YGL256W	0.5008634501022051	0.5008634501022051
YOR296W	0.5006768413291152	0.5006768413291152
YDR037W	0.500450216727053	0.500450216727053
YGL062W	0.5001729541146736	0.5001729541146736
YHR116W	-0.4998703161174687	0.4998703161174687
YOR120W	0.49981186413431367	0.49981186413431367
YDR393W	0.49920074686065163	0.49920074686065163
YPL212C	0.4991172907452004	0.4991172907452004
YPL095C	-0.4990183163535118	0.4990183163535118
YMR288W	0.4988559429220256	0.4988559429220256
YDR247W	0.49876578850078523	0.49876578850078523
YKL004W	0.49865173601133694	0.49865173601133694
YML002W	-0.49853233918145357	0.49853233918145357
YGL048C	0.4985239751626178	0.4985239751626178
YDR232W	0.49819868509013876	0.49819868509013876
YDR364C	-0.4981634815526155	0.4981634815526155
YMR074C	-0.49782284908281405	0.49782284908281405
YOR320C	0.49760372306775125	0.49760372306775125
YDR020C	0.4973844726702259	0.4973844726702259
YLR103C	-0.497277961915894	0.497277961915894
YKL100C	0.49725309420788477	0.49725309420788477
YOL073C	-0.4971467719530889	0.4971467719530889
YLR313C	-0.49698219030428614	0.49698219030428614
YNL224C	-0.4966062588826299	0.4966062588826299
YLR292C	-0.4964395759501272	0.4964395759501272
YOR017W	-0.4960112653605382	0.4960112653605382
YBL021C	-0.49493952516000395	0.49493952516000395
YHR019C	0.4947773287491053	0.4947773287491053
YPL208W	0.4940346718523365	0.4940346718523365
YLL015W	-0.49387320856154737	0.49387320856154737
YHL017W	-0.49383843267339245	0.49383843267339245
YPR173C	0.4936958519051533	0.4936958519051533
YLR110C	-0.493550377312836	0.493550377312836
YPL003W	-0.49341860538417226	0.49341860538417226
YJL167W	0.49331050930371845	0.49331050930371845
YNL115C	-0.4929450506708424	0.4929450506708424
YDR226W	-0.49285823924605765	0.49285823924605765
YFL036W	0.4927493212769303	0.4927493212769303
YKR089C	0.49252544834958467	0.49252544834958467
YDR183W	0.4917079333933341	0.4917079333933341
YDR097C	0.4911873912946749	0.4911873912946749
YOR041C	-0.4910460063494839	0.4910460063494839
YBR263W	0.4910219726142522	0.4910219726142522
YPR035W	-0.49076105236406775	0.49076105236406775
YJR060W	-0.48997459069861016	0.48997459069861016
YPL153C	-0.48984539453148734	0.48984539453148734
YNR021W	0.4897756607487267	0.4897756607487267
YDR449C	0.4897714503958106	0.4897714503958106
YGR237C	0.4894387519663006	0.4894387519663006
YNL299W	-0.4894189758980847	0.4894189758980847
YNL075W	0.48895230245543075	0.48895230245543075
YNL150W	-0.4888404097433935	0.4888404097433935
YPL221W	0.4888235000662178	0.4888235000662178
YMR214W	-0.4885801301040589	0.4885801301040589
YMR171C	0.4880028581745055	0.4880028581745055
YML124C	0.48794615440061584	0.48794615440061584
YBR094W	0.4874623820278483	0.4874623820278483
YML024W	-0.48708244159979763	0.48708244159979763
YCR073W-A	-0.48686249855216346	0.48686249855216346
YGR230W	0.48676475590526636	0.48676475590526636
YCL051W	0.4865211560660976	0.4865211560660976
YGR179C	-0.48638140918696315	0.48638140918696315
YBL095W	0.4857660670940529	0.4857660670940529
YGL112C	0.48575170755234787	0.48575170755234787
YJR053W	0.4855526518112736	0.4855526518112736
YGL113W	0.48535419959611303	0.48535419959611303
YBR216C	0.4852420475930046	0.4852420475930046
YLR197W	0.4851996736737174	0.4851996736737174
YJL212C	0.48503237927420173	0.48503237927420173
YPL217C	0.48488395303109755	0.48488395303109755
YPL218W	-0.48481921689605656	0.48481921689605656
YNL239W	0.48475750532478834	0.48475750532478834
YNL168C	-0.48428863160122404	0.48428863160122404
YOR368W	-0.48424796854054186	0.48424796854054186
YBR058C	0.483616546999289	0.483616546999289
YMR004W	0.48272099159807524	0.48272099159807524
YOR251C	0.48256533760209486	0.48256533760209486
YGL213C	0.4822316103127511	0.4822316103127511
YNL156C	0.4819820936369208	0.4819820936369208
YKR010C	0.4816661744813251	0.4816661744813251
YPL127C	0.48144098299577376	0.48144098299577376
YDL013W	-0.48132172416131525	0.48132172416131525
YCR032W	0.48107883000240736	0.48107883000240736
YER065C	-0.48101209397482414	0.48101209397482414
YMR311C	0.48068429111826383	0.48068429111826383
YKR082W	0.4806158875812292	0.4806158875812292
YJL058C	-0.48024678608756144	0.48024678608756144
YIL016W	-0.4800188833121757	0.4800188833121757
YBR160W	0.4798597460391818	0.4798597460391818
YBR038W	0.47977983257277756	0.47977983257277756
YNL321W	0.47963325407707647	0.47963325407707647
YDR464W	0.47953849291651185	0.47953849291651185
YMR015C	-0.4792735988797556	0.4792735988797556
YGR123C	0.47916231770162643	0.47916231770162643
YBR288C	0.47912165275819696	0.47912165275819696
YBR053C	-0.47901407304119026	0.47901407304119026
YDR261W-B	0.4789876124102177	0.4789876124102177
YDL149W	-0.47871915278894583	0.47871915278894583
YJR062C	0.4785966863436908	0.4785966863436908
YLR058C	0.47763147038416776	0.47763147038416776
YPL091W	0.4775389928030238	0.4775389928030238
YDR179W-A	-0.47744165429369545	0.47744165429369545
YPL203W	-0.47735975424705757	0.47735975424705757
YAR002C-A	-0.47731049262374015	0.47731049262374015
YDR064W	-0.4770822906736285	0.4770822906736285
YKL062W	0.47689185643727683	0.47689185643727683
YOR035C	0.4768914553980874	0.4768914553980874
YIL068C	0.4768784214385935	0.4768784214385935
YLR293C	-0.4768720731101066	0.4768720731101066
YPL219W	0.47675265377503173	0.47675265377503173
YDR341C	0.476737347960114	0.476737347960114
YBR007C	0.47657507813180455	0.47657507813180455
YOR176W	0.4765188601555339	0.4765188601555339
YKR096W	0.4765119126564956	0.4765119126564956
YDR001C	0.47637447430345503	0.47637447430345503
YMR038C	-0.4758257096516747	0.4758257096516747
YJR113C	-0.47564749515013194	0.47564749515013194
YDR277C	0.4752897538696974	0.4752897538696974
YBR049C	0.47521673651367635	0.47521673651367635
YGL071W	0.47514964741028454	0.47514964741028454
YNL104C	0.47486251431541504	0.47486251431541504
YDR191W	-0.4747376007495596	0.4747376007495596
YPL084W	0.4740307902458012	0.4740307902458012
YER042W	-0.4734034941972185	0.4734034941972185
YJL006C	0.473178114429043	0.473178114429043
YMR267W	-0.47310621552699317	0.47310621552699317
YLR270W	0.4727249647395091	0.4727249647395091
YBL088C	0.47253517123410216	0.47253517123410216
YPR023C	0.47251777074392365	0.47251777074392365
YML028W	-0.4722728079518461	0.4722728079518461
YMR212C	0.47201295502066465	0.47201295502066465
YAL027W	-0.4710950990329019	0.4710950990329019
YMR274C	0.47091727557369545	0.47091727557369545
YGR238C	0.47080571494267076	0.47080571494267076
YDL112W	0.47078053951566545	0.47078053951566545
YLL045C	0.4703104354967884	0.4703104354967884
YER015W	-0.47021667388311794	0.47021667388311794
YKL049C	-0.47019418226291965	0.47019418226291965
YDR302W	-0.469891333375708	0.469891333375708
YMR031C	0.4698308172643637	0.4698308172643637
YJR031C	0.46963097409242405	0.46963097409242405
YER150W	0.4692847723597122	0.4692847723597122
YCR039C	-0.469152979258066	0.469152979258066
YCL067C	-0.469152979258066	0.469152979258066
YER081W	-0.46908077248608837	0.46908077248608837
YDR501W	-0.468695021925285	0.468695021925285
YDL017W	-0.46860959736747265	0.46860959736747265
YER154W	0.4684565791459807	0.4684565791459807
YBR127C	0.46823277498982563	0.46823277498982563
YOR227W	0.46816047600872146	0.46816047600872146
YBR185C	-0.46791366528823897	0.46791366528823897
YBR121C	0.4676687378945754	0.4676687378945754
YDL098C	0.46744446698714626	0.46744446698714626
YLR390W-A	0.46738843244419925	0.46738843244419925
YGR264C	0.4673687972758458	0.4673687972758458
YKR035W-A	-0.46723511287934993	0.46723511287934993
YPL049C	0.4668916900547124	0.4668916900547124
YDL141W	0.46659648378156415	0.46659648378156415
YKL126W	0.4665456069344911	0.4665456069344911
YER094C	-0.46633694279298954	0.46633694279298954
YJR074W	-0.46576140757749673	0.46576140757749673
YPL023C	0.4657250611972428	0.4657250611972428
YNL284C-B	0.4657215170759903	0.4657215170759903
YDR231C	-0.46567943833589	0.46567943833589
YJL177W	-0.4655711038691699	0.4655711038691699
YNL216W	0.4649570560246632	0.4649570560246632
YMR129W	0.46476012294879077	0.46476012294879077
YKL063C	-0.46448111953700266	0.46448111953700266
YJL081C	0.4642538719620024	0.4642538719620024
YBR133C	0.4642051156375553	0.4642051156375553
YDR443C	0.46381493033585564	0.46381493033585564
YHR132C	-0.46363814476671195	0.46363814476671195
Q0255	-0.46355867266097395	0.46355867266097395
YLR094C	0.4633008469802	0.4633008469802
YOR217W	0.46328070183034953	0.46328070183034953
YKR081C	0.4630461739426437	0.4630461739426437
YLR084C	0.4629307065013908	0.4629307065013908
YDR184C	-0.46277763115702086	0.46277763115702086
YFR044C	0.4626337627827297	0.4626337627827297
YKR042W	0.46241611262086124	0.46241611262086124
YBL020W	0.4624135294801306	0.4624135294801306
YGL036W	0.4623763488668571	0.4623763488668571
YJR123W	-0.4623676271420365	0.4623676271420365
YKL110C	0.4618272065098017	0.4618272065098017
YMR280C	-0.4617186768269663	0.4617186768269663
YGR113W	0.46143328705442155	0.46143328705442155
YKL029C	0.461341798453061	0.461341798453061
YDR093W	0.4612652964890591	0.4612652964890591
YFR045W	0.4610522626693996	0.4610522626693996
YCR071C	-0.46087411036376214	0.46087411036376214
YMR147W	0.460778598725069	0.460778598725069
YBL056W	0.460643003638725	0.460643003638725
YLR189C	0.460613974944744	0.460613974944744
YLR148W	0.4605203770595008	0.4605203770595008
YOR010C	-0.46050648762426993	0.46050648762426993
YPL190C	0.4603416817930315	0.4603416817930315
YDR026C	0.45950509384749694	0.45950509384749694
YLR002C	0.4593894692592224	0.4593894692592224
YPR171W	0.45938676278591295	0.45938676278591295
YGR109W-B	0.45912907765912614	0.45912907765912614
YPL166W	0.4590316940161516	0.4590316940161516
YJL157C	0.4589348378555682	0.4589348378555682
YER052C	0.45861382720616817	0.45861382720616817
YPL005W	0.4585477897237116	0.4585477897237116
YOR347C	0.45851346323758335	0.45851346323758335
YPR091C	0.45830549204020965	0.45830549204020965
YDL010W	-0.4582683149946565	0.4582683149946565
YJR051W	-0.4581929678436305	0.4581929678436305
YIL162W	0.45818818125691596	0.45818818125691596
YML025C	-0.4581743436812218	0.4581743436812218
YBR276C	0.4580884590700087	0.4580884590700087
YLL036C	0.4579553402951184	0.4579553402951184
YPL191C	0.4577251847520225	0.4577251847520225
YDL117W	0.45754853689273034	0.45754853689273034
YHL024W	-0.45747014576495504	0.45747014576495504
YHR169W	0.4573533065269322	0.4573533065269322
YPR113W	-0.4572641152854082	0.4572641152854082
YDR264C	0.45711769635185284	0.45711769635185284
YPR016C	-0.4570949640305617	0.4570949640305617
YGR017W	0.4569897077374794	0.4569897077374794
YJL092W	0.4568083693650298	0.4568083693650298
YKL028W	0.45630346886636897	0.45630346886636897
YLR352W	0.4562233183774831	0.4562233183774831
YDL082W	-0.4561849123401416	0.4561849123401416
YOR112W	0.4561732740966651	0.4561732740966651
YMR061W	0.45598427245477424	0.45598427245477424
YDL111C	-0.4559024550209321	0.4559024550209321
YBR237W	-0.4557737334096048	0.4557737334096048
YPR127W	0.45561913584156954	0.45561913584156954
YKL209C	0.4552302627793967	0.4552302627793967
YAL037W	0.45478074699316107	0.45478074699316107
YNL037C	0.4543273690832734	0.4543273690832734
YPL145C	0.4541198461424303	0.4541198461424303
YLR005W	0.4539646854691135	0.4539646854691135
YGL194C	-0.45372666272119755	0.45372666272119755
Q0085	-0.45351308372976007	0.45351308372976007
YLR420W	0.4530977669472085	0.4530977669472085
YOR043W	0.4530885268379645	0.4530885268379645
YOR034C	0.4527907397977682	0.4527907397977682
YOR117W	0.4522633841162831	0.4522633841162831
YDR538W	0.45191139783554135	0.45191139783554135
YFL041W	-0.4516291736804625	0.4516291736804625
Q0160	-0.45160668226043477	0.45160668226043477
YBR256C	-0.4514575182276035	0.4514575182276035
YPR191W	0.4512896659661507	0.4512896659661507
YJL124C	0.4511744718076969	0.4511744718076969
YKR025W	0.4510124790660539	0.4510124790660539
YPL097W	-0.45099911535348625	0.45099911535348625
YIL156W	0.450737698031733	0.450737698031733
YDR320C	0.4505217743986929	0.4505217743986929
YER147C	-0.45049858529890496	0.45049858529890496
YMR296C	0.45043561849435676	0.45043561849435676
YPR036W	0.44974988660024806	0.44974988660024806
YOL038W	-0.44972273948041064	0.44972273948041064
YHL002W	-0.4495317726386192	0.4495317726386192
YNR006W	0.44936249832579733	0.44936249832579733
YIL146C	-0.44926096569376384	0.44926096569376384
YNR019W	0.44912899988792176	0.44912899988792176
YML091C	0.44906236705824476	0.44906236705824476
YIL055C	-0.4490006837792988	0.4490006837792988
YDR217C	0.44874651859252523	0.44874651859252523
YMR250W	0.4485462672959635	0.4485462672959635
YEL053C	0.44836605619988124	0.44836605619988124
YML010W	0.4479715747045736	0.4479715747045736
YAL035W	0.4478834697347409	0.4478834697347409
YJR099W	-0.44760471197047025	0.44760471197047025
YPL040C	-0.44739974074612476	0.44739974074612476
Q0070	-0.4473398120899761	0.4473398120899761
YPL002C	0.44692855055730885	0.44692855055730885
YBL024W	0.44662408489639827	0.44662408489639827
YGL209W	0.4464781568853171	0.4464781568853171
YML074C	-0.44638607276777265	0.44638607276777265
YDL031W	0.4462050310455261	0.4462050310455261
YNL132W	0.4460776430859168	0.4460776430859168
YOR007C	0.4459415355708831	0.4459415355708831
YOR359W	0.44558589181759345	0.44558589181759345
YHR127W	0.4453405106960009	0.4453405106960009
YNL032W	-0.4449643914807675	0.4449643914807675
YJL117W	-0.44484876845435206	0.44484876845435206
YJL068C	0.4447997256962877	0.4447997256962877
YJR111C	0.4446967222581808	0.4446967222581808
YHR119W	0.44449990008547324	0.44449990008547324
YDR062W	0.44431544040059023	0.44431544040059023
YGR129W	-0.44393550691765427	0.44393550691765427
YEL050C	-0.44345191381635196	0.44345191381635196
YML027W	-0.4431079346317235	0.4431079346317235
YPR061C	-0.44285834398467383	0.44285834398467383
YHL011C	-0.44252907312258394	0.44252907312258394
YER124C	0.44181373899860077	0.44181373899860077
YDR310C	0.44174177858563635	0.44174177858563635
YDL063C	0.44158987229601365	0.44158987229601365
YNL099C	-0.44127474848342363	0.44127474848342363
YDL106C	0.4411960190610378	0.4411960190610378
YNL217W	-0.4410844068227373	0.4410844068227373
YBL045C	0.44093048304497007	0.44093048304497007
YBR240C	-0.44071163172336103	0.44071163172336103
YKL059C	0.44065975686505876	0.44065975686505876
YPR047W	0.44051771774450366	0.44051771774450366
YHR028C	0.4405039339219661	0.4405039339219661
YGR197C	-0.4403490775365775	0.4403490775365775
YOL077C	0.43979373239122665	0.43979373239122665
YER165W	0.43962221480341057	0.43962221480341057
YJL008C	0.4396200278895659	0.4396200278895659
YJL026W	0.4395602100338998	0.4395602100338998
YNL152W	0.43953390155596317	0.43953390155596317
YOR192C-A	0.4394928943300922	0.4394928943300922
YDR034C-D	-0.439248582017556	0.439248582017556
YEL060C	0.43897069613939177	0.43897069613939177
YGR253C	-0.4388244299712465	0.4388244299712465
YEL066W	-0.4387727023362116	0.4387727023362116
YML126C	0.43872927556486907	0.43872927556486907
YPL053C	-0.4385125941199348	0.4385125941199348
YNL222W	-0.43843934773964843	0.43843934773964843
YDR477W	0.43843689545980347	0.43843689545980347
YCR025C	-0.43809719021242666	0.43809719021242666
YLR380W	0.4377013177534739	0.4377013177534739
YDR148C	0.4376412477279015	0.4376412477279015
YBR172C	0.4372084476091178	0.4372084476091178
YBR136W	0.43717254567234676	0.43717254567234676
YDR486C	0.43714069307271686	0.43714069307271686
YBR166C	0.4368594554947096	0.4368594554947096
YOR375C	-0.4365234610635351	0.4365234610635351
YBR014C	0.4363529606137657	0.4363529606137657
YPL128C	0.4363349335069433	0.4363349335069433
YER017C	0.43590181102100267	0.43590181102100267
YLR442C	-0.43561895820712415	0.43561895820712415
YPL088W	0.4354759210416974	0.4354759210416974
YMR135C	0.4350811942693875	0.4350811942693875
YIR003W	0.43507291207883103	0.43507291207883103
YBL017C	0.4350092279313662	0.4350092279313662
YJR109C	0.4349376787004129	0.4349376787004129
YOL103W-B	0.4346743670530415	0.4346743670530415
YDL086W	-0.43466523261467316	0.43466523261467316
YNL041C	0.43458674071437287	0.43458674071437287
YAL005C	0.4344519726936156	0.4344519726936156
YGR100W	0.4342875976743388	0.4342875976743388
YGL078C	0.43424983601024714	0.43424983601024714
YDR418W	-0.433881967451601	0.433881967451601
YJR042W	-0.43384433800844047	0.43384433800844047
YML043C	-0.4332657219784153	0.4332657219784153
YPL030W	-0.43316638089090453	0.43316638089090453
YDR397C	-0.4329011571885326	0.4329011571885326
YBR036C	-0.4328559207528233	0.4328559207528233
YDR228C	0.4326458391171668	0.4326458391171668
YLR170C	0.4322001465813523	0.4322001465813523
YNL011C	0.4321926650264736	0.4321926650264736
YMR028W	-0.43201829065666164	0.43201829065666164
YBR228W	-0.43190936609434694	0.43190936609434694
YHR066W	-0.4317380565623683	0.4317380565623683
YDR453C	0.4316972041744416	0.4316972041744416
YLR439W	0.4312540397732052	0.4312540397732052
YCR089W	0.4312481163727053	0.4312481163727053
YDR391C	0.4311403698463865	0.4311403698463865
YML054C	-0.43113111066307397	0.43113111066307397
YPR089W	0.4306865915762499	0.4306865915762499
YGR007W	0.4304354727272548	0.4304354727272548
YKL136W	0.43011708591961706	0.43011708591961706
YGL140C	0.429916380553812	0.429916380553812
YLR336C	-0.4298632507240505	0.4298632507240505
YHR030C	0.4297792302124943	0.4297792302124943
YBR289W	0.42969903107946905	0.42969903107946905
YOL096C	-0.429691599407108	0.429691599407108
YLL001W	0.42959187528516907	0.42959187528516907
YAL033W	-0.4294568675801509	0.4294568675801509
YJR015W	-0.4291482191156959	0.4291482191156959
YNL209W	0.4291152000117293	0.4291152000117293
YDR250C	-0.4290426316936806	0.4290426316936806
YOR317W	0.428938006309707	0.428938006309707
YDR222W	0.42854600584599023	0.42854600584599023
YJL098W	0.4282777054101148	0.4282777054101148
YGL215W	0.42827529583338464	0.42827529583338464
YOR145C	-0.4276694689025975	0.4276694689025975
YOR033C	0.42737254452679885	0.42737254452679885
YBR087W	-0.4272472272684569	0.4272472272684569
YBR126C	0.42710191752267335	0.42710191752267335
YJL206C	0.42679740197632743	0.42679740197632743
YER090W	0.42668771629920954	0.42668771629920954
YNL091W	0.4266358932578518	0.4266358932578518
YGR161W-C	-0.4259814345988488	0.4259814345988488
YDR430C	0.42594923050050504	0.42594923050050504
YBR265W	0.4258837109424496	0.4258837109424496
YLL048C	0.42575440463925673	0.42575440463925673
YER116C	-0.4256270250448546	0.4256270250448546
YJR003C	-0.42561013701436234	0.42561013701436234
YNL002C	-0.42559425295633346	0.42559425295633346
YNL071W	0.42547608965141137	0.42547608965141137
YOR271C	0.42480957748853676	0.42480957748853676
YNL298W	0.4246381825736236	0.4246381825736236
YPL068C	-0.42452887246918625	0.42452887246918625
YOL094C	0.4244382219791003	0.4244382219791003
YKL020C	0.42418231666957773	0.42418231666957773
YKR058W	0.4236526850280251	0.4236526850280251
YJR007W	0.42354306662234453	0.42354306662234453
YDL084W	0.42336884962863586	0.42336884962863586
YOR156C	0.42334536527578237	0.42334536527578237
YML109W	-0.4233370940100798	0.4233370940100798
YDL185W	0.42316171300512195	0.42316171300512195
YPR075C	0.4230517212529339	0.4230517212529339
YDR070C	-0.4229457203390159	0.4229457203390159
YOL120C	-0.42274814355240053	0.42274814355240053
YPR169W	0.42214705436882305	0.42214705436882305
YGL063W	-0.4220619880953649	0.4220619880953649
YJR040W	-0.4219652129306173	0.4219652129306173
YPL225W	-0.42180584996869364	0.42180584996869364
YGR267C	0.42150869251613976	0.42150869251613976
YDR167W	-0.4213908890733018	0.4213908890733018
YMR076C	0.42113801505910864	0.42113801505910864
YLR115W	0.4205622087449701	0.4205622087449701
YPR088C	0.4203332207042507	0.4203332207042507
YFR051C	0.42009547684765725	0.42009547684765725
YKR099W	0.4200812095368951	0.4200812095368951
YLR120C	0.41955555233153863	0.41955555233153863
YNL273W	-0.4194441285994124	0.4194441285994124
YLL016W	-0.4189873359752623	0.4189873359752623
YCR051W	-0.41894291135900286	0.41894291135900286
YBR223C	-0.41887945207080435	0.41887945207080435
YJL181W	-0.41879295794863935	0.41879295794863935
YBL016W	-0.4187073298866437	0.4187073298866437
YBR163W	0.41861051135714344	0.41861051135714344
YMR246W	0.41840922047405016	0.41840922047405016
YIL103W	-0.4181796420160522	0.4181796420160522
YER014W	0.41791736392937473	0.41791736392937473
YDL002C	-0.4178007643130517	0.4178007643130517
YLR019W	0.41775708151236124	0.41775708151236124
YOL025W	0.41757507337325084	0.41757507337325084
YOR093C	-0.4175025235696399	0.4175025235696399
YKL047W	0.4165806051988872	0.4165806051988872
YJR145C	-0.41648358762190796	0.41648358762190796
YOL117W	0.4163566102113627	0.4163566102113627
YNL121C	0.4162757017016121	0.4162757017016121
YPR049C	-0.41599357309732277	0.41599357309732277
YLR024C	0.4158465648480494	0.4158465648480494
YBR231C	-0.41569434100397373	0.41569434100397373
YDR432W	0.4155049744634809	0.4155049744634809
YPL064C	0.4154719871101564	0.4154719871101564
YDR213W	0.41542771887420216	0.41542771887420216
YPR101W	0.4151640283024989	0.4151640283024989
YHR070W	0.41493832304715017	0.41493832304715017
YNL183C	0.414733392466923	0.414733392466923
YGR277C	-0.414689681462713	0.414689681462713
YAL002W	0.41467976211599034	0.41467976211599034
YLL055W	-0.4145043183152195	0.4145043183152195
YJL197W	0.41440871584116845	0.41440871584116845
YJR066W	0.4143162857906013	0.4143162857906013
YNL064C	0.41411597528406574	0.41411597528406574
YDR396W	0.41406501962109266	0.41406501962109266
YMR030W-A	-0.4139838783885821	0.4139838783885821
YDL073W	0.41378246233802596	0.41378246233802596
YJR124C	-0.4135072489283278	0.4135072489283278
YPL076W	-0.4135046541642726	0.4135046541642726
YLR186W	0.41349030010033694	0.41349030010033694
YMR169C	0.4134781825333569	0.4134781825333569
YJL010C	0.41329330644205253	0.41329330644205253
YGR033C	0.41279935147032454	0.41279935147032454
YER082C	0.41160676546943886	0.41160676546943886
YDL135C	-0.4112333995176618	0.4112333995176618
YGR167W	0.41109777989931384	0.41109777989931384
YBL113C	-0.4107630816304777	0.4107630816304777
YBL084C	0.4105736355777072	0.4105736355777072
YEL062W	0.41026598983021945	0.41026598983021945
YER142C	0.41020697481244195	0.41020697481244195
YGR255C	-0.4099116353224206	0.4099116353224206
YJL110C	0.40962691202626633	0.40962691202626633
YCR012W	-0.40958422212398027	0.40958422212398027
YKR043C	-0.40925809118880174	0.40925809118880174
YOR260W	0.4092458695325174	0.4092458695325174
YFR038W	0.4090244981064872	0.4090244981064872
YER186C	-0.40902296389013415	0.40902296389013415
YDR306C	-0.40878461808890254	0.40878461808890254
YEL055C	0.4087772262433935	0.4087772262433935
YGL005C	-0.4087138792789444	0.4087138792789444
YIL043C	-0.40870106641185355	0.40870106641185355
YOL023W	0.40855929046976147	0.40855929046976147
YBR225W	0.40850061636122437	0.40850061636122437
YGL221C	-0.4084614465045666	0.4084614465045666
YLR398C	0.4083771597355774	0.4083771597355774
YDR385W	0.40818634350373273	0.40818634350373273
YNR052C	0.4078992160252799	0.4078992160252799
YPR128C	0.4077949845801303	0.4077949845801303
YBR267W	-0.4077731361876147	0.4077731361876147
YIL092W	-0.40775873104602134	0.40775873104602134
YMR235C	0.4077296892013509	0.4077296892013509
YBR021W	0.4073626791298448	0.4073626791298448
YLR260W	0.4070189478841115	0.4070189478841115
YJR094C	-0.40701300906452076	0.40701300906452076
YPL256C	0.40699701273276556	0.40699701273276556
YDR390C	0.4067668600657637	0.4067668600657637
YOR308C	-0.4065605554065117	0.4065605554065117
YBR057C	-0.40639122517942816	0.40639122517942816
YMR121C	-0.406353887549356	0.406353887549356
YIL039W	0.40625306261294725	0.40625306261294725
YDL076C	0.40616650874284943	0.40616650874284943
YDL078C	0.40562313680875484	0.40562313680875484
YFR009W	0.40555468686705254	0.40555468686705254
YLR226W	-0.40549276159421943	0.40549276159421943
YNL053W	0.4053827283678313	0.4053827283678313
YPR104C	0.40520752836977625	0.40520752836977625
YPL177C	-0.40508133304766236	0.40508133304766236
YPR057W	-0.40485536472130956	0.40485536472130956
YDR304C	-0.4047769692487808	0.4047769692487808
YGL111W	0.40443432745686536	0.40443432745686536
YLR035C	-0.40424202162451817	0.40424202162451817
YLR056W	-0.4037826665858244	0.4037826665858244
YDR129C	0.40372331462484645	0.40372331462484645
YDL167C	0.4036659474635256	0.4036659474635256
YGL115W	0.40341035800808633	0.40341035800808633
YKL132C	0.4031854148971279	0.4031854148971279
YER028C	0.4030132191195861	0.4030132191195861
YJR068W	0.4028913006764725	0.4028913006764725
YPL176C	-0.4028394101283652	0.4028394101283652
YER022W	0.402323585111251	0.402323585111251
YPR161C	0.4023171727253789	0.4023171727253789
YGL012W	-0.40184553123290456	0.40184553123290456
YDL060W	0.40172416707326253	0.40172416707326253
YNL240C	-0.4013742525522357	0.4013742525522357
YGR195W	-0.40136464060193244	0.40136464060193244
YOL034W	-0.40116605570741193	0.40116605570741193
YPL015C	0.4008703504496207	0.4008703504496207
YDR164C	0.40086841549229035	0.40086841549229035
YGL057C	-0.4007691826768145	0.4007691826768145
YNL200C	-0.40033504685386667	0.40033504685386667
YLR086W	0.4001835025361107	0.4001835025361107
YOR012W	-0.4001679144125423	0.4001679144125423
YIL018W	-0.3997283634683537	0.3997283634683537
YDR239C	0.3996754599081358	0.3996754599081358
YPL065W	-0.39966066714767123	0.39966066714767123
YKR029C	0.39960516750190944	0.39960516750190944
YJR029W	0.39951936648120956	0.39951936648120956
YCL027W	0.3992555482653737	0.3992555482653737
YJL083W	0.3992005639514087	0.3992005639514087
YGL107C	-0.398983539394858	0.398983539394858
YBL029W	0.39891083761055857	0.39891083761055857
YKR006C	0.3985235369965583	0.3985235369965583
YER031C	-0.39767768266573356	0.39767768266573356
YPL244C	-0.39767326405595504	0.39767326405595504
YEL016C	-0.39747376603646867	0.39747376603646867
YKL065C	0.39745287807798757	0.39745287807798757
YDR444W	0.397368373081739	0.397368373081739
YOR026W	0.3970045861533933	0.3970045861533933
YOR054C	0.3968537578017308	0.3968537578017308
YFL034C-B	0.39684226085153806	0.39684226085153806
YOR363C	0.3966984735058414	0.3966984735058414
YLR465C	-0.3966512280415068	0.3966512280415068
YAL066W	-0.3966512280415068	0.3966512280415068
YAL045C	-0.3966512280415068	0.3966512280415068
YBR202W	0.3965673425004663	0.3965673425004663
YLR360W	0.39651324500663776	0.39651324500663776
YBR028C	0.396444693108541	0.396444693108541
YFL045C	-0.3960476796722183	0.3960476796722183
YMR054W	-0.39599183828106277	0.39599183828106277
YHR068W	0.39577305642080773	0.39577305642080773
YER008C	0.3955585366837031	0.3955585366837031
YML111W	0.3954008825417912	0.3954008825417912
YDL207W	-0.39527557770975363	0.39527557770975363
YKL193C	-0.3947849307686653	0.3947849307686653
YPR133C	0.3946185325423359	0.3946185325423359
YJL048C	-0.3945229847785239	0.3945229847785239
YNL134C	0.39430615469595587	0.39430615469595587
YLR283W	-0.394295151772301	0.394295151772301
YIR010W	-0.39427359055719347	0.39427359055719347
YBR207W	-0.3940153470859977	0.3940153470859977
YBR167C	0.3938710769335625	0.3938710769335625
YHR203C	-0.39376228072101327	0.39376228072101327
YKL116C	-0.39367963560613184	0.39367963560613184
YBR115C	0.3936469492180352	0.3936469492180352
YMR261C	0.39357490082375257	0.39357490082375257
YER013W	-0.39316425229517815	0.39316425229517815
YDR202C	0.39312931555840613	0.39312931555840613
YKL034W	0.39281420453412963	0.39281420453412963
YAL014C	-0.3927901678711727	0.3927901678711727
YCR034W	-0.39272390062677864	0.39272390062677864
YGL231C	0.3926363480142756	0.3926363480142756
YNL158W	-0.3924244138139352	0.3924244138139352
YPL210C	0.39218578653429326	0.39218578653429326
YNL073W	0.39217893867522413	0.39217893867522413
YDR389W	0.39191226500979326	0.39191226500979326
YBR236C	0.39183090208189153	0.39183090208189153
YOR080W	-0.3915925408257692	0.3915925408257692
YDR419W	-0.39145547205444053	0.39145547205444053
YPL010W	0.3913816213378487	0.3913816213378487
YIL005W	0.3913570876361341	0.3913570876361341
YOR304W	0.3913508606644305	0.3913508606644305
YIL124W	-0.3912980817223968	0.3912980817223968
YGL116W	0.39126447690425437	0.39126447690425437
YNL062C	-0.39126206927811236	0.39126206927811236
YLR249W	0.39070928663540627	0.39070928663540627
YDR211W	0.3906236936006309	0.3906236936006309
YNL163C	0.39060014559423273	0.39060014559423273
YGR286C	0.39048237244975326	0.39048237244975326
YJL139C	-0.3902663144301739	0.3902663144301739
YLR431C	-0.3899460076348573	0.3899460076348573
YMR223W	0.38984844055400636	0.38984844055400636
YBR259W	0.3897495779556124	0.3897495779556124
YLR187W	0.38933835189527244	0.38933835189527244
YDR507C	0.38925469399120516	0.38925469399120516
YOR136W	0.38910097667363885	0.38910097667363885
YOL137W	-0.38881242284156414	0.38881242284156414
YMR080C	0.38866386932445085	0.38866386932445085
YBR280C	0.38846561033027527	0.38846561033027527
YMR257C	-0.3884173984249175	0.3884173984249175
YDR372C	0.38839873301124683	0.38839873301124683
YDR175C	-0.3880648678096037	0.3880648678096037
YLR174W	-0.38804886187799514	0.38804886187799514
YCL052C	0.3878307927167812	0.3878307927167812
YBL105C	0.3877645591109413	0.3877645591109413
YPR107C	-0.3876525505748907	0.3876525505748907
YHR209W	-0.38756491818870487	0.38756491818870487
YOR087W	-0.3870415246365564	0.3870415246365564
YOR207C	0.386974455117592	0.386974455117592
YPL270W	0.3869467331022989	0.3869467331022989
YDR322W	0.38686355325982014	0.38686355325982014
YDL227C	-0.3868390850402825	0.3868390850402825
YDR081C	0.38664412814438887	0.38664412814438887
YOL041C	0.38660870731608643	0.38660870731608643
YDR246W	0.38636566485879964	0.38636566485879964
YGL216W	0.3863507483670059	0.3863507483670059
YNL116W	-0.3861831908718498	0.3861831908718498
YBR022W	0.38597886941898985	0.38597886941898985
YBR149W	0.3856195506076663	0.3856195506076663
YDR331W	-0.3854909474644135	0.3854909474644135
YPL141C	0.38547882928053845	0.38547882928053845
YOL021C	0.3851618334423179	0.3851618334423179
YOR324C	0.3847380998558467	0.3847380998558467
YLR027C	0.3847317793171925	0.3847317793171925
Q0140	-0.3845282379228223	0.3845282379228223
YIR022W	-0.38413228969293023	0.38413228969293023
YNL161W	0.38398895946278877	0.38398895946278877
YKL121W	0.3839279471340875	0.3839279471340875
YOR130C	-0.38350670838127776	0.38350670838127776
YJR158W	0.38341276664647256	0.38341276664647256
YPL239W	-0.38317719509639137	0.38317719509639137
YOR065W	0.3824832872429642	0.3824832872429642
YML049C	0.38239601798245815	0.38239601798245815
YDL051W	-0.3819726894811275	0.3819726894811275
YDR361C	0.38192208086373114	0.38192208086373114
YER074W	-0.38191356361751083	0.38191356361751083
YMR068W	-0.38156117483955576	0.38156117483955576
YLR320W	-0.3812722941805413	0.3812722941805413
YMR241W	-0.3808589034803145	0.3808589034803145
YGR156W	0.3807154848035985	0.3807154848035985
YDL189W	0.38029882482188615	0.38029882482188615
YCR048W	0.37990316817409475	0.37990316817409475
YER018C	-0.37960565303400173	0.37960565303400173
YJR080C	-0.37908173409578794	0.37908173409578794
YNL031C	-0.3789211167744604	0.3789211167744604
YPR086W	0.37879574123038573	0.37879574123038573
YDR423C	0.3785367198359859	0.3785367198359859
YKR019C	0.37782210280409423	0.37782210280409423
YER117W	-0.37772718609781464	0.37772718609781464
YLR052W	0.3776637871585553	0.3776637871585553
YDL231C	0.3773051377481913	0.3773051377481913
Q0144	-0.37729326763687293	0.37729326763687293
YCL004W	0.37728341841218693	0.37728341841218693
YKL090W	0.3771864016167896	0.3771864016167896
YGR157W	0.37677682260095935	0.37677682260095935
YDR053W	0.3763443055228963	0.3763443055228963
YAL034W-A	-0.37615347518218023	0.37615347518218023
YIL107C	0.37606129634085406	0.37606129634085406
YOL049W	0.37567140480457795	0.37567140480457795
YBR159W	0.37532582949074467	0.37532582949074467
YPR097W	0.3753170856473069	0.3753170856473069
YDR516C	0.3747801987062038	0.3747801987062038
YJR086W	-0.3745959208567885	0.3745959208567885
YOR362C	0.37416473917779136	0.37416473917779136
YIL098C	0.3736547112472035	0.3736547112472035
YML034W	0.3733309495141217	0.3733309495141217
YIL022W	0.37327248177823424	0.37327248177823424
YGR173W	-0.37315390604261633	0.37315390604261633
YJL047C	0.37312562940453464	0.37312562940453464
YDL148C	0.3730141546100372	0.3730141546100372
YMR312W	0.3722218677216258	0.3722218677216258
YIR021W	0.3721675113343519	0.3721675113343519
YDR117C	0.3719584723446232	0.3719584723446232
YHR063W-A	-0.37191429570713036	0.37191429570713036
YGL029W	-0.37191227008473593	0.37191227008473593
YLR257W	0.37189097541913974	0.37189097541913974
YBR301W	-0.37161787571450705	0.37161787571450705
YDR128W	0.3715846966105012	0.3715846966105012
YNL336W	0.3714538822189031	0.3714538822189031
YFL001W	0.37120513352360796	0.37120513352360796
YDR057W	0.37093488424561194	0.37093488424561194
YIL141W	0.37043022079924115	0.37043022079924115
YEL051W	-0.37042281536868416	0.37042281536868416
YMR222C	-0.37027418648090116	0.37027418648090116
YKL176C	0.3700712800959476	0.3700712800959476
YJL070C	-0.36978855194724414	0.36978855194724414
YNL054W-B	0.3695916533959167	0.3695916533959167
YGR021W	-0.36946674639939303	0.36946674639939303
YIL069C	-0.36937879149746067	0.36937879149746067
YOR322C	0.36927312706282933	0.36927312706282933
YMR086C-A	-0.36924817342089	0.36924817342089
YDR146C	0.3686801716773349	0.3686801716773349
YMR275C	0.36860318406227677	0.36860318406227677
YBR132C	0.3685820846062029	0.3685820846062029
YGR177C	-0.3685527162293418	0.3685527162293418
YNL098C	0.3685523756466971	0.3685523756466971
YMR162C	0.36828957874285173	0.36828957874285173
YNL087W	0.3681863947904631	0.3681863947904631
YPR074C	0.3679947888156363	0.3679947888156363
YKL213C	0.3679758653816192	0.3679758653816192
YDR036C	0.36785989702778643	0.36785989702778643
YDR262W	0.36783179689287326	0.36783179689287326
YBL023C	0.3672348916485406	0.3672348916485406
YDR085C	-0.3671571430726903	0.3671571430726903
YMR166C	0.36712995786066127	0.36712995786066127
YBR005W	0.36701382034742025	0.36701382034742025
YER144C	0.36692423251361994	0.36692423251361994
YKR041W	0.3667621489292321	0.3667621489292321
YDR283C	0.36674675840489535	0.36674675840489535
YDR292C	0.36672681940351026	0.36672681940351026
YDL238C	0.3665210697748975	0.3665210697748975
YIL073C	-0.36648081865245086	0.36648081865245086
YML069W	0.3662255286166296	0.3662255286166296
YGL166W	-0.3661520707335999	0.3661520707335999
YDR104C	-0.36592564000057326	0.36592564000057326
YMR219W	0.3658803617739048	0.3658803617739048
YCR057C	0.365719746659007	0.365719746659007
YKL216W	-0.3656890006285618	0.3656890006285618
YPL043W	0.3655799496359915	0.3655799496359915
YDL225W	0.365469914844053	0.365469914844053
YGR234W	0.3653434176759962	0.3653434176759962
YOR297C	-0.36471232282013055	0.36471232282013055
YOR307C	0.36456175641806254	0.36456175641806254
YBL031W	-0.3645398046690449	0.3645398046690449
YER007C-A	-0.36450856256945574	0.36450856256945574
YNL096C	-0.36444135482356543	0.36444135482356543
YBL005W-B	0.3643982154819412	0.3643982154819412
YML031W	0.3643774061747793	0.3643774061747793
YPR080W	-0.3643037561042419	0.3643037561042419
YAR015W	-0.36429444707208347	0.36429444707208347
YPR175W	0.36413142602563475	0.36413142602563475
YNL233W	0.36398269338316513	0.36398269338316513
YCL011C	0.3639734420322629	0.3639734420322629
YOR128C	0.36396685212328705	0.36396685212328705
YFL010C	-0.3638465167151015	0.3638465167151015
YHR008C	0.36381962195728157	0.36381962195728157
YNR067C	0.36365292081672074	0.36365292081672074
YDR520C	-0.36350359101180985	0.36350359101180985
YOR329C	0.363251736180894	0.363251736180894
YGL001C	0.3630797191428128	0.3630797191428128
YIL014W	0.3625024135744379	0.3625024135744379
YPR053C	-0.3624204148650545	0.3624204148650545
YER079W	-0.36240062610039026	0.36240062610039026
YOL128C	-0.36211300219428466	0.36211300219428466
YGR046W	-0.3620268526831776	0.3620268526831776
YLR298C	0.36196856150787315	0.36196856150787315
YMR173W-A	-0.3616034849290948	0.3616034849290948
YDR359C	0.36158771611030627	0.36158771611030627
YDR120C	0.3614663750582343	0.3614663750582343
YKL127W	0.3612560176711881	0.3612560176711881
YJR090C	0.36062666359600026	0.36062666359600026
YNL227C	-0.3603122615487475	0.3603122615487475
YER098W	0.35965439150350065	0.35965439150350065
YLR195C	0.35928173886973624	0.35928173886973624
YPR034W	0.3592477985748834	0.3592477985748834
YPL276W	-0.35909509572412374	0.35909509572412374
YOR114W	0.359001898004208	0.359001898004208
YDR398W	0.3587832565484046	0.3587832565484046
YLR150W	0.3587700872833164	0.3587700872833164
YEL010W	-0.35873457677779064	0.35873457677779064
YLR269C	-0.35873457677779064	0.35873457677779064
YNL325C	0.35866301631716624	0.35866301631716624
YMR064W	0.35852573277739364	0.35852573277739364
YGL006W	0.3576227413558932	0.3576227413558932
YNL140C	-0.3573742827296993	0.3573742827296993
YAL063C-A	-0.35688221459767056	0.35688221459767056
YOR321W	-0.3564721193353275	0.3564721193353275
YNL063W	0.35623154592588957	0.35623154592588957
YOR203W	-0.3561429296735654	0.3561429296735654
YPL071C	0.35595629235896453	0.35595629235896453
YNL295W	0.3558027144812126	0.3558027144812126
YJL057C	-0.3557381895874645	0.3557381895874645
YDR356W	-0.35537269269716276	0.35537269269716276
YMR295C	0.35501255861475656	0.35501255861475656
YBL091C-A	-0.3550102177466048	0.3550102177466048
YHL027W	0.3546839760126028	0.3546839760126028
YOR040W	-0.3540032226496894	0.3540032226496894
YOR132W	0.353983518770006	0.353983518770006
YFL030W	-0.3536193506516936	0.3536193506516936
YPL077C	-0.35338444492377796	0.35338444492377796
YPL233W	-0.3531528164488247	0.3531528164488247
YHR206W	0.35292610575002925	0.35292610575002925
YBR147W	-0.3525867765327817	0.3525867765327817
YBR135W	0.35239393942410047	0.35239393942410047
YDR023W	0.3523649481737081	0.3523649481737081
YDR428C	0.352361092314883	0.352361092314883
YNL061W	0.3519516957381006	0.3519516957381006
YDL138W	-0.3516430407415747	0.3516430407415747
YLR451W	0.35162509688458066	0.35162509688458066
YNL225C	0.35143351181935323	0.35143351181935323
YBR187W	-0.35129427462621354	0.35129427462621354
YNL188W	0.3506517788337584	0.3506517788337584
YCR081W	-0.35040917840808383	0.35040917840808383
YBL103C	-0.35015214256460325	0.35015214256460325
YAL032C	-0.3499988642939309	0.3499988642939309
YLR108C	-0.34998771921478866	0.34998771921478866
YNL315C	-0.3496266100727299	0.3496266100727299
YPR158C-C	0.34933569128523345	0.34933569128523345
YOR232W	-0.3492621029470371	0.3492621029470371
YDR296W	0.3490518993210667	0.3490518993210667
YOL019W	0.34888875234717176	0.34888875234717176
YNL094W	0.34867483041749914	0.34867483041749914
YGR285C	0.3482582058011747	0.3482582058011747
YGR125W	0.34825421682843327	0.34825421682843327
YLR047C	-0.3479282121316283	0.3479282121316283
YJR149W	-0.3478792756088618	0.3478792756088618
YOR147W	0.34753925862635704	0.34753925862635704
YMR019W	0.34749981188721346	0.34749981188721346
YJL053W	-0.3474378901301911	0.3474378901301911
YOR154W	-0.34734029061845284	0.34734029061845284
YER026C	-0.34724372347958976	0.34724372347958976
YLR421C	-0.347146827951998	0.347146827951998
YHL019W-A	-0.3470447082195234	0.3470447082195234
YBL092W	0.3470009929636255	0.3470009929636255
YKL192C	-0.3468303713518317	0.3468303713518317
YGR025W	-0.3467062325595956	0.3467062325595956
YDR055W	0.3466806775277824	0.3466806775277824
YPL195W	0.34644835725375867	0.34644835725375867
YNL119W	0.3464076166484933	0.3464076166484933
YLR223C	0.3463961026028244	0.3463961026028244
YNL010W	-0.3463102294720457	0.3463102294720457
YNL254C	-0.3463082617110409	0.3463082617110409
YJL196C	-0.34597621489903574	0.34597621489903574
YIL101C	0.3448542562657897	0.3448542562657897
YMR217W	0.3447468780637557	0.3447468780637557
YJL186W	-0.3446171411274106	0.3446171411274106
YMR198W	-0.3441235624147492	0.3441235624147492
YJR076C	0.3438234405918168	0.3438234405918168
YGR002C	0.3436895586939386	0.3436895586939386
YNL275W	0.3431111716479949	0.3431111716479949
YDL030W	-0.34289712140741635	0.34289712140741635
YDR224C	0.34281856410366807	0.34281856410366807
YER115C	0.342436943222574	0.342436943222574
YNR012W	-0.3424009625943345	0.3424009625943345
YNL182C	0.34153910556473477	0.34153910556473477
YNL317W	-0.3414672895920665	0.3414672895920665
YOR198C	0.3407689311394311	0.3407689311394311
YHR020W	0.3405551349235445	0.3405551349235445
YCL043C	0.34050302159054624	0.34050302159054624
YPL273W	0.34012424546392594	0.34012424546392594
YOL003C	-0.33971649536540927	0.33971649536540927
YGL202W	0.3394227763837705	0.3394227763837705
YDR169C	0.33940945589758265	0.33940945589758265
YDL032W	-0.33932308188500554	0.33932308188500554
YDR502C	0.33888655559396064	0.33888655559396064
YML092C	0.3388146286289899	0.3388146286289899
YCL010C	-0.3386098279619709	0.3386098279619709
YCL008C	0.3384872391490479	0.3384872391490479
YBL053W	-0.3383859962183022	0.3383859962183022
YKL103C	0.3383269211469866	0.3383269211469866
YDL091C	0.33821032648921356	0.33821032648921356
YFL027C	0.338004151969165	0.338004151969165
YDR092W	-0.3375343314151982	0.3375343314151982
YHL003C	-0.336958818471361	0.336958818471361
YCR001W	-0.33690573677269087	0.33690573677269087
YKR024C	-0.3364614868880871	0.3364614868880871
YHR211W	0.3364559698218397	0.3364559698218397
YJL019W	0.33637575528075736	0.33637575528075736
YNL201C	0.33635222968578393	0.33635222968578393
YOR161C	-0.3362429349458207	0.3362429349458207
YDR426C	-0.33590256634577687	0.33590256634577687
YML012C-A	-0.33590256634577687	0.33590256634577687
YER083C	0.33584751581383365	0.33584751581383365
YDR395W	0.33571102048508816	0.33571102048508816
YKL005C	-0.33560916341652813	0.33560916341652813
YML038C	-0.33556459756113455	0.33556459756113455
YFL005W	-0.3354954418746878	0.3354954418746878
YDR111C	0.3353915510131209	0.3353915510131209
YKR007W	-0.33511382965955505	0.33511382965955505
YLR355C	-0.3349979116337263	0.3349979116337263
YLR178C	0.3349933727463723	0.3349933727463723
YOR005C	-0.3349298704385122	0.3349298704385122
YOL155C	0.3348418622642644	0.3348418622642644
YJR035W	-0.33472897652101086	0.33472897652101086
YLR433C	-0.33469846872490194	0.33469846872490194
YOR367W	0.3345564788108977	0.3345564788108977
YNL290W	0.33445976355386	0.33445976355386
YDR349C	0.3343214519913307	0.3343214519913307
YGR038W	-0.33386517965219564	0.33386517965219564
YGR093W	-0.3328706837566031	0.3328706837566031
YLR387C	-0.3328016066252033	0.3328016066252033
YLR243W	0.3327409369049006	0.3327409369049006
YJR001W	-0.33263235317603623	0.33263235317603623
YDL239C	-0.33250332421566764	0.33250332421566764
YGR108W	-0.332455372790756	0.332455372790756
YNL320W	-0.332342891724144	0.332342891724144
YGR223C	-0.3321059379967384	0.3321059379967384
YNL292W	-0.33208619411217555	0.33208619411217555
YNL023C	-0.3319479142734094	0.3319479142734094
YDL042C	0.33162537293572036	0.33162537293572036
YHR013C	0.3316107530012964	0.3316107530012964
YOL143C	0.33151248772543873	0.33151248772543873
YOR213C	0.33141970205831406	0.33141970205831406
YDR197W	-0.33128887898679604	0.33128887898679604
YBR102C	0.33124954061861445	0.33124954061861445
YGR245C	0.33120397622200315	0.33120397622200315
YAR014C	0.331091377380063	0.331091377380063
YKL169C	-0.33097465083680155	0.33097465083680155
YMR226C	0.330795233066306	0.330795233066306
YDL179W	0.3305500842479976	0.3305500842479976
YMR033W	0.3302919850174968	0.3302919850174968
YLR177W	0.3302786141513918	0.3302786141513918
YKL105C	0.33017457912630643	0.33017457912630643
YNL212W	0.3298516604492292	0.3298516604492292
YLR288C	-0.32981194867026	0.32981194867026
YDL174C	0.32966510080039857	0.32966510080039857
YOR037W	0.329579270531128	0.329579270531128
YOR138C	-0.3295089410824037	0.3295089410824037
YPR070W	0.32933825368867264	0.32933825368867264
YOR278W	0.3292130958832047	0.3292130958832047
YNL007C	0.3290313552076647	0.3290313552076647
YNL131W	0.3289193798457104	0.3289193798457104
YHR114W	0.3289000336800143	0.3289000336800143
YDL128W	-0.3287655056747054	0.3287655056747054
YIL152W	0.3286932531506377	0.3286932531506377
YML090W	-0.32853003350449866	0.32853003350449866
YGL133W	0.32824387429152146	0.32824387429152146
YBR177C	0.32814876233067736	0.32814876233067736
YGR148C	-0.32791469437360377	0.32791469437360377
YGR231C	-0.32777874643814187	0.32777874643814187
YLR003C	-0.3274638847982816	0.3274638847982816
YBL034C	0.32746074184079976	0.32746074184079976
YDR327W	-0.32744367172245514	0.32744367172245514
YEL038W	0.32722164340727833	0.32722164340727833
YER062C	0.3266593427305633	0.3266593427305633
YIL147C	0.32644635839155534	0.32644635839155534
YPL079W	-0.32637983782566593	0.32637983782566593
YGL131C	0.32624378141073684	0.32624378141073684
YML067C	-0.32565525045325483	0.32565525045325483
YHR005C	0.32456965222225165	0.32456965222225165
YPL154C	-0.32431202194294606	0.32431202194294606
YDR323C	-0.32427384827093686	0.32427384827093686
YHR061C	0.3242667640508099	0.3242667640508099
YJR138W	0.32405054045632387	0.32405054045632387
YOL009C	-0.32398967362391673	0.32398967362391673
YDR371W	-0.32321972831820833	0.32321972831820833
YMR146C	-0.32314791713521984	0.32314791713521984
YER152C	0.3230471439914808	0.3230471439914808
YIL050W	0.3230078997405057	0.3230078997405057
YOL002C	-0.3229538085793813	0.3229538085793813
YJL090C	0.3229294675705985	0.3229294675705985
YNL069C	-0.3222737911399367	0.3222737911399367
YKL010C	0.32224254185044643	0.32224254185044643
YPR060C	-0.32180272634911056	0.32180272634911056
YNR001C	0.32178034038134395	0.32178034038134395
YLR192C	0.32169859812178103	0.32169859812178103
YNL022C	0.3213476995968607	0.3213476995968607
YFL050C	-0.3213242817484403	0.3213242817484403
YLR101C	-0.32127177411092933	0.32127177411092933
YPL110C	0.32078835850066056	0.32078835850066056
YDR350C	-0.3207380025119031	0.3207380025119031
YPR032W	0.32023162347081513	0.32023162347081513
YDL229W	0.32003145855818715	0.32003145855818715
YPR137C-B	0.31990334282959054	0.31990334282959054
YMR154C	0.3198472786479103	0.3198472786479103
YBR097W	0.3198321075148991	0.3198321075148991
YGR171C	0.31959798007342677	0.31959798007342677
YOR171C	0.3195900390782187	0.3195900390782187
YOR332W	0.3193518157070123	0.3193518157070123
YGR240C	0.31932029700595166	0.31932029700595166
YCR009C	-0.3191124538386667	0.3191124538386667
YNR013C	0.3185805388935288	0.3185805388935288
YIL140W	-0.31827883394340084	0.31827883394340084
YCR092C	-0.3182515560025445	0.3182515560025445
YNL046W	0.31786878330022894	0.31786878330022894
YNL257C	0.3176834959508579	0.3176834959508579
YBL030C	-0.3175381750060957	0.3175381750060957
YLR144C	0.31717583591025367	0.31717583591025367
YGR012W	-0.31707890971962804	0.31707890971962804
YKR067W	0.3170563348429418	0.3170563348429418
YER119C	-0.3169292063702178	0.3169292063702178
YDL240W	-0.3166528656212506	0.3166528656212506
YOL086C	0.3163029165457516	0.3163029165457516
YOL125W	-0.31608149860473844	0.31608149860473844
YNL072W	-0.31596795285105284	0.31596795285105284
YHR077C	0.3149034065699565	0.3149034065699565
YCR052W	0.31482553034814753	0.31482553034814753
YMR075W	0.31462769283740233	0.31462769283740233
YKL148C	-0.31461392023876567	0.31461392023876567
YLR319C	-0.314488026085221	0.314488026085221
YLR209C	0.3143143883200743	0.3143143883200743
YBR082C	-0.31422742789354174	0.31422742789354174
YNR009W	0.3139508757858547	0.3139508757858547
YER102W	-0.31363163943988503	0.31363163943988503
YBL072C	-0.31363163943988503	0.31363163943988503
YBL075C	-0.31353456085423126	0.31353456085423126
YNL314W	0.31311083548013485	0.31311083548013485
YOR254C	0.3128813446661667	0.3128813446661667
YFR041C	-0.31285923953005756	0.31285923953005756
YLR286C	0.3126969067750274	0.3126969067750274
YGL237C	-0.3122805148504657	0.3122805148504657
YJL200C	0.31216380496773954	0.31216380496773954
YDR338C	-0.3119568422290504	0.3119568422290504
YJL014W	0.31180654422102805	0.31180654422102805
YPR125W	0.3117186269000225	0.3117186269000225
YKL037W	0.3117087062368363	0.3117087062368363
YCL054W	-0.31157108052808	0.31157108052808
YJR110W	-0.3113822503095758	0.3113822503095758
YOR036W	-0.31115302219896535	0.31115302219896535
YHR204W	0.3111348027609129	0.3111348027609129
YAR019C	0.31090145817166714	0.31090145817166714
YGL155W	-0.3108701555935802	0.3108701555935802
YPR135W	0.31086704724030323	0.31086704724030323
YBR084C-A	-0.3108252212942286	0.3108252212942286
YBR154C	-0.3107919389513558	0.3107919389513558
YHR117W	0.310728396506895	0.310728396506895
YHL035C	0.3106882649949192	0.3106882649949192
YKL145W	0.3105530520601114	0.3105530520601114
YGR111W	0.3105441959833186	0.3105441959833186
YDR386W	0.31040295175087795	0.31040295175087795
YAR035W	-0.3103429085438174	0.3103429085438174
YLR309C	-0.309880883231477	0.309880883231477
YOR204W	0.30964403963140086	0.30964403963140086
YIL150C	-0.30958810001519677	0.30958810001519677
YJR087W	-0.3094106275800211	0.3094106275800211
YDR346C	0.3091794762722415	0.3091794762722415
YMR306C-A	-0.3090651354759485	0.3090651354759485
YLR135W	0.3089819352974521	0.3089819352974521
YDR339C	-0.30890510222590883	0.30890510222590883
YKL155C	0.30875720299283493	0.30875720299283493
YGL026C	0.30837379969369394	0.30837379969369394
YDR487C	0.30815953091202797	0.30815953091202797
YBR017C	0.30813753640964947	0.30813753640964947
YKR013W	0.3078902008772273	0.3078902008772273
YLR266C	-0.3078026067153239	0.3078026067153239
YMR093W	0.30751375694748084	0.30751375694748084
YNL281W	-0.30740559825247793	0.30740559825247793
YDR261W-A	-0.3072633024579092	0.3072633024579092
YLL012W	-0.30700852376184606	0.30700852376184606
YGL162W	0.30675773564729525	0.30675773564729525
YCR086W	0.3066850465204567	0.3066850465204567
YKR050W	0.3063346664108968	0.3063346664108968
YGL157W	0.30602287178347787	0.30602287178347787
YPL222W	0.3059914923554006	0.3059914923554006
YJL172W	-0.305676061133326	0.305676061133326
YOL029C	-0.30551856896551577	0.30551856896551577
YNL021W	-0.30531659825855595	0.30531659825855595
YDR244W	0.3050865728841803	0.3050865728841803
YLR205C	0.3050151355877553	0.3050151355877553
YDL004W	0.30479185202283077	0.30479185202283077
YHR104W	0.3047545096624873	0.3047545096624873
YCR021C	0.3045717994575661	0.3045717994575661
YAL013W	-0.304281583213843	0.304281583213843
YKL082C	-0.3042115557500331	0.3042115557500331
YCR042C	-0.30398864318312313	0.30398864318312313
YDR454C	-0.30338838619576336	0.30338838619576336
YDR152W	-0.30335949454919575	0.30335949454919575
YMR092C	0.30310876252862595	0.30310876252862595
YMR300C	-0.3030660888425114	0.3030660888425114
YLR242C	0.30301430833711684	0.30301430833711684
YLR198C	-0.3029230376507967	0.3029230376507967
YBR281C	-0.30218822864520867	0.30218822864520867
YIL046W	0.30214171740711304	0.30214171740711304
YLR136C	0.301746132536179	0.301746132536179
YNL313C	0.30147876170388876	0.30147876170388876
YIL117C	0.3013477922774781	0.3013477922774781
YBL099W	0.3013335634706724	0.3013335634706724
YHR026W	-0.30131908780580474	0.30131908780580474
YJR030C	0.30131748754047294	0.30131748754047294
YHR094C	-0.3010559980167873	0.3010559980167873
YDR245W	0.30075953601972305	0.30075953601972305
YOL095C	-0.3006223020443546	0.3006223020443546
YML107C	0.30052727226742526	0.30052727226742526
YDR459C	0.3005235051220474	0.3005235051220474
YIL133C	-0.30043917996499303	0.30043917996499303
YIL121W	0.30039467467292624	0.30039467467292624
YPL265W	-0.3002629500237335	0.3002629500237335
YBL069W	-0.30023774377977297	0.30023774377977297
YHR133C	-0.2995246665175255	0.2995246665175255
YGR005C	-0.2994871328387614	0.2994871328387614
YFR006W	0.29935030752486114	0.29935030752486114
YPL236C	-0.29904952379355443	0.29904952379355443
YIL059C	-0.2986740497231257	0.2986740497231257
YBL036C	0.29866961426347416	0.29866961426347416
YCR088W	0.29836476010896895	0.29836476010896895
YGR091W	0.2983246453278099	0.2983246453278099
YOL045W	0.2981254310628749	0.2981254310628749
YNR030W	0.29803871987094954	0.29803871987094954
YLR017W	0.297488791668008	0.297488791668008
YJR088C	0.2973743098541721	0.2973743098541721
YKL003C	-0.2972378464172811	0.2972378464172811
YER006W	0.2972212475664584	0.2972212475664584
YJR089W	0.2969277572546476	0.2969277572546476
YER048C	-0.29670471100237616	0.29670471100237616
YOL158C	-0.2966912806220279	0.2966912806220279
YJL060W	0.296496203952592	0.296496203952592
YGR078C	0.29643444205666114	0.29643444205666114
YDR328C	-0.2963305849152871	0.2963305849152871
YLL049W	0.2958927523071351	0.2958927523071351
YER141W	-0.29587212188746115	0.29587212188746115
YDR143C	0.29584845291384454	0.29584845291384454
YPR009W	0.2958080197038324	0.2958080197038324
YBR004C	-0.29553521445884723	0.29553521445884723
YOR101W	-0.29547781919756577	0.29547781919756577
YNL265C	0.2953052623390944	0.2953052623390944
YFL022C	0.29479875110471987	0.29479875110471987
YKL157W	0.2947893604774876	0.2947893604774876
YER153C	0.29466713270534584	0.29466713270534584
YKL035W	0.29456661691011377	0.29456661691011377
YDR212W	0.2944851163572739	0.2944851163572739
YJL093C	-0.2943682246144883	0.2943682246144883
YLR342W	0.2940475362404378	0.2940475362404378
YHR112C	0.2939946238183806	0.2939946238183806
YJR050W	-0.2939142332591107	0.2939142332591107
YHR073W	0.29371855936733304	0.29371855936733304
YPL163C	0.29307596274825	0.29307596274825
YGL161C	0.2928057546262721	0.2928057546262721
YMR078C	0.2927884958063913	0.2927884958063913
YJL155C	0.29275077560970164	0.29275077560970164
YHR192W	-0.2926616725348854	0.2926616725348854
YBR182C	0.29248376030863454	0.29248376030863454
YJL164C	-0.2923626054337092	0.2923626054337092
YDR077W	0.29228606337622764	0.29228606337622764
YGR132C	0.2921179912321179	0.2921179912321179
YDR405W	-0.2920680848930335	0.2920680848930335
YLL010C	0.2917022330584418	0.2917022330584418
YKR072C	0.2916024653759406	0.2916024653759406
YHR069C	0.2913362777917454	0.2913362777917454
YKL018W	0.29112925903400466	0.29112925903400466
YAR007C	0.2910765530406625	0.2910765530406625
YGR036C	-0.29093839105716945	0.29093839105716945
YLR066W	0.2909005290308402	0.2909005290308402
YML093W	-0.2907910925748247	0.2907910925748247
YNR059W	-0.2907742798460493	0.2907742798460493
YDR531W	-0.2904079154756225	0.2904079154756225
YGL141W	-0.29022813801074676	0.29022813801074676
YLR383W	0.2902272945008919	0.2902272945008919
YJR144W	-0.2901793364972374	0.2901793364972374
YCR061W	0.29000256604143004	0.29000256604143004
YDR038C	0.289826799623512	0.289826799623512
YNL248C	0.2897177672466027	0.2897177672466027
YKL072W	0.28962593089289435	0.28962593089289435
YMR058W	0.2895743968647366	0.2895743968647366
YKR075C	0.2895541755407818	0.2895541755407818
YKR064W	0.2892289365061407	0.2892289365061407
YPR160W	0.2891461807043294	0.2891461807043294
YDR182W	0.2891106645074677	0.2891106645074677
YBR254C	-0.2889201332852043	0.2889201332852043
YGR143W	0.28873324558696645	0.28873324558696645
YDR061W	-0.288706339564091	0.288706339564091
YOR310C	0.2882228430859044	0.2882228430859044
YMR177W	0.2878814269351109	0.2878814269351109
YDL212W	-0.28763774464477443	0.28763774464477443
YOR089C	-0.28718195821543624	0.28718195821543624
YPR031W	-0.28664892319892044	0.28664892319892044
YOL107W	0.2865153715309958	0.2865153715309958
YBR023C	0.28642614335057104	0.28642614335057104
YCR023C	0.2863763743323142	0.2863763743323142
YLR278C	0.2859330687751287	0.2859330687751287
YPL268W	0.28563788996145334	0.28563788996145334
YKL159C	-0.28554358672790947	0.28554358672790947
YKL051W	-0.28547034336340626	0.28547034336340626
YJR126C	0.28540231173175723	0.28540231173175723
YJL013C	-0.28533545171231456	0.28533545171231456
YGR134W	-0.2849534424848654	0.2849534424848654
YCR026C	0.28478661676668793	0.28478661676668793
YLR109W	-0.2846389976740067	0.2846389976740067
YHR092C	0.2846346403709976	0.2846346403709976
YGR217W	-0.28413197766312237	0.28413197766312237
YDR343C	-0.2839254484785734	0.2839254484785734
YDL102W	0.2837023160492116	0.2837023160492116
YGL011C	-0.2836890542280184	0.2836890542280184
YER009W	0.2836135809784537	0.2836135809784537
YOR059C	-0.2836072535298637	0.2836072535298637
YCL025C	0.2832844650075357	0.2832844650075357
YER078C	-0.2830167552514844	0.2830167552514844
YKR063C	0.2828922502652329	0.2828922502652329
YGL196W	0.282540071759116	0.282540071759116
YGL179C	-0.28232977968659334	0.28232977968659334
YLR032W	-0.282178346175046	0.282178346175046
YJL146W	-0.28212807518383887	0.28212807518383887
YNL130C	0.2818407187568761	0.2818407187568761
YPR030W	0.28162431993537407	0.28162431993537407
YGR210C	0.2816101063154939	0.2816101063154939
YBR234C	-0.2815965587616409	0.2815965587616409
YKL120W	0.28158222798979793	0.28158222798979793
YDL124W	0.28139853205392384	0.28139853205392384
YPL116W	0.28138986270753996	0.28138986270753996
YKL195W	0.28104447108730923	0.28104447108730923
YOL141W	-0.28096320965189925	0.28096320965189925
YIL017C	-0.2809001828065538	0.2809001828065538
YLR001C	0.28069920085212097	0.28069920085212097
YBR114W	-0.2806810068086101	0.2806810068086101
YER024W	0.28059204339565547	0.28059204339565547
YBR083W	0.2804506353314924	0.2804506353314924
YLL039C	-0.2803459894948883	0.2803459894948883
YMR153W	0.2799401532421859	0.2799401532421859
YGR281W	0.27989836660439593	0.27989836660439593
YDR188W	0.2798070094664933	0.2798070094664933
YOL066C	-0.2797301377060606	0.2797301377060606
YKR051W	-0.27972893446397507	0.27972893446397507
YMR210W	-0.27969048192788115	0.27969048192788115
YPL234C	-0.2796579984811096	0.2796579984811096
YNR045W	0.27955936432115003	0.27955936432115003
YGL093W	0.27935358187665216	0.27935358187665216
YOR195W	-0.2793040371392026	0.2793040371392026
YGL245W	0.2787096578435264	0.2787096578435264
YIL128W	0.2786447608705638	0.2786447608705638
YEL031W	0.27850979317562263	0.27850979317562263
YPL061W	0.2784123482819041	0.2784123482819041
YEL064C	-0.27832221392829926	0.27832221392829926
YNL170W	-0.27827013255324196	0.27827013255324196
YAL016W	0.2782079094660741	0.2782079094660741
YIL088C	-0.27819189399742594	0.27819189399742594
YPL072W	0.27798887043145726	0.27798887043145726
YLR033W	0.2777596734932679	0.2777596734932679
YER172C	0.27760869955423306	0.27760869955423306
YBL032W	-0.2775520698048872	0.2775520698048872
YER143W	0.2774427108190203	0.2774427108190203
YPR013C	0.27724797255990286	0.27724797255990286
YGR244C	0.2771920583413552	0.2771920583413552
YBR072W	-0.27695539067117636	0.27695539067117636
YOR250C	-0.2768823836416212	0.2768823836416212
YMR180C	0.2768619218990862	0.2768619218990862
YHR146W	-0.2768564262106601	0.2768564262106601
YPL155C	-0.27663389982058284	0.27663389982058284
YKR059W	0.2765238005718089	0.2765238005718089
YJR128W	-0.27609714913601935	0.27609714913601935
YBR110W	0.2760356622335003	0.2760356622335003
YPR095C	0.2758834861336812	0.2758834861336812
YKR062W	-0.2757715176188906	0.2757715176188906
YFR046C	-0.27563877210325405	0.27563877210325405
YOR264W	0.2754840157634231	0.2754840157634231
YJR046W	0.27504942663374976	0.27504942663374976
YJR130C	-0.2747578494530529	0.2747578494530529
YBR205W	-0.2746316648541889	0.2746316648541889
YER157W	0.27447362934918296	0.27447362934918296
YKR080W	-0.274325629219085	0.274325629219085
YMR091C	0.27401470569317254	0.27401470569317254
YOR374W	-0.27386478283657567	0.27386478283657567
YGR150C	-0.27370726065910134	0.27370726065910134
YGR048W	-0.27370333244448464	0.27370333244448464
YBR189W	-0.273621890390352	0.273621890390352
YGR257C	0.273441472744973	0.273441472744973
YML070W	0.27328543774818925	0.27328543774818925
YEL047C	0.2730027252083529	0.2730027252083529
YCR004C	-0.2728587710056587	0.2728587710056587
YBR290W	0.2726232427759472	0.2726232427759472
YOR153W	0.2725613136354461	0.2725613136354461
YHL010C	-0.27254378664974155	0.27254378664974155
YNR033W	0.2724664801690242	0.2724664801690242
YKL168C	-0.2724458352523307	0.2724458352523307
YBR196C	0.2710546641540219	0.2710546641540219
YMR156C	-0.27098962965329854	0.27098962965329854
YNL001W	-0.2709634645707055	0.2709634645707055
YOR319W	-0.27095845009065656	0.27095845009065656
YFR028C	0.2709443822147257	0.2709443822147257
YIL096C	-0.2708354662456296	0.2708354662456296
YLR332W	-0.2706184830005398	0.2706184830005398
YEL009C-A	-0.2704714011517688	0.2704714011517688
YPR130C	-0.2704714011517688	0.2704714011517688
YOR141C	0.2703497980853369	0.2703497980853369
YOL028C	-0.2702786070250003	0.2702786070250003
YNL305C	0.2693767955637547	0.2693767955637547
YCL047C	-0.26918952910266825	0.26918952910266825
YAL042W	0.2691692978721463	0.2691692978721463
YBR284W	-0.2687416940134266	0.2687416940134266
YDR155C	-0.2683104572193802	0.2683104572193802
YLR238W	-0.26822791928452183	0.26822791928452183
YDL178W	-0.2681773655911499	0.2681773655911499
YIL125W	0.26749864601734075	0.26749864601734075
YER075C	-0.26731629771063936	0.26731629771063936
YKR101W	-0.26712988835251217	0.26712988835251217
YGR155W	0.2660632241288887	0.2660632241288887
YHR195W	-0.2658995292066173	0.2658995292066173
YER091C	0.2657397665620902	0.2657397665620902
YHR170W	0.26572062004244046	0.26572062004244046
YML001W	-0.2654016834284203	0.2654016834284203
YAL036C	-0.26532621532833467	0.26532621532833467
Q0060	-0.2653176157753441	0.2653176157753441
YCL032W	-0.2650892435880925	0.2650892435880925
YBR286W	0.26491862786211584	0.26491862786211584
YER113C	-0.26477865486220153	0.26477865486220153
YPL179W	0.2647012740128707	0.2647012740128707
YML052W	-0.2643155600308029	0.2643155600308029
YJR016C	0.2641933340041458	0.2641933340041458
YDL109C	-0.2640639446152271	0.2640639446152271
YLL018C	0.2636088240985508	0.2636088240985508
YPR084W	-0.26358572988197704	0.26358572988197704
YGR233C	0.26339863324418644	0.26339863324418644
YER086W	0.26335716137123555	0.26335716137123555
YCR059C	0.263346451139161	0.263346451139161
YDR345C	-0.2630459634543687	0.2630459634543687
YER093C	0.26298881736279967	0.26298881736279967
YNL118C	0.26269220592326725	0.26269220592326725
YGR266W	0.2626540520160052	0.2626540520160052
YNL302C	-0.262416414001299	0.262416414001299
YML035C	0.26208685706970236	0.26208685706970236
YHR172W	0.2617043724529946	0.2617043724529946
YLL022C	-0.26116919147823303	0.26116919147823303
YIR019C	-0.26115332579122263	0.26115332579122263
YER166W	0.261130293749428	0.261130293749428
YGL110C	-0.26089739096929776	0.26089739096929776
YBR015C	0.260812233176134	0.260812233176134
YGR019W	0.2607924279143763	0.2607924279143763
YEL071W	0.26064554818258756	0.26064554818258756
YDL103C	0.26053844958614647	0.26053844958614647
YBR046C	0.2605220688995713	0.2605220688995713
YGL148W	0.26015026813001896	0.26015026813001896
YOR193W	0.26012083404507713	0.26012083404507713
YDR295C	0.25992303383126547	0.25992303383126547
YBR150C	-0.2595518881086294	0.2595518881086294
YIR012W	-0.259163448295177	0.259163448295177
YDL204W	0.25864631276295746	0.25864631276295746
YAL020C	-0.258416203897621	0.258416203897621
YLR049C	0.25830641132883336	0.25830641132883336
YOR281C	-0.25820366922567395	0.25820366922567395
YML088W	-0.25806316312608857	0.25806316312608857
YFR052W	0.2578022190661393	0.2578022190661393
YEL037C	0.25763747928700464	0.25763747928700464
YGR235C	-0.25722125143858054	0.25722125143858054
YLL024C	0.25716589502059506	0.25716589502059506
YMR149W	0.25699991281833423	0.25699991281833423
YOR073W	0.2568407645378752	0.2568407645378752
YDR178W	0.25673553466965604	0.25673553466965604
YBL027W	-0.2567315294083663	0.2567315294083663
YDL248W	-0.2567236065937326	0.2567236065937326
YGL060W	0.2566699459090982	0.2566699459090982
YPL058C	0.25650362026257767	0.25650362026257767
YDL236W	0.25603858027750803	0.25603858027750803
YHL038C	0.25580189156016075	0.25580189156016075
YPL086C	-0.25534425535879635	0.25534425535879635
YMR176W	0.2550795567839579	0.2550795567839579
YGL059W	0.25495350403943107	0.25495350403943107
YMR253C	-0.25491825418197855	0.25491825418197855
YIL077C	0.25470505889523665	0.25470505889523665
YPR073C	-0.25461702503694994	0.25461702503694994
YOL044W	0.25400488885360595	0.25400488885360595
YPR163C	0.2538285365487365	0.2538285365487365
YOR311C	-0.25306115501709137	0.25306115501709137
YML068W	-0.25257855101325166	0.25257855101325166
YDR101C	0.25254250418634516	0.25254250418634516
YPL158C	0.25246479635232877	0.25246479635232877
YKL096W	0.2523352268738739	0.2523352268738739
YOL030W	0.25199169191851034	0.25199169191851034
YLR014C	-0.25195073499132636	0.25195073499132636
YKL206C	-0.2519217368829594	0.2519217368829594
YGR071C	0.2511746277867566	0.2511746277867566
YHR072W	0.2510877873498707	0.2510877873498707
YOR205C	0.2509442516179883	0.2509442516179883
YBR016W	-0.25076539569066103	0.25076539569066103
YFL009W	0.2507593886483832	0.2507593886483832
YEL041W	-0.2507042872934724	0.2507042872934724
YDR367W	-0.25062412615615415	0.25062412615615415
YDR034C	0.25029169365726656	0.25029169365726656
YKL183W	0.25028224865850834	0.25028224865850834
YDR436W	-0.2501805589029278	0.2501805589029278
YJL178C	0.2497062243836794	0.2497062243836794
YHR207C	-0.24969054533091573	0.24969054533091573
YER053C	-0.2496887864410846	0.2496887864410846
YJL025W	0.24966578383921512	0.24966578383921512
YOR025W	0.24938636791706337	0.24938636791706337
YDR108W	0.24916414003174836	0.24916414003174836
YMR024W	-0.24915041891243117	0.24915041891243117
YMR128W	0.248845554322088	0.248845554322088
YLR224W	0.24874799988631935	0.24874799988631935
YDR408C	-0.24839601190369454	0.24839601190369454
YHR064C	0.24805668692824412	0.24805668692824412
YDR452W	0.24800078703892403	0.24800078703892403
YOR312C	-0.24772510174819828	0.24772510174819828
YHR037W	0.2476259792838187	0.2476259792838187
YGR275W	0.24742583034728494	0.24742583034728494
YMR183C	-0.24735869671050814	0.24735869671050814
YMR196W	0.2470109501685389	0.2470109501685389
YFL008W	0.24696048551219008	0.24696048551219008
YLL023C	-0.24689551406313015	0.24689551406313015
YER133W	0.2466076025189725	0.2466076025189725
YER033C	0.246595620466997	0.246595620466997
YBR048W	-0.24638400942619398	0.24638400942619398
YGL198W	-0.2463755122604132	0.2463755122604132
YHL036W	-0.24630768806057546	0.24630768806057546
YDR071C	-0.24625816808697376	0.24625816808697376
YNL309W	0.24624411444364647	0.24624411444364647
YNL020C	0.24604672027415475	0.24604672027415475
YML102W	-0.24582339031298517	0.24582339031298517
YOL065C	-0.2456814849496327	0.2456814849496327
YFR037C	0.2456626513255955	0.2456626513255955
YDR019C	0.24546477617148277	0.24546477617148277
YLR419W	0.24539360585703562	0.24539360585703562
YML075C	0.2452181543681089	0.2452181543681089
YDR103W	-0.24509359687950205	0.24509359687950205
YDR240C	0.24504303343055156	0.24504303343055156
YKL211C	-0.2450067948513075	0.2450067948513075
YGL004C	-0.24439081461298162	0.24439081461298162
YGL180W	-0.24390529027032493	0.24390529027032493
YKL187C	-0.24388302639222292	0.24388302639222292
YNL151C	-0.2438201938955844	0.2438201938955844
YGR187C	-0.24368202825636764	0.24368202825636764
YLR082C	-0.24364352091751051	0.24364352091751051
YEL015W	-0.2435575977774711	0.2435575977774711
YOR221C	0.24243285152433725	0.24243285152433725
YJL128C	0.2422883743658364	0.2422883743658364
YDL168W	-0.24202435369431896	0.24202435369431896
YLR422W	0.24193713107466586	0.24193713107466586
YJL121C	0.2419282175101145	0.2419282175101145
YOR192C-B	0.24164908028424037	0.24164908028424037
YLR418C	0.24139837361988192	0.24139837361988192
YLR126C	-0.2413979264784203	0.2413979264784203
YOR165W	0.24138988870883882	0.24138988870883882
YOL062C	0.24122404404481834	0.24122404404481834
YNL261W	0.24119189817255915	0.24119189817255915
YBL013W	0.2411916881068601	0.2411916881068601
YML110C	-0.24107859762277783	0.24107859762277783
YHR128W	-0.2410416851346966	0.2410416851346966
YGL045W	-0.24087875320870378	0.24087875320870378
YLL035W	-0.24083291629494497	0.24083291629494497
YMR218C	-0.24061469273992575	0.24061469273992575
YDR411C	0.2405823067431596	0.2405823067431596
YNL154C	0.24054962164648064	0.24054962164648064
YJR093C	0.24039980165660246	0.24039980165660246
YGL064C	-0.2403598838275025	0.2403598838275025
YGR042W	-0.24031476854534706	0.24031476854534706
YJR106W	0.2401822522796575	0.2401822522796575
YKL152C	-0.24012138332922817	0.24012138332922817
YKL151C	-0.24009119005439317	0.24009119005439317
YOL011W	0.23989447417747822	0.23989447417747822
YGL139W	0.23981277356420705	0.23981277356420705
YPL045W	0.23977691647914945	0.23977691647914945
YHL023C	0.23972894821852364	0.23972894821852364
YHR201C	-0.2396581226987191	0.2396581226987191
YNL038W	-0.23960562806013463	0.23960562806013463
YGR010W	-0.23946551693190532	0.23946551693190532
YMR040W	0.23924537593058837	0.23924537593058837
YLR199C	-0.2391912039115569	0.2391912039115569
YGL212W	0.23913378358488302	0.23913378358488302
YKL008C	0.23892654372496924	0.23892654372496924
YBR269C	-0.2388400399628159	0.2388400399628159
YBR061C	-0.23880585254068798	0.23880585254068798
YPL178W	-0.23788614679251552	0.23788614679251552
YLR099C	0.23703271889377397	0.23703271889377397
YGR103W	0.2366120053446661	0.2366120053446661
YBR151W	0.23625913674024712	0.23625913674024712
YDL146W	-0.23603689577782028	0.23603689577782028
YIL093C	-0.23543043609333214	0.23543043609333214
YOR361C	0.23512909786548342	0.23512909786548342
YIL048W	0.2350761759418356	0.2350761759418356
YBR302C	0.23500237996486373	0.23500237996486373
YML132W	0.23500237996486373	0.23500237996486373
YMR206W	0.23485837275724109	0.23485837275724109
YPR033C	0.23379576503913135	0.23379576503913135
YMR203W	0.23338290436046272	0.23338290436046272
YDR342C	0.23292550984926486	0.23292550984926486
YKL079W	0.23284815454470298	0.23284815454470298
YJR125C	0.23257106895307267	0.23257106895307267
YHR033W	0.23232870565344754	0.23232870565344754
YHR017W	0.23211980483186334	0.23211980483186334
YLR233C	0.23195438591827777	0.23195438591827777
YPR143W	-0.231875488492566	0.231875488492566
YLR182W	0.23177820258868298	0.23177820258868298
YKL073W	0.23173180087878187	0.23173180087878187
YOR222W	-0.23124244522636062	0.23124244522636062
YDR261C	0.23116635494247806	0.23116635494247806
YHR154W	0.2311543330765904	0.2311543330765904
YDR330W	0.23112915268949408	0.23112915268949408
YPL241C	0.2308246471939741	0.2308246471939741
YPR183W	0.23079079709068218	0.23079079709068218
YGR095C	0.23070742400582134	0.23070742400582134
YBL074C	0.23039501323739753	0.23039501323739753
YEL006W	0.2303412699759324	0.2303412699759324
YKL174C	-0.22988735197700283	0.22988735197700283
YOL010W	0.22985949533405936	0.22985949533405936
YMR208W	0.2298322558681125	0.2298322558681125
YOR019W	-0.22977634707558536	0.22977634707558536
YMR035W	0.22975119590174664	0.22975119590174664
YKL181W	0.22974601371089243	0.22974601371089243
YMR027W	0.22961486609524417	0.22961486609524417
YLR039C	0.22945184653728035	0.22945184653728035
YKL092C	0.2294516697188893	0.2294516697188893
YPL009C	0.2294392602458064	0.2294392602458064
YMR106C	-0.22899884137549975	0.22899884137549975
YMR310C	-0.2286420512472267	0.2286420512472267
YJL171C	-0.2286139098978115	0.2286139098978115
YBL063W	0.2285521529895851	0.2285521529895851
YML021C	-0.2283713528371356	0.2283713528371356
YLR036C	-0.22824462977212256	0.22824462977212256
YOR061W	-0.22789433257178615	0.22789433257178615
YPR112C	0.22785846333343862	0.22785846333343862
YNL035C	0.2277890622794656	0.2277890622794656
YMR002W	0.22752681646071338	0.22752681646071338
YPL252C	0.227344079261397	0.227344079261397
YPR025C	-0.22703027042181745	0.22703027042181745
YDR376W	-0.22671938485861887	0.22671938485861887
YDR321W	-0.22669599961206544	0.22669599961206544
YDR368W	0.2265971483362419	0.2265971483362419
YPR119W	0.22605910842021615	0.22605910842021615
YER176W	-0.22604868732438277	0.22604868732438277
YDL054C	-0.22601049846098142	0.22601049846098142
YNR035C	0.22561034619569842	0.22561034619569842
YKL098W	-0.22551047807343227	0.22551047807343227
YMR315W	0.22550958838713342	0.22550958838713342
YGL253W	0.22535503591293882	0.22535503591293882
YJL062W	0.22508293712519034	0.22508293712519034
YLR368W	0.22488696624373627	0.22488696624373627
YLR215C	0.2247802831811807	0.2247802831811807
Q0065	0.22471139283851116	0.22471139283851116
YLR193C	-0.22449957560564382	0.22449957560564382
YDR042C	0.22445635774610384	0.22445635774610384
YKR093W	-0.22442039132734592	0.22442039132734592
YOL142W	0.2242711715090353	0.2242711715090353
YML023C	0.22411165955874868	0.22411165955874868
YOR239W	0.22389971835550782	0.22389971835550782
YNL263C	0.223848827216794	0.223848827216794
YJL204C	0.22369191926888732	0.22369191926888732
YOR162C	0.22351318264621156	0.22351318264621156
YHR078W	0.2230367391966288	0.2230367391966288
YDR513W	0.22275598507912697	0.22275598507912697
YGR232W	-0.2224965990387675	0.2224965990387675
YPL227C	0.22239208064156646	0.22239208064156646
YBR092C	0.22180993826449757	0.22180993826449757
YOL040C	0.22162732297736554	0.22162732297736554
YEL056W	0.22130155670457086	0.22130155670457086
YGR169C	-0.22103353992002184	0.22103353992002184
YLR225C	-0.22097369017011204	0.22097369017011204
YKR098C	0.22082914049503888	0.22082914049503888
YJR084W	-0.2201513169172289	0.2201513169172289
YGR149W	-0.220106494887359	0.220106494887359
YOR183W	-0.21980561726612802	0.21980561726612802
YER175C	-0.21948377069469593	0.21948377069469593
YKL045W	-0.21928318162614957	0.21928318162614957
YCL034W	-0.21909868537091182	0.21909868537091182
YIL042C	0.21905753549003304	0.21905753549003304
YHR199C	0.21899808435215462	0.21899808435215462
YBR233W	-0.21885105987311348	0.21885105987311348
YOL007C	-0.2188362073836796	0.2188362073836796
YIL011W	-0.21858983256580133	0.21858983256580133
YGL144C	-0.21834489960403758	0.21834489960403758
YLR102C	-0.21819783527428438	0.21819783527428438
YJR004C	0.2181834079478726	0.2181834079478726
YGL008C	0.21815340930992377	0.21815340930992377
YDR480W	-0.218137203211608	0.218137203211608
YIL009W	-0.21811325309708174	0.21811325309708174
YEL032W	0.21806085650105267	0.21806085650105267
YLR409C	0.21798865317379956	0.21798865317379956
YNL137C	0.21790535487281915	0.21790535487281915
YGR241C	0.21787219244042078	0.21787219244042078
YKL091C	-0.21774813504454116	0.21774813504454116
YDR005C	0.2176270761560648	0.2176270761560648
YLR127C	0.217573926693154	0.217573926693154
YOL020W	-0.21739048860503996	0.21739048860503996
YER047C	0.21734718033756728	0.21734718033756728
YLR353W	0.21683165419120698	0.21683165419120698
YLR227C	-0.21682859076260463	0.21682859076260463
YMR049C	0.21673558279343652	0.21673558279343652
YDR124W	-0.216633518153297	0.216633518153297
YOL139C	-0.2165798361077762	0.2165798361077762
YJL185C	-0.216295210173155	0.216295210173155
YGR246C	-0.21608942490332872	0.21608942490332872
YOR352W	0.21587060474067332	0.21587060474067332
YGL025C	0.2158115369873146	0.2158115369873146
YKL203C	0.21567286551035547	0.21567286551035547
YFL049W	0.21519038963284487	0.21519038963284487
YLR152C	0.21493056452539339	0.21493056452539339
YNL047C	0.214816154737556	0.214816154737556
YJR083C	-0.21471973460047433	0.21471973460047433
YML029W	0.21438623872375295	0.21438623872375295
YER069W	0.21406941363949272	0.21406941363949272
YGL171W	0.2138921516574932	0.2138921516574932
YGR060W	0.21330163517876422	0.21330163517876422
YER040W	0.2132313774163599	0.2132313774163599
YPL164C	-0.21292525005468566	0.21292525005468566
YGR089W	0.2126851454946319	0.2126851454946319
YMR301C	0.21259307508004976	0.21259307508004976
YNL311C	0.21253569434527542	0.21253569434527542
YOR262W	-0.21216321509998703	0.21216321509998703
YOL064C	0.2120718089059519	0.2120718089059519
YOR108W	0.21184131111827487	0.21184131111827487
YDR532C	-0.21173349942730546	0.21173349942730546
YBR199W	0.21164936679610946	0.21164936679610946
YDL113C	0.21145091931848725	0.21145091931848725
YML011C	-0.21135472807085165	0.21135472807085165
YML009W-B	0.21127225242399206	0.21127225242399206
YCL030C	0.21118537969471696	0.21118537969471696
YCL029C	0.21114508692105538	0.21114508692105538
YIL021W	0.21108135152567797	0.21108135152567797
YNR066C	0.2105061829246644	0.2105061829246644
YDR415C	0.21021012574119702	0.21021012574119702
YNL206C	0.21003565654281076	0.21003565654281076
YJR054W	-0.20995719550153247	0.20995719550153247
YGL243W	-0.20989506548999248	0.20989506548999248
YGR072W	0.20982057268123633	0.20982057268123633
YLR374C	0.2094853989296932	0.2094853989296932
YMR063W	-0.20931083494910663	0.20931083494910663
YER005W	0.20867399654483876	0.20867399654483876
YER168C	-0.20867137910699718	0.20867137910699718
YAL051W	0.20830078315897715	0.20830078315897715
YBR056W	-0.20825678471035047	0.20825678471035047
YPL246C	0.2081483442927654	0.2081483442927654
YER023W	0.20807627007028273	0.20807627007028273
YKL139W	-0.20805631929590707	0.20805631929590707
YMR011W	0.20774483734571536	0.20774483734571536
YDL015C	0.20719821791239923	0.20719821791239923
YDR082W	-0.2071489453370603	0.2071489453370603
YCR031C	-0.20710549031065995	0.20710549031065995
YFR008W	-0.20699784310403846	0.20699784310403846
YGL125W	0.2067586302765818	0.2067586302765818
YHR018C	-0.20670988364655507	0.20670988364655507
YMR060C	-0.20662228463247345	0.20662228463247345
YBR088C	0.20646849352106322	0.20646849352106322
YBR074W	0.206150201017266	0.206150201017266
YNL310C	0.20608634339398257	0.20608634339398257
YLR133W	0.20595440348522231	0.20595440348522231
YJR103W	0.20591781385003483	0.20591781385003483
YBR002C	-0.20575119610242876	0.20575119610242876
YKL088W	-0.20561055146232654	0.20561055146232654
YML061C	-0.2054459462042324	0.2054459462042324
YBL106C	0.20508135625067503	0.20508135625067503
YOL124C	-0.204568737000967	0.204568737000967
YIR038C	-0.20440155903905843	0.20440155903905843
YML085C	0.20430252118322834	0.20430252118322834
YGL128C	0.20424579961413425	0.20424579961413425
YOR039W	-0.20419963618017078	0.20419963618017078
YGR031W	0.20416066971787483	0.20416066971787483
YPR156C	0.20411422661376122	0.20411422661376122
YNL144C	0.2040329067905784	0.2040329067905784
YLR259C	0.20402506105102702	0.20402506105102702
YGR248W	0.20378712113589437	0.20378712113589437
YOL075C	-0.20375549031389895	0.20375549031389895
YGR222W	-0.20374650590660082	0.20374650590660082
YGL234W	0.20370822727715865	0.20370822727715865
YGR013W	0.20360655439699382	0.20360655439699382
YHR025W	0.20355623810977264	0.20355623810977264
YLR015W	0.20345881762671425	0.20345881762671425
YOL060C	0.2031348374886539	0.2031348374886539
YER019W	0.20296524219636414	0.20296524219636414
YPL069C	-0.20290774168586534	0.20290774168586534
YMR173W	-0.20270721666153335	0.20270721666153335
YDR433W	0.2026015119759812	0.2026015119759812
YDR072C	0.20171281897903715	0.20171281897903715
YLL031C	0.20159113897010617	0.20159113897010617
YDR456W	0.20118002459408935	0.20118002459408935
YPL172C	0.2010807867242761	0.2010807867242761
YDR013W	0.20048324288535646	0.20048324288535646
YIR001C	0.2000937332744579	0.2000937332744579
YJL073W	0.19987792621456002	0.19987792621456002
YDR270W	-0.19985090675348438	0.19985090675348438
YHR003C	0.19975234243805495	0.19975234243805495
YKL179C	0.19972926576763328	0.19972926576763328
YDR508C	-0.19965786947151365	0.19965786947151365
YGR175C	0.19963005193696404	0.19963005193696404
YER174C	-0.19928337267002938	0.19928337267002938
YKL191W	0.19924311530347172	0.19924311530347172
YNL155W	-0.1991459371272084	0.1991459371272084
YPR004C	-0.19874577773613833	0.19874577773613833
YFR031C	0.19871191466842486	0.19871191466842486
YER004W	0.19862371813453716	0.19862371813453716
YBR118W	-0.19854608542102525	0.19854608542102525
YGR096W	0.19841977233832964	0.19841977233832964
YPL094C	0.1982996728072397	0.1982996728072397
YGR268C	0.1982861676291643	0.1982861676291643
YGL252C	-0.19826683548095225	0.19826683548095225
YDL134C	0.19804040824753866	0.19804040824753866
YBR171W	0.19792691388910288	0.19792691388910288
YIL094C	0.19760938869906575	0.19760938869906575
YNL264C	0.19756895572482147	0.19756895572482147
YFR016C	-0.19752218773933627	0.19752218773933627
YPL122C	0.19739924876927084	0.19739924876927084
YNL323W	0.19735538387626228	0.19735538387626228
YDR381W	0.19696765516642323	0.19696765516642323
YGR192C	-0.1968093469971386	0.1968093469971386
YNL258C	0.1964983488654548	0.1964983488654548
YGR086C	0.19610179973893693	0.19610179973893693
YLR386W	0.19583357121185685	0.19583357121185685
YDR132C	-0.1955558891347744	0.1955558891347744
YMR170C	0.19551058686613576	0.19551058686613576
YHR052W	0.19535249010090894	0.19535249010090894
YIR034C	-0.19514603286790422	0.19514603286790422
YIL095W	0.1951389285550773	0.1951389285550773
YNL304W	-0.19498383552864063	0.19498383552864063
YMR005W	-0.19479762628536967	0.19479762628536967
YGR003W	-0.19459072240673247	0.19459072240673247
YGL097W	-0.19425063730070136	0.19425063730070136
YDR300C	0.1941924666200041	0.1941924666200041
YDL226C	-0.1940632566617282	0.1940632566617282
YKR060W	0.19396060357392209	0.19396060357392209
YDR205W	0.19383961162125996	0.19383961162125996
YDL108W	-0.1937571638676001	0.1937571638676001
YPL104W	-0.19361245617108214	0.19361245617108214
YPR180W	0.19347550353756304	0.19347550353756304
YGR191W	-0.19324910764819503	0.19324910764819503
YML105C	0.19322905486522846	0.19322905486522846
YJL138C	-0.1931326841275407	0.1931326841275407
YOR233W	0.19312217706461432	0.19312217706461432
YMR134W	-0.19282159619284833	0.19282159619284833
YLR083C	-0.1927981192628554	0.1927981192628554
YMR220W	0.19270745479146179	0.19270745479146179
YDR375C	0.19262706680384234	0.19262706680384234
YMR207C	0.19237304618388684	0.19237304618388684
YML032C	-0.1923543277154458	0.1923543277154458
YEL075C	-0.19235040365575995	0.19235040365575995
YER189W	-0.19235040365575995	0.19235040365575995
YDR198C	0.19215613391344188	0.19215613391344188
YOR288C	0.19196930272832446	0.19196930272832446
YDR315C	-0.1919516223772133	0.1919516223772133
YER050C	0.19125587061720228	0.19125587061720228
YLR163C	-0.19117251368366528	0.19117251368366528
YFL039C	0.19107050178511997	0.19107050178511997
YPL151C	0.19105658425091931	0.19105658425091931
Q0050	0.19080043746213882	0.19080043746213882
YJL158C	-0.19043511344119146	0.19043511344119146
YGL126W	-0.19038868281617827	0.19038868281617827
YGR276C	-0.1903211573732806	0.1903211573732806
YHR045W	0.1900945693909426	0.1900945693909426
YGL035C	0.19006975850978058	0.19006975850978058
YHR024C	-0.1898419204122881	0.1898419204122881
YDR311W	0.1897555448006596	0.1897555448006596
YPL078C	0.18956161340857225	0.18956161340857225
YDR110W	-0.18929881189307984	0.18929881189307984
YBR069C	-0.18899351654188656	0.18899351654188656
YPL235W	0.1886890166246893	0.1886890166246893
YPL204W	0.18849739544968713	0.18849739544968713
YKL080W	0.18839128324356125	0.18839128324356125
YDR248C	-0.1883224680192459	0.1883224680192459
YLR055C	-0.18798370223725058	0.18798370223725058
YGL096W	-0.1878901851921988	0.1878901851921988
YIL047C	0.1876571417790922	0.1876571417790922
YOL069W	0.1875393196334434	0.1875393196334434
YJL149W	0.18733705369968767	0.18733705369968767
YMR243C	0.18723827940268656	0.18723827940268656
YDL177C	-0.18703220372494211	0.18703220372494211
YDR483W	0.18692330723628992	0.18692330723628992
YER177W	0.18684482131127567	0.18684482131127567
YLR088W	-0.18641876344731223	0.18641876344731223
YAL038W	0.1861438223414993	0.1861438223414993
YKL141W	0.1860236253872376	0.1860236253872376
YKL163W	0.18596218272246112	0.18596218272246112
YGL241W	-0.18555989704758957	0.18555989704758957
YOL090W	0.1855489092508682	0.1855489092508682
YDL197C	-0.1854536349951541	0.1854536349951541
YDR294C	0.18467791692932423	0.18467791692932423
YFR029W	0.1846169900701895	0.1846169900701895
YDR130C	-0.18457095854592787	0.18457095854592787
YIL154C	0.18456204225028827	0.18456204225028827
YLR029C	-0.1844931050087304	0.1844931050087304
YHR039C	-0.18433312376651312	0.18433312376651312
YHR196W	0.1842745026484458	0.1842745026484458
YPL253C	-0.1842072035884863	0.1842072035884863
YER063W	-0.18406190142493006	0.18406190142493006
YKL128C	-0.18399577378216225	0.18399577378216225
YNL219C	-0.1839756908679897	0.1839756908679897
YNL330C	0.18395168449929855	0.18395168449929855
YOL006C	0.18364727908975453	0.18364727908975453
YMR131C	0.18335543172502433	0.18335543172502433
YOR382W	-0.1832455873570753	0.1832455873570753
YLR382C	0.18282419396401917	0.18282419396401917
YAL059W	-0.18277469891146225	0.18277469891146225
YBR222C	0.18254883580736525	0.18254883580736525
YCR037C	0.18238955314870342	0.18238955314870342
YMR006C	-0.18228671859412682	0.18228671859412682
YJR065C	0.18207982654462462	0.18207982654462462
YKR038C	-0.1820723183584958	0.1820723183584958
YER178W	0.1818902039668835	0.1818902039668835
YPL214C	0.18186948900276967	0.18186948900276967
YMR066W	-0.18146883020678306	0.18146883020678306
YBR054W	-0.18146678784922976	0.18146678784922976
YNL044W	-0.1814335302123471	0.1814335302123471
YJL094C	0.18082265305804235	0.18082265305804235
YPR048W	-0.18074517965838677	0.18074517965838677
YCL037C	0.1807229867214648	0.1807229867214648
YBR031W	0.1806776752746817	0.1806776752746817
YGR052W	0.1805070384371943	0.1805070384371943
YJR072C	0.18039096702215218	0.18039096702215218
YLR447C	0.1802155450627172	0.1802155450627172
YHR049W	-0.18018695864931367	0.18018695864931367
YBR006W	0.18015678152817394	0.18015678152817394
YJR105W	0.1801271012805863	0.1801271012805863
YDR494W	-0.17983817339793795	0.17983817339793795
YDL188C	-0.1798068755684712	0.1798068755684712
YGR254W	0.17969314520597912	0.17969314520597912
YMR215W	0.17942920228599846	0.17942920228599846
YOR274W	0.17911594863699598	0.17911594863699598
YLL041C	0.1790308578036255	0.1790308578036255
YDR109C	-0.1787804994797355	0.1787804994797355
YOR131C	0.17832772663976737	0.17832772663976737
YGL201C	0.1782884150019397	0.1782884150019397
YER016W	0.1780666534882549	0.1780666534882549
YKR079C	0.1777519249246371	0.1777519249246371
YFL037W	0.17761690860621293	0.17761690860621293
YKL012W	0.17738000013240196	0.17738000013240196
YJL111W	0.17716431300258773	0.17716431300258773
YJL201W	0.17703572333251394	0.17703572333251394
YDR348C	0.17676347100077106	0.17676347100077106
YIL040W	0.17667672829556302	0.17667672829556302
YPL207W	0.1765138072489414	0.1765138072489414
YER070W	0.1762455986096576	0.1762455986096576
YDL055C	0.1759021848780975	0.1759021848780975
YER061C	-0.17578796148967335	0.17578796148967335
YNL055C	0.1757591768063591	0.1757591768063591
YLR231C	-0.17563369368821657	0.17563369368821657
YLR453C	0.1751952234651606	0.1751952234651606
YER169W	0.1751185892099132	0.1751185892099132
YOR201C	-0.17484484353193785	0.17484484353193785
YBR235W	0.17480814030895253	0.17480814030895253
YDR046C	0.17477124910711606	0.17477124910711606
YBR270C	-0.1745978340810579	0.1745978340810579
YMR088C	-0.1742989795311658	0.1742989795311658
YGR145W	0.17401601218663387	0.17401601218663387
YGR098C	0.17398714490079303	0.17398714490079303
YPL004C	0.1737538112191821	0.1737538112191821
YNL004W	-0.17370909111234312	0.17370909111234312
YIL144W	-0.17350989638872694	0.17350989638872694
YBR024W	0.17346125000236512	0.17346125000236512
YER003C	0.1732067888505	0.1732067888505
YDR299W	-0.17312517111995795	0.17312517111995795
YJR006W	0.1728165743125425	0.1728165743125425
YLR130C	-0.17258029789790363	0.17258029789790363
YPR159W	0.17257386895147597	0.17257386895147597
YCR011C	-0.17255517691282662	0.17255517691282662
YLR220W	-0.17252579360685694	0.17252579360685694
YPL063W	0.17251493392960704	0.17251493392960704
YHR016C	-0.17246623690744833	0.17246623690744833
YPL006W	0.17197815848648101	0.17197815848648101
YOL102C	-0.1714706048986594	0.1714706048986594
YCR091W	0.1712401929312941	0.1712401929312941
YPR081C	0.17100684028853586	0.17100684028853586
YHR071W	-0.17069460936000969	0.17069460936000969
YEL044W	-0.1706308454434584	0.1706308454434584
YLR077W	-0.1700027731089575	0.1700027731089575
YGL100W	0.16980965516360413	0.16980965516360413
YOL138C	0.16973155987909205	0.16973155987909205
YBR146W	-0.16972990053198522	0.16972990053198522
YLR361C	-0.1696093797816154	0.1696093797816154
YOR256C	0.1692965666221209	0.1692965666221209
YHL033C	0.16911440445403336	0.16911440445403336
YCL024W	0.16907616629492672	0.16907616629492672
YLR244C	-0.16899198321977238	0.16899198321977238
YMR224C	-0.16898618527394582	0.16898618527394582
YPL117C	0.1689735740644407	0.1689735740644407
YIL037C	-0.16811064006470122	0.16811064006470122
YMR285C	-0.16801083554569107	0.16801083554569107
YPR189W	0.1679480519128429	0.1679480519128429
YBR261C	0.16786630523706947	0.16786630523706947
YDR050C	-0.16785880373357998	0.16785880373357998
YDL175C	0.167814167049392	0.167814167049392
YLR251W	0.1677966603376957	0.1677966603376957
YOR303W	-0.16759217003272386	0.16759217003272386
YER055C	-0.16756074991356762	0.16756074991356762
YHR063C	0.16718718961602352	0.16718718961602352
YFL034W	-0.16678271455496763	0.16678271455496763
YMR282C	-0.16677476043450046	0.16677476043450046
YHR043C	0.16671735028742773	0.16671735028742773
YBL058W	0.16653681980202073	0.16653681980202073
YMR105C	0.16638648426392422	0.16638648426392422
YPR139C	0.16595830500926745	0.16595830500926745
YMR167W	-0.16588881423691682	0.16588881423691682
YLL003W	0.1652757176483206	0.1652757176483206
YOR273C	-0.16499975801032196	0.16499975801032196
YBR153W	-0.16495115046746456	0.16495115046746456
YDR363W	-0.16483051731126608	0.16483051731126608
YPL090C	-0.1647856668052885	0.1647856668052885
YMR187C	-0.16463380180994136	0.16463380180994136
YAL015C	0.1643873337573627	0.1643873337573627
YGL043W	0.1640569754668082	0.1640569754668082
YMR262W	-0.1638862099841969	0.1638862099841969
YJL031C	-0.16366361447793398	0.16366361447793398
YML053C	0.16269837808532728	0.16269837808532728
YNL126W	0.16256556576643355	0.16256556576643355
YML086C	0.1625619914249805	0.1625619914249805
YCR017C	-0.16255544609896777	0.16255544609896777
YPL245W	-0.16238284839725203	0.16238284839725203
YBR001C	-0.1622519248381673	0.1622519248381673
YLR417W	0.1621590665900241	0.1621590665900241
YOR259C	0.16201310617846865	0.16201310617846865
YKR008W	0.16188453834572947	0.16188453834572947
YNL124W	0.16186424384191156	0.16186424384191156
YHR034C	-0.16171743409304717	0.16171743409304717
YKR026C	-0.16160199036812362	0.16160199036812362
YBR010W	-0.16158660651589862	0.16158660651589862
YKR021W	0.1615760930218464	0.1615760930218464
YPL194W	0.1614416910784664	0.1614416910784664
YCL040W	0.1614264242992185	0.1614264242992185
YLR350W	0.1613559828084945	0.1613559828084945
YLR321C	0.16121661322863012	0.16121661322863012
YOR270C	0.16110923584614767	0.16110923584614767
YDR190C	-0.16059928172860438	0.16059928172860438
YKL114C	-0.16029791690900463	0.16029791690900463
YOL126C	0.1601220736093012	0.1601220736093012
YGL037C	0.160008731645922	0.160008731645922
YCR005C	0.15986121223032335	0.15986121223032335
YPL180W	0.1597402977107647	0.1597402977107647
YMR010W	-0.15960788188866903	0.15960788188866903
YER167W	0.15929376497191505	0.15929376497191505
YLR026C	0.15928942094132026	0.15928942094132026
YBL009W	-0.15899095054044388	0.15899095054044388
YGL022W	0.15880891311307366	0.15880891311307366
YHR178W	-0.15871741293651276	0.15871741293651276
YKL164C	0.15849080710351693	0.15849080710351693
YBR179C	0.15844160820259834	0.15844160820259834
YDR080W	0.1583204526597637	0.1583204526597637
YPR121W	-0.15825055215058992	0.15825055215058992
YDR312W	-0.15796749013384748	0.15796749013384748
YDR014W	-0.15761702342205286	0.15761702342205286
YKL166C	-0.15758802581885867	0.15758802581885867
YLR153C	0.1575841645263214	0.1575841645263214
YDR334W	0.15730079605748504	0.15730079605748504
YJR151C	0.15720976370750073	0.15720976370750073
YML099C	0.15718396902808163	0.15718396902808163
YHR120W	-0.1571799558542759	0.1571799558542759
YDR210C-D	-0.15716929530679202	0.15716929530679202
YMR277W	0.1571072177810766	0.1571072177810766
YAL026C	0.1569503909820389	0.1569503909820389
YJL180C	-0.15690774794594553	0.15690774794594553
YDR221W	-0.15690278721175055	0.15690278721175055
YKL046C	0.15678971544549114	0.15678971544549114
YLR370C	0.15673464942584125	0.15673464942584125
YDR497C	0.15668517949397298	0.15668517949397298
YPR079W	-0.156512581118033	0.156512581118033
YGR221C	0.156319013289691	0.156319013289691
YLR241W	0.15595175532868666	0.15595175532868666
YBR139W	-0.15591662766830972	0.15591662766830972
YIL023C	-0.1556390017381375	0.1556390017381375
YKL170W	0.1553423725914369	0.1553423725914369
YKL085W	-0.1552339994637606	0.1552339994637606
YJL023C	-0.15496566513432875	0.15496566513432875
YDR056C	0.15493945726836778	0.15493945726836778
YOR091W	-0.15476221375856714	0.15476221375856714
YIL113W	-0.15442790305213228	0.15442790305213228
YHL026C	-0.15432317030838938	0.15432317030838938
YIL044C	-0.1541533570875231	0.1541533570875231
YPL109C	-0.1538436098816085	0.1538436098816085
YPL206C	-0.15382711265879756	0.15382711265879756
YJR063W	0.15338912996875642	0.15338912996875642
YGL124C	0.1531213969965579	0.1531213969965579
YPL013C	-0.15296064820964028	0.15296064820964028
YJR107W	-0.15289440084254302	0.15289440084254302
YKR065C	0.1528607320531723	0.1528607320531723
YGR088W	0.15267270258082188	0.15267270258082188
YDL037C	0.15218824851583612	0.15218824851583612
YNL169C	0.15196363334907126	0.15196363334907126
YML005W	-0.15164988136732394	0.15164988136732394
YMR302C	0.15161503396547538	0.15161503396547538
YKL106W	0.1513793111077879	0.1513793111077879
YIL076W	0.15135173433264715	0.15135173433264715
YGR044C	0.15103578006160845	0.15103578006160845
YDR235W	-0.15102517493387868	0.15102517493387868
YOR224C	-0.15038479293352403	0.15038479293352403
YOR155C	-0.15034394325460454	0.15034394325460454
YPR069C	-0.15034272990854092	0.15034272990854092
YOR328W	-0.14980298639921763	0.14980298639921763
YIL116W	0.14977603798767625	0.14977603798767625
YBR012W-B	0.14960405972827306	0.14960405972827306
YHR007C	0.1492972479643182	0.1492972479643182
YOL154W	-0.1491877046678347	0.1491877046678347
YOR152C	-0.14916357971387573	0.14916357971387573
YOL058W	-0.14914117484723377	0.14914117484723377
YOL031C	0.14877464839131882	0.14877464839131882
YKL208W	-0.14862403642274824	0.14862403642274824
YHR159W	0.14847496248882575	0.14847496248882575
YML127W	-0.1483160486506767	0.1483160486506767
YGR185C	0.14778158211643166	0.14778158211643166
YKL172W	0.1476405495242954	0.1476405495242954
YMR120C	0.14754814789358583	0.14754814789358583
YDL003W	0.14691908363536577	0.14691908363536577
YNL084C	0.14690391785708634	0.14690391785708634
YGL228W	0.1468417517349172	0.1468417517349172
YBL055C	0.14681529302616525	0.14681529302616525
YMR062C	0.14653618504311172	0.14653618504311172
YGR106C	0.14613097339544368	0.14613097339544368
YHR131C	0.14606690226290286	0.14606690226290286
YBR081C	0.14598013202032956	0.14598013202032956
YDR147W	0.14597929741144	0.14597929741144
YLR114C	0.14590994602240848	0.14590994602240848
YGR207C	0.14563852101506036	0.14563852101506036
YBR071W	0.14536663051264398	0.14536663051264398
YLR412W	-0.14512385931120964	0.14512385931120964
Q0250	-0.14493347158194325	0.14493347158194325
YDR314C	0.1447599699034452	0.1447599699034452
YIL161W	-0.14473003677605067	0.14473003677605067
YLR175W	-0.14446781330666525	0.14446781330666525
YFL038C	-0.14411742121952287	0.14411742121952287
YMR185W	0.14396958578028496	0.14396958578028496
YJR033C	0.14366727048589034	0.14366727048589034
YBR003W	-0.14350431283820253	0.14350431283820253
YMR152W	-0.14335536036937135	0.14335536036937135
YPL029W	0.143250311793361	0.143250311793361
YGR196C	-0.14265126603292355	0.14265126603292355
YGL084C	-0.14222984590284504	0.14222984590284504
YKL173W	0.14202356721370712	0.14202356721370712
YAR009C	0.1413047906898015	0.1413047906898015
YLR188W	0.14115088742268966	0.14115088742268966
YNR008W	-0.14101592939828933	0.14101592939828933
YKL022C	-0.14092251187098537	0.14092251187098537
YDR335W	0.14091718002834241	0.14091718002834241
YOR129C	0.14052481594379174	0.14052481594379174
YLR314C	0.13993078224957944	0.13993078224957944
YDR099W	0.13982960590574933	0.13982960590574933
YDR324C	0.13979366794672643	0.13979366794672643
YNL187W	0.13978763697626384	0.13978763697626384
YML120C	-0.13971769295167036	0.13971769295167036
YDR384C	-0.13971025916599	0.13971025916599
YNL279W	-0.1396249097425084	0.1396249097425084
YHL025W	-0.1394222393411937	0.1394222393411937
YJL198W	0.13940286387833467	0.13940286387833467
YJR070C	0.13913058238782838	0.13913058238782838
YLR394W	0.13900650799438274	0.13900650799438274
YBR279W	0.1388331989438134	0.1388331989438134
YDL176W	-0.13878394544455652	0.13878394544455652
YPR172W	0.13850945203092024	0.13850945203092024
YPL050C	-0.13837193809457204	0.13837193809457204
YHL004W	0.1381973723769061	0.1381973723769061
YDR047W	-0.13818597788714904	0.13818597788714904
YKL033W-A	-0.13795098018217367	0.13795098018217367
YLL034C	0.13772178332633978	0.13772178332633978
YJL099W	-0.1377063531189755	0.1377063531189755
YPR114W	0.13767449148493238	0.13767449148493238
YOL061W	-0.13758377679311717	0.13758377679311717
YPR109W	-0.13739443954659158	0.13739443954659158
YBR095C	-0.13703332354757336	0.13703332354757336
YDR125C	0.13694466007252792	0.13694466007252792
YHR085W	0.13678821850550094	0.13678821850550094
YMR172W	0.1363628671890833	0.1363628671890833
YAL053W	-0.13580911067459223	0.13580911067459223
YLR157C	0.13573994899384	0.13573994899384
YLR160C	0.13573994899384	0.13573994899384
YLR155C	0.13573994899384	0.13573994899384
YLR158C	0.13573994899384	0.13573994899384
YBR106W	0.1356989979055836	0.1356989979055836
YHR009C	0.1354636557808906	0.1354636557808906
YDR033W	-0.1354345456995567	0.1354345456995567
YJL087C	-0.13541592078505893	0.13541592078505893
YLL038C	0.1353664547435054	0.1353664547435054
YOR011W	0.13530051582417446	0.13530051582417446
YJL063C	0.13507105675658693	0.13507105675658693
YOL097C	0.13455584385596353	0.13455584385596353
YDR140W	-0.13439572580274373	0.13439572580274373
YCL038C	-0.13422384582564195	0.13422384582564195
YKR003W	0.1341531317286968	0.1341531317286968
YPL037C	-0.13379548650847894	0.13379548650847894
YGL257C	0.13335283282074517	0.13335283282074517
YKR086W	0.13334146114801992	0.13334146114801992
YIL159W	-0.13332761909675916	0.13332761909675916
YBL100W-B	-0.13332090352488102	0.13332090352488102
YLL043W	0.13296844007569764	0.13296844007569764
YMR283C	-0.13260880118995466	0.13260880118995466
YJL059W	-0.1325869030737561	0.1325869030737561
YKL165C	0.13255869301069012	0.13255869301069012
YLR427W	0.1324598453907937	0.1324598453907937
YJL156C	0.13214187110997244	0.13214187110997244
YKL074C	-0.13206898000530565	0.13206898000530565
YDR137W	0.13196906394844365	0.13196906394844365
YBR138C	0.13189093949580588	0.13189093949580588
YCL061C	0.13172304046977956	0.13172304046977956
YPL266W	0.1317019068222276	0.1317019068222276
YER001W	-0.13142822652088704	0.13142822652088704
YNL080C	0.13140515183250123	0.13140515183250123
YDR181C	-0.13118440048925528	0.13118440048925528
YMR127C	0.1307952901555156	0.1307952901555156
YDR515W	0.13068362808888878	0.13068362808888878
YDR254W	0.13058930162922078	0.13058930162922078
YFL013C	-0.1305491050223102	0.1305491050223102
YLR340W	0.13018066982746745	0.13018066982746745
YJL036W	-0.1298454001196827	0.1298454001196827
YDR370C	-0.12970101947197055	0.12970101947197055
YDR429C	0.1296216335599194	0.1296216335599194
YJL066C	-0.12938267298678685	0.12938267298678685
YJR137C	0.1292287516545132	0.1292287516545132
YKL186C	-0.1291169871345339	0.1291169871345339
YKL039W	-0.12903214742687652	0.12903214742687652
YDL230W	-0.128747650482115	0.128747650482115
YOL092W	-0.12844111775723555	0.12844111775723555
YDR318W	-0.12827434654015057	0.12827434654015057
YJR008W	-0.12789966872598235	0.12789966872598235
YDR439W	-0.12771639520544387	0.12771639520544387
YJL071W	0.12769528462873048	0.12769528462873048
YDR351W	0.1275710302138542	0.1275710302138542
YNL045W	-0.1270746342221747	0.1270746342221747
YML014W	0.12705636921295493	0.12705636921295493
YIL078W	0.12698981411591959	0.12698981411591959
YOR157C	0.12680067382397553	0.12680067382397553
YJL106W	-0.12672055614174838	0.12672055614174838
YHR164C	-0.1263978690083576	0.1263978690083576
YGL068W	-0.12608608691123813	0.12608608691123813
YDL045C	0.12597915778213498	0.12597915778213498
YNR050C	-0.12593922580585115	0.12593922580585115
YBL054W	-0.12539420966325032	0.12539420966325032
YAL060W	-0.12516767546150387	0.12516767546150387
YKL125W	0.1251675044111229	0.1251675044111229
YIL041W	-0.12512098694725182	0.12512098694725182
YLR372W	-0.1250762644106338	0.1250762644106338
YMR314W	0.12507258455812753	0.12507258455812753
YDL101C	-0.12493401716923103	0.12493401716923103
YIL001W	-0.12485976687315503	0.12485976687315503
YBR125C	0.12473099781774977	0.12473099781774977
YBR273C	-0.12468805496031532	0.12468805496031532
YGR214W	-0.124674076444375	0.124674076444375
YNL110C	0.12459315529339676	0.12459315529339676
YDL072C	-0.12454367383748455	0.12454367383748455
YOR211C	0.12438482855253064	0.12438482855253064
YGR202C	0.12407255198763778	0.12407255198763778
YNL207W	0.12398550439576006	0.12398550439576006
YCL005W	-0.12391315110808421	0.12391315110808421
YDR519W	0.12382324622310836	0.12382324622310836
YPR185W	0.1238016356204632	0.1238016356204632
YDR458C	0.12351626188525877	0.12351626188525877
YPL131W	0.12348530597290797	0.12348530597290797
YML112W	0.12347064822921094	0.12347064822921094
YER171W	0.12344936794185912	0.12344936794185912
YBR249C	0.12207624561311725	0.12207624561311725
YGL184C	-0.1218759956430917	0.1218759956430917
YLR207W	-0.1215685076229498	0.1215685076229498
YPL028W	-0.12130978126321779	0.12130978126321779
YHR190W	0.12128847656581954	0.12128847656581954
YGR124W	0.12127593278424875	0.12127593278424875
YDL161W	0.12073438839295392	0.12073438839295392
YDL036C	-0.1205407652306345	0.1205407652306345
YDL193W	-0.12023110419278638	0.12023110419278638
YJL112W	0.12009379647247176	0.12009379647247176
YPL224C	0.11990873347432984	0.11990873347432984
YBR080C	0.11960476924767782	0.11960476924767782
YDR488C	0.11936927263887043	0.11936927263887043
YMR148W	0.11923231079070451	0.11923231079070451
YIL045W	0.11920281397831545	0.11920281397831545
YOR018W	-0.11861364965495014	0.11861364965495014
YAL048C	-0.11823871835490252	0.11823871835490252
YJR148W	0.1181163275129391	0.1181163275129391
YCR035C	0.11797639025779905	0.11797639025779905
YJR075W	0.11791020859210999	0.11791020859210999
YML056C	-0.1179079894163717	0.1179079894163717
YLR203C	0.11776747171494595	0.11776747171494595
YMR034C	-0.1176205401645829	0.1176205401645829
YIL106W	-0.11751519314114045	0.11751519314114045
YLR425W	-0.11734654505346054	0.11734654505346054
YJR129C	-0.11733437684843917	0.11733437684843917
YMR298W	-0.11730830805505921	0.11730830805505921
YMR284W	0.1170540753410041	0.1170540753410041
YOR185C	-0.11670686398625119	0.11670686398625119
YLR440C	-0.11669041115456125	0.11669041115456125
YJL052W	0.11648574030583347	0.11648574030583347
YPL269W	-0.11644330237329825	0.11644330237329825
YLR100W	-0.11612307430904067	0.11612307430904067
YLR007W	-0.11606619705599641	0.11606619705599641
YPL183C	0.115852666226405	0.115852666226405
YAL056W	0.11550973519114738	0.11550973519114738
YNR011C	0.11537324422692752	0.11537324422692752
YOR002W	-0.11535092564777649	0.11535092564777649
YDR049W	0.11524605432869262	0.11524605432869262
YGL232W	-0.11491636582182352	0.11491636582182352
YHR183W	-0.11491299156615398	0.11491299156615398
YCL045C	0.11479381776676512	0.11479381776676512
YLR212C	-0.11465746878185978	0.11465746878185978
YDR448W	0.114471693797082	0.114471693797082
YHR149C	0.11437225751489244	0.11437225751489244
YKL133C	-0.11365279534355022	0.11365279534355022
YJR077C	0.11308255065530659	0.11308255065530659
YNL048W	0.11285292560839899	0.11285292560839899
YJR143C	0.11275402613790497	0.11275402613790497
YBR248C	-0.11274120610831151	0.11274120610831151
YHR031C	-0.11249903837456188	0.11249903837456188
YER182W	0.11239259555508241	0.11239259555508241
YDR229W	-0.11201510579163187	0.11201510579163187
YDR119W	-0.11159680241395709	0.11159680241395709
YAL007C	-0.11145009942188544	0.11145009942188544
YNL220W	-0.11135095685072027	0.11135095685072027
YDR416W	0.1109050088779302	0.1109050088779302
YJR019C	0.11085512100572448	0.11085512100572448
YHR216W	-0.11079245163203222	0.11079245163203222
YGL176C	0.11060656337237074	0.11060656337237074
YLR006C	-0.11045094203287142	0.11045094203287142
YHR041C	0.11026903802810928	0.11026903802810928
YKL017C	0.10990252366892239	0.10990252366892239
YIL079C	-0.10988069846015414	0.10988069846015414
YKR070W	-0.10950434168262824	0.10950434168262824
YFR004W	-0.10946184345664811	0.10946184345664811
YHL019C	-0.10913818045348922	0.10913818045348922
YFL048C	-0.1090910008349093	0.1090910008349093
YML106W	0.10905546721117076	0.10905546721117076
YKR031C	0.10888395228838732	0.10888395228838732
YOR196C	-0.10886841739440989	0.10886841739440989
YCL050C	-0.1088650737134671	0.1088650737134671
YHR182W	-0.1087701225936284	0.1087701225936284
YNL234W	-0.10876014223105468	0.10876014223105468
YOR216C	-0.10860296608960329	0.10860296608960329
YML051W	0.10854555527596776	0.10854555527596776
YGL142C	0.10840952740608412	0.10840952740608412
YGR186W	0.10815030220354149	0.10815030220354149
YGL099W	0.10782283835196349	0.10782283835196349
YPL159C	-0.10762123135817792	0.10762123135817792
YHR010W	-0.10759475160459431	0.10759475160459431
YKL189W	0.1074229122781789	0.1074229122781789
YLR446W	-0.1074094969186774	0.1074094969186774
YOR291W	-0.10724985214730864	0.10724985214730864
YOL151W	-0.10689044405211234	0.10689044405211234
YHL022C	0.10653424851901283	0.10653424851901283
YPR111W	-0.10631269183842118	0.10631269183842118
YBR220C	0.10600757045287335	0.10600757045287335
YJL100W	-0.10572812871510173	0.10572812871510173
YML063W	-0.1054865628789905	0.1054865628789905
YDR054C	0.10544765691978597	0.10544765691978597
YGL095C	-0.10543201431926263	0.10543201431926263
YKR090W	-0.10538347881903931	0.10538347881903931
YBL037W	0.10537318533211604	0.10537318533211604
YIR002C	0.10509960029629895	0.10509960029629895
YML004C	0.10485556451846723	0.10485556451846723
YNL202W	0.1046413131359838	0.1046413131359838
YJL168C	0.10331020546483138	0.10331020546483138
YOR330C	0.10328555698833597	0.10328555698833597
YHL020C	0.10323882075836455	0.10323882075836455
YER161C	0.10319351693369505	0.10319351693369505
YDR027C	-0.10302796631431566	0.10302796631431566
YGR189C	-0.10274956293824644	0.10274956293824644
YGL222C	-0.10262132912935762	0.10262132912935762
YDL029W	0.10252392435430568	0.10252392435430568
YDR012W	0.10205043621980181	0.10205043621980181
YJR122W	-0.10176537170859135	0.10176537170859135
YDR002W	0.10169854396411004	0.10169854396411004
YGR163W	0.10131859464937243	0.10131859464937243
YLR277C	0.10123080786482852	0.10123080786482852
YKL150W	-0.10107610314998627	0.10107610314998627
YLR300W	-0.10076026553863215	0.10076026553863215
YEL036C	-0.10073319908414291	0.10073319908414291
YDL203C	-0.10070090641271179	0.10070090641271179
YGL082W	0.1004239806942353	0.1004239806942353
YDR421W	0.10035550594226272	0.10035550594226272
YPR184W	0.1001744160767597	0.1001744160767597
YJL102W	-0.10008040222024128	0.10008040222024128
YDL007W	-0.10002927693378005	0.10002927693378005
YPR178W	0.099921270732648	0.099921270732648
YPR118W	-0.09988955453605719	0.09988955453605719
YDL150W	0.09983513701060787	0.09983513701060787
YEL034W	-0.09966740996245527	0.09966740996245527
YER109C	0.09936510690470435	0.09936510690470435
YDL180W	-0.09901027198273216	0.09901027198273216
YLR272C	0.09897051985815164	0.09897051985815164
YDR301W	0.09895310977515681	0.09895310977515681
YLR018C	0.09852552419194005	0.09852552419194005
YHR062C	0.09840502760483893	0.09840502760483893
YOL116W	-0.09831817981118895	0.09831817981118895
YCR046C	0.09796437420608406	0.09796437420608406
YEL063C	-0.09789228300805775	0.09789228300805775
YEL046C	0.09738950349331787	0.09738950349331787
YDR237W	-0.0967855513370921	0.0967855513370921
YOR158W	0.09665174397213327	0.09665174397213327
YEL042W	0.09661921097155446	0.09661921097155446
YBR103W	-0.09630918596020344	0.09630918596020344
YMR099C	0.09623537018115158	0.09623537018115158
YHR193C	0.09612470373978255	0.09612470373978255
YOR272W	0.09568737735822541	0.09568737735822541
YIR007W	-0.09558090277376863	0.09558090277376863
YKR004C	0.09528391575718764	0.09528391575718764
YPR045C	0.09521332934924587	0.09521332934924587
YNL204C	0.0949154440464719	0.0949154440464719
YDL192W	0.09482527249353723	0.09482527249353723
YHR202W	0.09476628781262875	0.09476628781262875
YOR069W	0.09441059906727922	0.09441059906727922
YGR099W	0.09428567975336222	0.09428567975336222
YCR068W	-0.09420345789075846	0.09420345789075846
YBL081W	-0.09398785876219673	0.09398785876219673
YBR068C	0.09369305527143279	0.09369305527143279
YIL110W	-0.09362683998475951	0.09362683998475951
YMR318C	-0.0936194537914865	0.0936194537914865
YDR427W	-0.09361217695352941	0.09361217695352941
YOR118W	0.09360683861184338	0.09360683861184338
YHL031C	-0.09358366489075376	0.09358366489075376
YOR078W	-0.0934796993097784	0.0934796993097784
YBR123C	-0.09340698305672124	0.09340698305672124
YAL023C	-0.0933717854347833	0.0933717854347833
YFL047W	0.09282877744931195	0.09282877744931195
YLR240W	-0.09276513929657781	0.09276513929657781
YKL011C	-0.09270110061157855	0.09270110061157855
YPL215W	0.09219224728609987	0.09219224728609987
YIL155C	-0.0912924033184952	0.0912924033184952
YMR070W	-0.091051554669356	0.091051554669356
YGL123W	0.09097674256094557	0.09097674256094557
YHR083W	0.0907710878077106	0.0907710878077106
YBR287W	0.09064818287417786	0.09064818287417786
YIL143C	0.09040970051366859	0.09040970051366859
YIL061C	-0.09011076180735245	0.09011076180735245
YMR297W	-0.08991534257858547	0.08991534257858547
YGR172C	0.08970137844085357	0.08970137844085357
YCR024C	0.08959825071078775	0.08959825071078775
YER043C	-0.08958459868351909	0.08958459868351909
YNL127W	-0.0894574405411408	0.0894574405411408
YBR050C	0.08941521453382872	0.08941521453382872
YFR031C-A	-0.08931940283831175	0.08931940283831175
YIL074C	-0.08912352115475208	0.08912352115475208
YKL081W	-0.08906677037849597	0.08906677037849597
YNR023W	-0.08892168019918056	0.08892168019918056
YGL136C	-0.08869318166328011	0.08869318166328011
YJL123C	-0.08843804100549235	0.08843804100549235
YBR170C	0.08830111948153707	0.08830111948153707
YIL131C	-0.08808007908731863	0.08808007908731863
YLR253W	0.08792587485549141	0.08792587485549141
YOL078W	0.08783544367986273	0.08783544367986273
YKL067W	-0.08779999149903261	0.08779999149903261
YKL197C	0.08763084286948875	0.08763084286948875
YGL160W	0.08747820548508933	0.08747820548508933
YMR042W	0.08724853952610356	0.08724853952610356
YOR323C	0.0872472831799076	0.0872472831799076
YML082W	0.08710073864077916	0.08710073864077916
YDL205C	-0.08704584504967361	0.08704584504967361
YOL104C	0.08681604744856486	0.08681604744856486
YNR043W	-0.08669812605004878	0.08669812605004878
YGL172W	-0.08663740945093235	0.08663740945093235
YGR138C	-0.08663187832727548	0.08663187832727548
YPR148C	-0.08609733629558924	0.08609733629558924
YDL208W	0.08604248177060114	0.08604248177060114
YBR210W	-0.08576329198555577	0.08576329198555577
YHL028W	-0.08564136297494951	0.08564136297494951
YHR175W	-0.08563413062216085	0.08563413062216085
YLR354C	0.08540661966118535	0.08540661966118535
YDR243C	0.08532238381952961	0.08532238381952961
YNL173C	0.08530045175962275	0.08530045175962275
YBL042C	0.08526932072352	0.08526932072352
YLL028W	0.08524719011249715	0.08524719011249715
YMR083W	-0.08478783607613671	0.08478783607613671
YFL042C	-0.08477559518595257	0.08477559518595257
YBR044C	0.08473711353915192	0.08473711353915192
YMR197C	-0.08458597488798691	0.08458597488798691
YBL039C	0.08429180842754036	0.08429180842754036
YJR009C	-0.08427586186711444	0.08427586186711444
YFL031W	-0.08425285240440594	0.08425285240440594
YMR036C	-0.08407408803298644	0.08407408803298644
YMR238W	-0.08389673087845573	0.08389673087845573
YDR268W	0.08375713473066781	0.08375713473066781
YKL215C	0.08358609404572181	0.08358609404572181
YLR118C	0.08356231597798747	0.08356231597798747
YDL156W	-0.08324352168713745	0.08324352168713745
YER010C	-0.08313162602657798	0.08313162602657798
YKR030W	-0.0830023865370082	0.0830023865370082
YIL015W	0.08290262317299657	0.08290262317299657
YBL068W	0.08275798720413174	0.08275798720413174
YPL111W	0.08254372987254932	0.08254372987254932
YER037W	-0.08249118028869695	0.08249118028869695
YGR058W	-0.08231972347985472	0.08231972347985472
YMR270C	-0.08231461534629503	0.08231461534629503
YLR237W	0.08228876783164907	0.08228876783164907
YBR208C	-0.08178933570759384	0.08178933570759384
YCL028W	-0.08172491987770147	0.08172491987770147
YAL061W	0.0816585985457392	0.0816585985457392
YPR188C	0.08126258799319785	0.08126258799319785
YBL102W	-0.0809146315425755	0.0809146315425755
YLR265C	0.08089063992671708	0.08089063992671708
YCR079W	-0.08079190136523451	0.08079190136523451
YCR097W	0.08061411974125487	0.08061411974125487
YJL012C	0.08045077291876357	0.08045077291876357
YDR160W	-0.08009486124341336	0.08009486124341336
YER118C	0.07983216534590021	0.07983216534590021
YKR100C	-0.07891316840678009	0.07891316840678009
YPR190C	0.07859369906136582	0.07859369906136582
YJL078C	0.0782843023854527	0.0782843023854527
YMR307W	0.07792142377845579	0.07792142377845579
YCR016W	-0.07714854361224255	0.07714854361224255
YAL034C	0.07689193636841285	0.07689193636841285
YIL070C	-0.0768654929655268	0.0768654929655268
YBR043C	0.07684958002614106	0.07684958002614106
YMR272C	0.07632037959411431	0.07632037959411431
YDR400W	0.07618891358416224	0.07618891358416224
YGL021W	0.07612362334105871	0.07612362334105871
YKR048C	0.07569026898708131	0.07569026898708131
YDR325W	-0.07565643732189198	0.07565643732189198
YGR024C	-0.07559521028399807	0.07559521028399807
YHR091C	0.07559305715716302	0.07559305715716302
YNL180C	-0.07554119513747803	0.07554119513747803
YPL162C	0.07544529633467434	0.07544529633467434
YOR092W	0.07531678778168427	0.07531678778168427
YBR034C	0.0748436512911006	0.0748436512911006
YJL127C	-0.07444617709689094	0.07444617709689094
YDR153C	0.07431756320847338	0.07431756320847338
YMR001C	-0.07421713655623385	0.07421713655623385
YER027C	0.07352572087903475	0.07352572087903475
YOR063W	-0.07345570091517928	0.07345570091517928
Q0045	0.07327410912525067	0.07327410912525067
YJL030W	0.07290926355792404	0.07290926355792404
YLR351C	0.07279238180885361	0.07279238180885361
YFR039C	-0.07263429183964476	0.07263429183964476
YMR200W	0.07253935713436732	0.07253935713436732
YIR004W	-0.07233934942791542	0.07233934942791542
YGR161C	-0.07220773733692099	0.07220773733692099
YPR026W	0.07220680409013625	0.07220680409013625
YOR230W	0.0718745140454562	0.0718745140454562
YDR362C	-0.07149239702335741	0.07149239702335741
YBL035C	-0.07128287567815761	0.07128287567815761
YKL009W	-0.07102610330990089	0.07102610330990089
YOR187W	-0.07042973020893584	0.07042973020893584
YLR016C	0.07016538999794442	0.07016538999794442
YHR174W	-0.06976118436524636	0.06976118436524636
YJR117W	0.06965892650557581	0.06965892650557581
YLR410W-B	0.06958443489070731	0.06958443489070731
YMR313C	0.06956786145494753	0.06956786145494753
YPR152C	-0.06952997619769619	0.06952997619769619
YHR113W	0.06918433722825323	0.06918433722825323
YGL028C	0.06904346339994127	0.06904346339994127
YGR216C	0.06897136646585089	0.06897136646585089
YDL028C	0.06859198639002262	0.06859198639002262
YDL164C	0.06848119958816667	0.06848119958816667
YBR026C	-0.06842866698364958	0.06842866698364958
YLR069C	-0.0683622185471533	0.0683622185471533
YCL059C	-0.06824419816917171	0.06824419816917171
YGL108C	-0.06818590131671431	0.06818590131671431
YAL022C	0.0681354171166122	0.0681354171166122
YDR215C	-0.06813216961544732	0.06813216961544732
YLR414C	0.06803603494798871	0.06803603494798871
YDR098C	-0.06752727172991602	0.06752727172991602
YML059C	-0.06750418567028227	0.06750418567028227
YKL142W	-0.06701949949563346	0.06701949949563346
YGR180C	0.06697242334220732	0.06697242334220732
YLR404W	-0.06631308703744487	0.06631308703744487
YCR066W	-0.06606674752729091	0.06606674752729091
YHR074W	0.06485892773732527	0.06485892773732527
YLR323C	0.06465379407339533	0.06465379407339533
YPL074W	0.06453949305791262	0.06453949305791262
YDR347W	0.06395414864504723	0.06395414864504723
YBR283C	0.06299997577451855	0.06299997577451855
YHR123W	0.06280926591054747	0.06280926591054747
YLR229C	-0.06272631246234095	0.06272631246234095
YNL238W	0.06251992494321268	0.06251992494321268
YJR064W	0.0625117890373108	0.0625117890373108
YKL140W	-0.06196920465019584	0.06196920465019584
YBR162C	-0.061407848218211214	0.061407848218211214
YGL040C	-0.06133436080108812	0.06133436080108812
YLR143W	-0.061115529506873045	0.061115529506873045
YIL091C	0.060925994460177435	0.060925994460177435
YOR261C	0.060614761367141945	0.060614761367141945
YKL094W	-0.06059921708762417	0.06059921708762417
YPL220W	0.06044209584756999	0.06044209584756999
YKL043W	0.060433133788690974	0.060433133788690974
YMR292W	-0.06040338661584688	0.06040338661584688
YKR088C	-0.06037305615915933	0.06037305615915933
YGR227W	0.06016919767471851	0.06016919767471851
YOR090C	0.060115211142869995	0.060115211142869995
YML065W	-0.06011038705531835	0.06011038705531835
YDR100W	0.05996844563174708	0.05996844563174708
YBR241C	0.05978571168652458	0.05978571168652458
YBR025C	0.0597018380730816	0.0597018380730816
YOR067C	0.05946793502893577	0.05946793502893577
YDR394W	-0.059228925350392814	0.059228925350392814
YML048W	0.059219254498168894	0.059219254498168894
YGL077C	0.059194475929512436	0.059194475929512436
YML125C	-0.05902785381468334	0.05902785381468334
YPR041W	0.05885547024830906	0.05885547024830906
YDR204W	0.05875650100639973	0.05875650100639973
YGR140W	-0.05871632980580177	0.05871632980580177
YJL126W	-0.058690461442783004	0.058690461442783004
YHL029C	-0.05855698120981856	0.05855698120981856
YPR165W	-0.058442688019505695	0.058442688019505695
YGR146C	0.058429427913774035	0.058429427913774035
YDR161W	0.05786096225313031	0.05786096225313031
YPR162C	0.05772194360376304	0.05772194360376304
YMR273C	0.05771722626019393	0.05771722626019393
YJL086C	-0.05737159910683931	0.05737159910683931
YJL074C	0.05730545930110509	0.05730545930110509
YFR007W	0.05720513360124713	0.05720513360124713
YPR155C	-0.05715583683075032	0.05715583683075032
YER148W	0.05707029067664138	0.05707029067664138
YBR042C	0.05705986389794848	0.05705986389794848
YER183C	-0.05700889584308477	0.05700889584308477
YDL105W	0.05698592013736903	0.05698592013736903
YGL181W	-0.056765180152911654	0.056765180152911654
YAR068W	-0.05626771604999625	0.05626771604999625
YHR214W-A	-0.05626771604999625	0.05626771604999625
YMR079W	0.0559750948319504	0.0559750948319504
YMR179W	-0.05593781522435215	0.05593781522435215
YNL095C	-0.05553923535068428	0.05553923535068428
YLR023C	0.05492189771846334	0.05492189771846334
Q0055	0.05465696464914238	0.05465696464914238
YJR139C	0.05456781853468762	0.05456781853468762
YJL097W	-0.054380696050268185	0.054380696050268185
YMR265C	-0.0543148681167116	0.0543148681167116
YPR137W	-0.05407621867005208	0.05407621867005208
YNL177C	-0.053890198817208024	0.053890198817208024
YLR396C	0.053711243638974615	0.053711243638974615
YLR401C	0.053684992674367216	0.053684992674367216
YOR197W	-0.05353311854694276	0.05353311854694276
YKL078W	-0.053174189547307904	0.053174189547307904
YPL272C	-0.052915489393764226	0.052915489393764226
YEL052W	0.05267517765188323	0.05267517765188323
YGL227W	0.05254324259880949	0.05254324259880949
YHR208W	-0.05251329503140667	0.05251329503140667
YPR202W	-0.0522410881068609	0.0522410881068609
YOR337W	0.05217826496529643	0.05217826496529643
YOR004W	0.052177754463127	0.052177754463127
YFR017C	0.05171868211841524	0.05171868211841524
YLR397C	0.05155251529288396	0.05155251529288396
YNL208W	-0.05135938614616542	0.05135938614616542
YDR259C	0.05117796650547657	0.05117796650547657
YMR085W	-0.05107334684445153	0.05107334684445153
YMR115W	0.05097042969591925	0.05097042969591925
YNL172W	-0.050885984359814174	0.050885984359814174
YML113W	0.05064052101015104	0.05064052101015104
YKL002W	0.050416959196470046	0.050416959196470046
YLL008W	-0.05029506786664939	0.05029506786664939
YPL202C	0.05015574773302944	0.05015574773302944
YEL002C	-0.05012123253506573	0.05012123253506573
YPL181W	-0.05009991861912866	0.05009991861912866
YNL322C	-0.0497830579819194	0.0497830579819194
YNL106C	-0.0496278596756774	0.0496278596756774
YGR165W	-0.04951628890851101	0.04951628890851101
YDL097C	0.04943399205576959	0.04943399205576959
YPL248C	-0.04931046583550103	0.04931046583550103
YOL072W	-0.04919299518079967	0.04919299518079967
YLR274W	0.049175321386065285	0.049175321386065285
YGR092W	0.04891190824776448	0.04891190824776448
YOL013C	0.04874706671230822	0.04874706671230822
YKL077W	-0.048692158961628706	0.048692158961628706
YGR159C	-0.04862999415503566	0.04862999415503566
YDR035W	-0.04852230913107114	0.04852230913107114
YJL147C	-0.0485200177694729	0.0485200177694729
YBR105C	-0.04842539619302055	0.04842539619302055
YJL170C	-0.04817282987629934	0.04817282987629934
YGR282C	0.048010951931605206	0.048010951931605206
YNL252C	0.04776829772214697	0.04776829772214697
YER011W	-0.04761062817893791	0.04761062817893791
YNL284C	-0.047562363601358015	0.047562363601358015
YJL162C	0.04745622001905758	0.04745622001905758
YML128C	0.04737837207112516	0.04737837207112516
YBR041W	0.047296681982484046	0.047296681982484046
YPL101W	-0.04723975103650346	0.04723975103650346
YMR100W	0.04720476058575507	0.04720476058575507
YDL092W	-0.047163442193995486	0.047163442193995486
YDL014W	-0.04714185798362358	0.04714185798362358
YDR425W	0.04700619592105415	0.04700619592105415
YLR362W	-0.0466353460757265	0.0466353460757265
YMR213W	-0.04659338286279091	0.04659338286279091
YNL312W	-0.0461841929251845	0.0461841929251845
YOR184W	-0.0460635118725774	0.0460635118725774
YBL033C	0.045780287253261776	0.045780287253261776
YER059W	0.04574760383022447	0.04574760383022447
YBR200W	0.04556904625671532	0.04556904625671532
YJR043C	0.04536783785846055	0.04536783785846055
YDR291W	0.045139759700692395	0.045139759700692395
YFL060C	-0.04502065430481217	0.04502065430481217
YNL221C	0.04497227796180425	0.04497227796180425
YLR020C	-0.044814487721622775	0.044814487721622775
YKL019W	-0.04470875113172834	0.04470875113172834
YNR029C	0.044699296563223356	0.044699296563223356
YJL085W	-0.04462929298885587	0.04462929298885587
YHR035W	-0.04457410339549339	0.04457410339549339
YGL156W	0.04443456802940027	0.04443456802940027
YPR103W	-0.04434229362810349	0.04434229362810349
YFR018C	0.043884314183334716	0.043884314183334716
YOL122C	0.04377150397512608	0.04377150397512608
YNR055C	0.043001242954494145	0.043001242954494145
YOR056C	0.042990656169710206	0.042990656169710206
YBR215W	-0.0429081842507939	0.0429081842507939
YNR039C	-0.04265081792968495	0.04265081792968495
YPL081W	-0.042487396595007	0.042487396595007
YGL027C	0.04240619072021623	0.04240619072021623
YKL113C	-0.042144438549517105	0.042144438549517105
YOR356W	-0.042096624219376544	0.042096624219376544
YKR002W	-0.04206673825963669	0.04206673825963669
YER126C	-0.04176999270743398	0.04176999270743398
YGR026W	-0.041566271593749704	0.041566271593749704
YJR052W	-0.04154925495834583	0.04154925495834583
YHR065C	-0.0412868291181665	0.0412868291181665
YDL237W	-0.04102652763999082	0.04102652763999082
YNL181W	0.041017633577213886	0.041017633577213886
YDL080C	-0.040779355145965646	0.040779355145965646
YEL040W	-0.040720956392950924	0.040720956392950924
YMR071C	0.04037613555136765	0.04037613555136765
YER012W	-0.04017140015676901	0.04017140015676901
YIL112W	0.040156540897058335	0.040156540897058335
YHR152W	0.0397711720808811	0.0397711720808811
YBR111C	-0.03963687356627599	0.03963687356627599
YJL046W	-0.039473134123124254	0.039473134123124254
YLR392C	0.03946934661153367	0.03946934661153367
YDR518W	-0.038738516067068574	0.038738516067068574
YMR221C	0.038730288327627704	0.038730288327627704
YPL060W	-0.03850327749136717	0.03850327749136717
YMR186W	0.03848298861527688	0.03848298861527688
YNL141W	-0.03840846363284722	0.03840846363284722
YHR151C	-0.038241866688431436	0.038241866688431436
YBR211C	0.0378318556805155	0.0378318556805155
YDR517W	0.037814259075767964	0.037814259075767964
YJL002C	0.03760629633341317	0.03760629633341317
YGL143C	0.03758775143611093	0.03758775143611093
YER120W	0.0373044567192693	0.0373044567192693
YPL173W	0.037244334727784434	0.037244334727784434
YOR334W	-0.03702042825913843	0.03702042825913843
YBR191W	0.03700740158279103	0.03700740158279103
YLR441C	-0.03668996090265786	0.03668996090265786
YHR075C	-0.03574913235502741	0.03574913235502741
YDL215C	0.03565137811017749	0.03565137811017749
YKL075C	-0.0353763594151566	0.0353763594151566
YJL034W	-0.034620555493310334	0.034620555493310334
YOR164C	-0.03449709175722937	0.03449709175722937
YKL134C	-0.03440591339678889	0.03440591339678889
YKR056W	0.03437939177441507	0.03437939177441507
YJR002W	0.03424932107602441	0.03424932107602441
YOR386W	0.03405009150905158	0.03405009150905158
YJR024C	-0.03368827544447939	0.03368827544447939
YDR039C	-0.033682814670715544	0.033682814670715544
Q0075	-0.03364608707806127	0.03364608707806127
YJL054W	-0.03355139087454617	0.03355139087454617
YIL108W	0.03324568964134933	0.03324568964134933
YPL274W	0.03320998658659491	0.03320998658659491
YLR034C	0.03319711198233666	0.03319711198233666
YLR359W	0.033148585018186516	0.033148585018186516
YGL079W	-0.03310367979809925	0.03310367979809925
YPL031C	0.0330116540887726	0.0330116540887726
YBL104C	0.032919490319704536	0.032919490319704536
YMR209C	-0.03287973399874744	0.03287973399874744
YER041W	-0.03172867344707875	0.03172867344707875
YLR022C	0.03158421108892995	0.03158421108892995
YLR326W	0.03134959613552546	0.03134959613552546
YIL118W	0.031068210301166133	0.031068210301166133
YGL020C	-0.030982762334317293	0.030982762334317293
YNL039W	-0.030980701336535077	0.030980701336535077
YMR266W	-0.030817483209820473	0.030817483209820473
YCR002C	0.030643833385607167	0.030643833385607167
YJR061W	-0.030547745792487646	0.030547745792487646
YEL025C	-0.03014891774375794	0.03014891774375794
YLR208W	-0.03007529261034314	0.03007529261034314
YPL139C	-0.030010012160994748	0.030010012160994748
YLR157C-B	-0.029546430755480024	0.029546430755480024
YLR067C	0.029474481216405835	0.029474481216405835
YGL038C	0.029419831179990474	0.029419831179990474
YNL003C	-0.02902896250867304	0.02902896250867304
YDR481C	0.028922614438156025	0.028922614438156025
YDR485C	-0.02871863485972792	0.02871863485972792
YJR021C	0.028648976916026747	0.028648976916026747
YMR032W	-0.028555182522595146	0.028555182522595146
YHR179W	-0.028502128156983275	0.028502128156983275
YML060W	-0.028453064085265822	0.028453064085265822
YFL002C	0.02844201861280382	0.02844201861280382
YCL017C	0.028433320451312305	0.028433320451312305
YKL108W	0.028368906386611492	0.028368906386611492
YGL055W	-0.02825265184222303	0.02825265184222303
YLR463C	-0.02822255749682423	0.02822255749682423
YNL148C	-0.027992736123202633	0.027992736123202633
YNR053C	-0.027904202334364747	0.027904202334364747
YBR055C	0.027267714724616532	0.027267714724616532
YDR297W	0.0271825895884259	0.0271825895884259
YDR379W	-0.02698364863413616	0.02698364863413616
YKL060C	-0.026918176976131747	0.026918176976131747
YPR179C	-0.02689093837812706	0.02689093837812706
YHR001W	0.026832021889587665	0.026832021889587665
YER156C	0.02669708972887541	0.02669708972887541
YDL089W	0.026673723919765635	0.026673723919765635
YBR156C	0.026591049934169497	0.026591049934169497
YPL048W	0.026544841367634575	0.026544841367634575
YGR068C	-0.0264919952367757	0.0264919952367757
YBL091C	0.02636715332172823	0.02636715332172823
YOR178C	0.026120436992352225	0.026120436992352225
YFR050C	-0.02600009402938319	0.02600009402938319
YHL032C	0.025979727259757723	0.025979727259757723
YBL061C	0.025859852444463982	0.025859852444463982
YLL056C	0.025772844576014364	0.025772844576014364
YBR243C	0.025618355677407223	0.025618355677407223
YOL053W	-0.02555136788929957	0.02555136788929957
YLR304C	0.025484604379990117	0.025484604379990117
YFL044C	-0.025383774504554424	0.025383774504554424
YJR069C	-0.02525940545275951	0.02525940545275951
YOR315W	-0.024897822151682902	0.024897822151682902
Q0105	0.024782185921962352	0.024782185921962352
YPL135W	0.024780594835053904	0.024780594835053904
YJL183W	-0.02461960264400176	0.02461960264400176
YDR177W	-0.024548881020667324	0.024548881020667324
YNL042W	-0.024332535386259124	0.024332535386259124
YOL032W	0.024094970626764578	0.024094970626764578
YBR131W	-0.023908703757572702	0.023908703757572702
YAL039C	-0.02312905629801243	0.02312905629801243
YML019W	-0.02265992907278669	0.02265992907278669
YNL294C	-0.022354323049352587	0.022354323049352587
YPL140C	-0.022329855063699888	0.022329855063699888
YDL022W	0.02195682884418204	0.02195682884418204
YGR004W	-0.021918869209160974	0.021918869209160974
YHL021C	0.021497181232003726	0.021497181232003726
YOR008C	0.021277595231472546	0.021277595231472546
YGR080W	0.02126551454905723	0.02126551454905723
YDL046W	0.02076606611041054	0.02076606611041054
YDR490C	-0.020672161786814414	0.020672161786814414
YPL161C	-0.02050587176971419	0.02050587176971419
YER107C	-0.02020925859880851	0.02020925859880851
YPR003C	0.019928751189635996	0.019928751189635996
YNL278W	-0.019683174480523036	0.019683174480523036
YLR132C	-0.019619833987377433	0.019619833987377433
YGL236C	-0.019370970552364142	0.019370970552364142
YLL004W	0.01925315159512042	0.01925315159512042
YPL059W	0.019062431552250736	0.019062431552250736
YKL149C	-0.01896151279535907	0.01896151279535907
YNL291C	0.01894097362076952	0.01894097362076952
YDL143W	0.01890191523319551	0.01890191523319551
YMR258C	0.018754054415705212	0.018754054415705212
YLR449W	-0.01872907995764006	0.01872907995764006
YLR183C	0.018605440462679645	0.018605440462679645
YGL159W	0.018217565826642357	0.018217565826642357
YLL011W	0.018138474122558534	0.018138474122558534
YJL055W	0.017665915317315317	0.017665915317315317
YLR048W	-0.01731795676881731	0.01731795676881731
YGR274C	0.017081664866597457	0.017081664866597457
YIL053W	-0.016838005338373208	0.016838005338373208
YDL100C	-0.016754174518936793	0.016754174518936793
YLR138W	-0.016730346066044177	0.016730346066044177
YGL254W	0.016723983079566018	0.016723983079566018
YER073W	-0.01661295062926449	0.01661295062926449
YDR083W	-0.016559791475458496	0.016559791475458496
YLR381W	-0.016454750019768483	0.016454750019768483
YAL003W	-0.0162832271707547	0.0162832271707547
YER064C	-0.01578222137579388	0.01578222137579388
YNL112W	0.015555181022284259	0.015555181022284259
YDR409W	0.015102145746579865	0.015102145746579865
YPL120W	-0.014981826642140206	0.014981826642140206
YLR299W	-0.014965673343727559	0.014965673343727559
YFR024C-A	0.01458927162977286	0.01458927162977286
YKL099C	-0.014567415057264554	0.014567415057264554
YGR200C	0.0141073193189456	0.0141073193189456
YGL203C	0.013788100707913031	0.013788100707913031
YDR470C	0.013241903119846299	0.013241903119846299
YDL095W	0.012856858815705863	0.012856858815705863
YKR044W	0.012445685004172091	0.012445685004172091
YNR028W	0.012273190290729374	0.012273190290729374
YKL143W	-0.012237801991219044	0.012237801991219044
YGL053W	-0.012004504680351857	0.012004504680351857
YLR085C	0.011951273437067478	0.011951273437067478
YMR008C	-0.011828220190393424	0.011828220190393424
YPR140W	-0.011767932145915871	0.011767932145915871
YGR032W	0.01170570073223498	0.01170570073223498
YCL031C	-0.011637075691386833	0.011637075691386833
YEL001C	-0.011625678052862298	0.011625678052862298
YPR106W	0.011618692297949096	0.011618692297949096
YJR049C	0.011455835887303145	0.011455835887303145
YJL131C	-0.011417132809059538	0.011417132809059538
YOR343W-B	0.011115493070235516	0.011115493070235516
YOR245C	-0.010890125477748924	0.010890125477748924
YGR040W	-0.0108488749079374	0.0108488749079374
YIL082W	-0.010799128362011245	0.010799128362011245
YLR437C	-0.010533193912749539	0.010533193912749539
YDR492W	0.01049526669899592	0.01049526669899592
YLR180W	0.010375610385061407	0.010375610385061407
YOR360C	0.010209160013075369	0.010209160013075369
YLR044C	0.009876223941429174	0.009876223941429174
YLL032C	-0.009593152034748087	0.009593152034748087
YEL058W	-0.009536595136330206	0.009536595136330206
YDR476C	0.009279512824466707	0.009279512824466707
YOR280C	0.008905675575856975	0.008905675575856975
YHR107C	-0.008550626328291067	0.008550626328291067
YGL208W	0.008486255585628655	0.008486255585628655
YLR129W	-0.008296939237052214	0.008296939237052214
YBR011C	0.008176819457753837	0.008176819457753837
YFR025C	-0.007719947270565797	0.007719947270565797
YMR111C	0.007713067268646512	0.007713067268646512
YGR084C	0.007646145864252496	0.007646145864252496
YML006C	0.007622326383603273	0.007622326383603273
YBL014C	0.007477526493681275	0.007477526493681275
YPL249C	-0.007258440670434574	0.007258440670434574
YPL083C	0.00712141575852776	0.00712141575852776
YAL037C-B	-0.006807926507632622	0.006807926507632622
YGR220C	0.006664418867804223	0.006664418867804223
YPL146C	-0.0066615152357982765	0.0066615152357982765
YDL206W	-0.00648163254647649	0.00648163254647649
YLR073C	-0.005687936662795323	0.005687936662795323
YDR044W	-0.005687384297933029	0.005687384297933029
YGL255W	0.005255045207210429	0.005255045207210429
YJR140C	0.005219336373824213	0.005219336373824213
YNR044W	0.005159765085616996	0.005159765085616996
YGR047C	0.005116645949367893	0.005116645949367893
YOR110W	0.004562581900494855	0.004562581900494855
YBR078W	-0.004482036889211116	0.004482036889211116
YPR108W	-0.004192115803440366	0.004192115803440366
YOL140W	0.004146999737593582	0.004146999737593582
YCL026C-B	0.003881063124207884	0.003881063124207884
YFL029C	-0.0038319208501729207	0.0038319208501729207
YIL027C	0.003776977788321645	0.003776977788321645
YLR438W	-0.003667116843607765	0.003667116843607765
YGR258C	-0.003534164374412896	0.003534164374412896
YOR340C	-0.0034177603010654423	0.0034177603010654423
YJL209W	-0.0029703092787478624	0.0029703092787478624
YDR043C	-0.0029345789016854695	0.0029345789016854695
YHR047C	0.00286234986074696	0.00286234986074696
YPL001W	-0.0027251896064353076	0.0027251896064353076
YKR045C	0.001468836283484265	0.001468836283484265
YKR014C	0.000804089579181877	0.000804089579181877
YKR052C	-0.0004542629888710792	0.0004542629888710792
YDL198C	-0.0004024239138127328	0.0004024239138127328
YLR413W	0.00018189552522152042	0.00018189552522152042
YGR260W	0.00012723113786172746	0.00012723113786172746
YOR396C-A	5.832442313109034e-05	5.832442313109034e-05
YPR204C-A	5.832442313109034e-05	5.832442313109034e-05
YGR296C-B	5.832442313109034e-05	5.832442313109034e-05
YER190C-B	5.832442313109034e-05	5.832442313109034e-05
YPL283W-B	5.832442313109034e-05	5.832442313109034e-05
YLR466C-A	5.832442313109034e-05	5.832442313109034e-05
YLR467C-A	5.832442313109034e-05	5.832442313109034e-05
YPL257W-B	5.284661072534001e-05	5.284661072534001e-05
YDR316W-B	-1.058608207173726e-05	1.058608207173726e-05
YGR038C-B	3.273027350720756e-10	3.273027350720756e-10
YPR170W-B	0.0	0.0
YIR023C-A	0.0	0.0
YDL159C-B	0.0	0.0
YDL159W-A	0.0	0.0
Q0032	0.0	0.0
Q0080	0.0	0.0
YPR203W	0.0	0.0
R0020C	0.0	0.0
YKL138C-A	0.0	0.0
YOR231C-A	0.0	0.0
YDR340W	0.0	0.0
YAR030C	0.0	0.0
YAR035C-A	0.0	0.0
YAR047C	0.0	0.0
YOR277C	0.0	0.0
YKL165C-A	0.0	0.0
YOR192C-C	0.0	0.0
YOR199W	0.0	0.0
YOR200W	0.0	0.0
YDR354C-A	0.0	0.0
YOR210W	0.0	0.0
YBL006W-A	0.0	0.0
YBL008W-A	0.0	0.0
YOR182C	0.0	0.0
YOR186C-A	0.0	0.0
YKL145W-A	0.0	0.0
YKL156C-A	0.0	0.0
YKL156W	0.0	0.0
YKL162C-A	0.0	0.0
YDR320C-A	0.0	0.0
YDR320W-B	0.0	0.0
YOR167C	0.0	0.0
YOR170W	0.0	0.0
YAR070C	0.0	0.0
YHR070C-A	0.0	0.0
YHR072W-A	0.0	0.0
YHR073C-B	0.0	0.0
YHR073W-A	0.0	0.0
YDR371C-A	0.0	0.0
YOR293C-A	0.0	0.0
YHR143W-A	0.0	0.0
YHR145C	0.0	0.0
YBR182C-A	0.0	0.0
YKL065W-A	0.0	0.0
YKL068W-A	0.0	0.0
YKL053C-A	0.0	0.0
YKL053W	0.0	0.0
YDR374W-A	0.0	0.0
YDR378C	0.0	0.0
YDR379C-A	0.0	0.0
YKL183C-A	0.0	0.0
YDR406W-A	0.0	0.0
YOR142W-A	0.0	0.0
YOR161C-C	0.0	0.0
YOR161W-A	0.0	0.0
YOR161W-B	0.0	0.0
YBR162W-A	0.0	0.0
YHR052W-A	0.0	0.0
YHR053C	0.0	0.0
YHR054W-A	0.0	0.0
YHR055C	0.0	0.0
YHR131W-A	0.0	0.0
YOR302W	0.0	0.0
YOR304C-A	0.0	0.0
YOR314W-A	0.0	0.0
YOR316C-A	0.0	0.0
YOR102W	0.0	0.0
YOR108C-A	0.0	0.0
YOR121C	0.0	0.0
YHR050W-A	0.0	0.0
YDR276C	0.0	0.0
YDR290W	0.0	0.0
YCL018W	0.0	0.0
YOR329W-A	0.0	0.0
YOR072W-B	0.0	0.0
YOR073W-A	0.0	0.0
YKR032W	0.0	0.0
YHR028W-A	0.0	0.0
YHR032C-A	0.0	0.0
YHR032W-A	0.0	0.0
YDR431W	0.0	0.0
YOR072W-A	0.0	0.0
YDR442W	0.0	0.0
YKR047W	0.0	0.0
YKR057W	0.0	0.0
YOR335W-A	0.0	0.0
YKL023C-A	0.0	0.0
YDR271C	0.0	0.0
YDL085C-A	0.0	0.0
YOR053W	0.0	0.0
YBR141W-A	0.0	0.0
YOR068C	0.0	0.0
YOR072W	0.0	0.0
YAR020C	0.0	0.0
YOR343W-A	0.0	0.0
YHR173C	0.0	0.0
YHR175W-A	0.0	0.0
YHR180C-B	0.0	0.0
YHR180W-A	0.0	0.0
YOR034C-A	0.0	0.0
YOR045W	0.0	0.0
YHR021C	0.0	0.0
YHR022C-A	0.0	0.0
YKR075W-A	0.0	0.0
YHL048C-A	0.0	0.0
YHR001W-A	0.0	0.0
YDR461C-A	0.0	0.0
YDR461W	0.0	0.0
YDR464C-A	0.0	0.0
YOR032W-A	0.0	0.0
YDR467C	0.0	0.0
YHR007C-A	0.0	0.0
YOR008C-A	0.0	0.0
YOR008W-B	0.0	0.0
YOR011W-A	0.0	0.0
YOR031W	0.0	0.0
YOR364W	0.0	0.0
YBR191W-A	0.0	0.0
YBR196C-A	0.0	0.0
YBR196C-B	0.0	0.0
YJR151W-A	0.0	0.0
YOL166W-A	0.0	0.0
YDR500C	0.0	0.0
YDR510C-A	0.0	0.0
YDR510W	0.0	0.0
YKR095W-A	0.0	0.0
YLL006W-A	0.0	0.0
YDR246W-A	0.0	0.0
YDL114W-A	0.0	0.0
YOR376W-A	0.0	0.0
YOR379C	0.0	0.0
YOR381W-A	0.0	0.0
YOR394C-A	0.0	0.0
YJR146W	0.0	0.0
YOL150C	0.0	0.0
YLL009C	0.0	0.0
YLL019W-A	0.0	0.0
YOL155W-A	0.0	0.0
YOL159C-A	0.0	0.0
YOL164W-A	0.0	0.0
YDR524C-A	0.0	0.0
YDR524C-B	0.0	0.0
YDR524W-C	0.0	0.0
YDR525W-A	0.0	0.0
YDL067C	0.0	0.0
YLL037W	0.0	0.0
YCL054W-A	0.0	0.0
YCL057C-A	0.0	0.0
YCL058W-A	0.0	0.0
YHR199C-A	0.0	0.0
YDR230W	0.0	0.0
YJR135W-A	0.0	0.0
YEL017C-A	0.0	0.0
YEL020C-B	0.0	0.0
YOL097W-A	0.0	0.0
YLL047W	0.0	0.0
YBR126W-A	0.0	0.0
YBR126W-B	0.0	0.0
YHL015W-A	0.0	0.0
YJR140W-A	0.0	0.0
YDR210W	0.0	0.0
YHR212W-A	0.0	0.0
YCL001W-B	0.0	0.0
YAL064W	0.0	0.0
YOL083C-A	0.0	0.0
YOL085C	0.0	0.0
YOL085W-A	0.0	0.0
YOL086W-A	0.0	0.0
YEL008C-A	0.0	0.0
YEL014C	0.0	0.0
YCL048W-A	0.0	0.0
YBR131C-A	0.0	0.0
YOL077W-A	0.0	0.0
YEL020W-A	0.0	0.0
YEL021W	0.0	0.0
YGR291C	0.0	0.0
YLL066W-B	0.0	0.0
YEL032C-A	0.0	0.0
YAL067W-A	0.0	0.0
YAL068W-A	0.0	0.0
YAL069W	0.0	0.0
YDR194W-A	0.0	0.0
YHR214C-E	0.0	0.0
YEL050W-A	0.0	0.0
YGR270C-A	0.0	0.0
YBR121C-A	0.0	0.0
YDL050C	0.0	0.0
YBL048W	0.0	0.0
YOL035C	0.0	0.0
YOL038C-A	0.0	0.0
YOL050C	0.0	0.0
YOL052C-A	0.0	0.0
YDR199W	0.0	0.0
YPL038W-A	0.0	0.0
YBR200W-A	0.0	0.0
YBR201C-A	0.0	0.0
YCL005W-A	0.0	0.0
YHR213W-A	0.0	0.0
YHR214C-C	0.0	0.0
YEL059C-A	0.0	0.0
YLR038C	0.0	0.0
YOL013W-A	0.0	0.0
YOL013W-B	0.0	0.0
YOL019W-A	0.0	0.0
YGR240C-A	0.0	0.0
YBL039C-A	0.0	0.0
YBL039W-B	0.0	0.0
YDR182W-A	0.0	0.0
YDR183C-A	0.0	0.0
YJR071W	0.0	0.0
YNR077C	0.0	0.0
YDL061C	0.0	0.0
YGR226C	0.0	0.0
YGR228W	0.0	0.0
YEL076C-A	0.0	0.0
YER006C-A	0.0	0.0
YLR099W-A	0.0	0.0
YNR075C-A	0.0	0.0
YBL062W	0.0	0.0
YLR120W-A	0.0	0.0
YLR123C	0.0	0.0
YGR204C-A	0.0	0.0
YGR219W	0.0	0.0
YJR079W	0.0	0.0
YIL002W-A	0.0	0.0
YLR140W	0.0	0.0
YLR146W-A	0.0	0.0
YNR032C-A	0.0	0.0
YER019C-A	0.0	0.0
YER023C-A	0.0	0.0
YER038W-A	0.0	0.0
YER039C-A	0.0	0.0
YNR025C	0.0	0.0
YDR169C-A	0.0	0.0
YPL096C-A	0.0	0.0
YIL021C-A	0.0	0.0
YJR022W	0.0	0.0
YHR218W-A	0.0	0.0
YNL338W	0.0	0.0
YNR001W-A	0.0	0.0
YNR003W-A	0.0	0.0
YLR149C-A	0.0	0.0
YLR154C-G	0.0	0.0
YLR154C-H	0.0	0.0
YLR154W-A	0.0	0.0
YLR154W-B	0.0	0.0
YLR154W-E	0.0	0.0
YCR018C-A	0.0	0.0
YAL056C-A	0.0	0.0
YDL133C-A	0.0	0.0
YDR139C	0.0	0.0
YLR156C-A	0.0	0.0
YLR157C-C	0.0	0.0
YLR157W-D	0.0	0.0
YLR157W-E	0.0	0.0
YLR159C-A	0.0	0.0
YLR162W-A	0.0	0.0
YLR163W-A	0.0	0.0
YER053C-A	0.0	0.0
YDL034W	0.0	0.0
YNL337W	0.0	0.0
YER046W-A	0.0	0.0
YLR154W-F	0.0	0.0
YER074W-A	0.0	0.0
YBL068W-A	0.0	0.0
YBL071C	0.0	0.0
YBL071C-B	0.0	0.0
YBL071W-A	0.0	0.0
YPL119C-A	0.0	0.0
YDR119W-A	0.0	0.0
YBR221W-A	0.0	0.0
YBR223W-A	0.0	0.0
YIL020C-A	0.0	0.0
YDL130W-A	0.0	0.0
YNL277W-A	0.0	0.0
YER067C-A	0.0	0.0
YLR169W	0.0	0.0
YGR176W	0.0	0.0
YGR181W	0.0	0.0
YGR182C	0.0	0.0
YER087C-B	0.0	0.0
YNL259C	0.0	0.0
YLR185W	0.0	0.0
YLR202C	0.0	0.0
YER091C-A	0.0	0.0
YER097W	0.0	0.0
YER078W-A	0.0	0.0
YBR103C-A	0.0	0.0
YGR174W-A	0.0	0.0
YPL135C-A	0.0	0.0
YER088W-B	0.0	0.0
YER090C-A	0.0	0.0
YLR222C-A	0.0	0.0
YLR235C	0.0	0.0
YGR183C	0.0	0.0
YBR109W-A	0.0	0.0
YLR236C	0.0	0.0
YGR146C-A	0.0	0.0
YDR118W-A	0.0	0.0
YPL142C	0.0	0.0
YPL152W-A	0.0	0.0
YJL205C	0.0	0.0
YGL109W	0.0	0.0
YJL222W-A	0.0	0.0
YJL222W-B	0.0	0.0
YER138W-A	0.0	0.0
YDL022C-A	0.0	0.0
YNL198C	0.0	0.0
YER133W-A	0.0	0.0
YNL211C	0.0	0.0
YBL096C	0.0	0.0
YNL184C	0.0	0.0
YDL025W-A	0.0	0.0
YER146W	0.0	0.0
YGR121W-A	0.0	0.0
YGR122C-A	0.0	0.0
YDR094W	0.0	0.0
YBR298C-A	0.0	0.0
YJL189W	0.0	0.0
YJL197C-A	0.0	0.0
YJL202C	0.0	0.0
YNL171C	0.0	0.0
YBL094C	0.0	0.0
YLR262C-A	0.0	0.0
YLR264C-A	0.0	0.0
YLR264W	0.0	0.0
YGR105W	0.0	0.0
YIL046W-A	0.0	0.0
YPL183W-A	0.0	0.0
YPL189C-A	0.0	0.0
YDR079C-A	0.0	0.0
YDR086C	0.0	0.0
YBR085C-A	0.0	0.0
YCR024C-B	0.0	0.0
YNL162W-A	0.0	0.0
YLR280C	0.0	0.0
YLR285C-A	0.0	0.0
YLR286W-A	0.0	0.0
YLR287C-A	0.0	0.0
YER158W-A	0.0	0.0
YER159C-A	0.0	0.0
YNL147W	0.0	0.0
YER175W-A	0.0	0.0
YLR299C-A	0.0	0.0
YLR303W	0.0	0.0
YNL138W-A	0.0	0.0
YNL144W-A	0.0	0.0
YLR307C-A	0.0	0.0
YNL145W	0.0	0.0
YNL146C-A	0.0	0.0
YAL037C-A	0.0	0.0
YJL169W	0.0	0.0
YBR292C	0.0	0.0
YBR296C-A	0.0	0.0
YCR020C-A	0.0	0.0
YCR020W-B	0.0	0.0
YOR225W	0.0	0.0
YNL097C-B	0.0	0.0
YNL097W-A	0.0	0.0
YNL103W-A	0.0	0.0
YNL130C-A	0.0	0.0
YDL007C-A	0.0	0.0
YER180C-A	0.0	0.0
YLR325C	0.0	0.0
YLR327C	0.0	0.0
YGR068W-A	0.0	0.0
YIL068W-A	0.0	0.0
YJL152W	0.0	0.0
YJL156W-A	0.0	0.0
YFL010W-A	0.0	0.0
YFL015W-A	0.0	0.0
YCR024C-A	0.0	0.0
YGL123C-A	0.0	0.0
YGR063C	0.0	0.0
YLR342W-A	0.0	0.0
YLR347W-A	0.0	0.0
YLR363W-A	0.0	0.0
YLR364C-A	0.0	0.0
YLR365W	0.0	0.0
YLR366W	0.0	0.0
YBL107W-A	0.0	0.0
YBL108C-A	0.0	0.0
YBR230W-A	0.0	0.0
YPL222C-A	0.0	0.0
YMR052C-A	0.0	0.0
YDL009C	0.0	0.0
YDL016C	0.0	0.0
YFL017W-A	0.0	0.0
YNL067W-A	0.0	0.0
YNL067W-B	0.0	0.0
YNL070W	0.0	0.0
YBL100W-A	0.0	0.0
YBL100W-C	0.0	0.0
YJL135W	0.0	0.0
YJL136C	0.0	0.0
YJL136W-A	0.0	0.0
YJL150W	0.0	0.0
YIL086C	0.0	0.0
YDR048C	0.0	0.0
Q0297	0.0	0.0
YFL031C-A	0.0	0.0
YFL032W	0.0	0.0
YGR035W-A	0.0	0.0
YGR037C	0.0	0.0
Q0017	0.0	0.0
YBR072C-A	0.0	0.0
YBR076C-A	0.0	0.0
Q0130	0.0	0.0
YNL013C	0.0	0.0
YNL015W	0.0	0.0
YNL024C-A	0.0	0.0
YNL042W-B	0.0	0.0
YNL043C	0.0	0.0
Q0142	0.0	0.0
YPL261C	0.0	0.0
YPL271W	0.0	0.0
YPL278C	0.0	0.0
YDR034C-A	0.0	0.0
YDR034W-B	0.0	0.0
YLR395C	0.0	0.0
YLR399W-A	0.0	0.0
YCR038W-A	0.0	0.0
YCR041W	0.0	0.0
YCR045W-A	0.0	0.0
YLR388W	0.0	0.0
YJL127C-B	0.0	0.0
YJL127W-A	0.0	0.0
YJL133C-A	0.0	0.0
YIL102C-A	0.0	0.0
YIL105W-A	0.0	0.0
YIL115W-A	0.0	0.0
YAL031W-A	0.0	0.0
YMR315W-A	0.0	0.0
YMR316C-A	0.0	0.0
YMR321C	0.0	0.0
YMR324C	0.0	0.0
YFL041W-A	0.0	0.0
YCR096C	0.0	0.0
YCR097W-A	0.0	0.0
YCR102W-A	0.0	0.0
YCR108C	0.0	0.0
YLR402W	0.0	0.0
YLR406C-A	0.0	0.0
YLR412C-A	0.0	0.0
YPR169W-A	0.0	0.0
YLR416C	0.0	0.0
YGL132W	0.0	0.0
YPR002C-A	0.0	0.0
YDR015C	0.0	0.0
YMR294W-A	0.0	0.0
YFL064C	0.0	0.0
YFL065C	0.0	0.0
YMR307C-A	0.0	0.0
YBL112C	0.0	0.0
YFR009W-A	0.0	0.0
YFR010W-A	0.0	0.0
YFR012W-A	0.0	0.0
YLR437C-A	0.0	0.0
YGR018C	0.0	0.0
YMR286W	0.0	0.0
YPR010C-A	0.0	0.0
YPR012W	0.0	0.0
YPR016W-A	0.0	0.0
YDR003W-A	0.0	0.0
YDR008C	0.0	0.0
YFR034W-A	0.0	0.0
YFR035C	0.0	0.0
YMR256C	0.0	0.0
YMR272W-A	0.0	0.0
YMR272W-B	0.0	0.0
YPR036W-A	0.0	0.0
YPR038W	0.0	0.0
YPR039W	0.0	0.0
YPR043W	0.0	0.0
YIL156W-B	0.0	0.0
YJL077W-A	0.0	0.0
YJL077W-B	0.0	0.0
YIL134C-A	0.0	0.0
YFR032C-A	0.0	0.0
YLR438C-A	0.0	0.0
YMR013C-A	0.0	0.0
YLR444C	0.0	0.0
YLR464W	0.0	0.0
YFR032C-B	0.0	0.0
YGL258W-A	0.0	0.0
YGL260W	0.0	0.0
YMR230W-A	0.0	0.0
YMR242W-A	0.0	0.0
YMR247W-A	0.0	0.0
YMR251W-A	0.0	0.0
YDL232W	0.0	0.0
YDL240C-A	0.0	0.0
YDL247W-A	0.0	0.0
YJL062W-A	0.0	0.0
YJL067W	0.0	0.0
YGL239C	0.0	0.0
YBR012W-A	0.0	0.0
YMR013W-A	0.0	0.0
YLR466C-B	0.0	0.0
YDL181W	0.0	0.0
YCR095W-A	0.0	0.0
YGR008C	0.0	0.0
YML007C-A	0.0	0.0
YML009C	0.0	0.0
YML009C-A	0.0	0.0
YGL014C-A	0.0	0.0
YMR182W-A	0.0	0.0
YMR194C-A	0.0	0.0
YMR194C-B	0.0	0.0
YBR056W-A	0.0	0.0
YBR058C-A	0.0	0.0
YPR059C	0.0	0.0
YPR074W-A	0.0	0.0
YJL047C-A	0.0	0.0
YJL052C-A	0.0	0.0
YMR174C	0.0	0.0
YMR175W	0.0	0.0
YMR175W-A	0.0	0.0
YGL006W-A	0.0	0.0
YGL226C-A	0.0	0.0
YGL007C-A	0.0	0.0
YGL032C	0.0	0.0
YMR158C-A	0.0	0.0
YMR158W-B	0.0	0.0
YML047W-A	0.0	0.0
YMR172C-A	0.0	0.0
YDL158C	0.0	0.0
YJL032W	0.0	0.0
YMR141W-A	0.0	0.0
YMR153C-A	0.0	0.0
YML054C-A	0.0	0.0
YML058W-A	0.0	0.0
YGL041C	0.0	0.0
YGL041C-B	0.0	0.0
YML081C-A	0.0	0.0
YML084W	0.0	0.0
YGL194C-A	0.0	0.0
YCR047W-A	0.0	0.0
YGL042C	0.0	0.0
YAL016C-B	0.0	0.0
YPR087W	0.0	0.0
YJL015C	0.0	0.0
YJL020W-A	0.0	0.0
YJL026C-A	0.0	0.0
YIL171W	0.0	0.0
YIL174W	0.0	0.0
YIL175W	0.0	0.0
YML100W-A	0.0	0.0
YML101C-A	0.0	0.0
YGL063C-A	0.0	0.0
YMR122W-A	0.0	0.0
YPR170W-A	0.0	0.0
YPR108W-A	0.0	0.0
YDL160C-A	0.0	0.0
YDL184C	0.0	0.0
YDL185C-A	0.0	0.0
YIR030W-A	0.0	0.0
YJL009W	0.0	0.0
YMR105W-A	0.0	0.0
YBR027C	0.0	0.0
YGL052W	0.0	0.0
YCR050C	0.0	0.0
YML089C	0.0	0.0
YML099W-A	0.0	0.0
YGL188C	0.0	0.0
YGL188C-A	0.0	0.0
YMR075C-A	0.0	0.0
YBR056C-B	0.0	0.0
R0010W	0.0	0.0
YPR158W-A	0.0	0.0
YPR159C-A	0.0	0.0
YPR160C-A	0.0	0.0
YPR160W-A	0.0	0.0
YPR182W	0.0	0.0
Q0092	0.0	0.0
YAR029W	0.0	0.0
YHR125W	0.0	0.0
YKL096C-B	0.0	0.0
YKL100W-A	0.0	0.0
YHR079C-A	0.0	0.0
YHR086W-A	0.0	0.0
YKL106C-A	0.0	0.0
YKL111C	0.0	0.0
R0040C	0.0	0.0
R0030W	0.0	0.0
YGL168W	0.0	0.0
YML129C	0.0	0.0
YMR001C-A	0.0	0.0
YIR018C-A	0.0	0.0
YIR020W-A	0.0	0.0
YIR021W-A	0.0	0.0
YPR126C	0.0	0.0
YPR133W-A	0.0	0.0
YPR145C-A	0.0	0.0
YGL149W	0.0	0.0
YCR075W-A	0.0	0.0
YCR081C-A	0.0	0.0
YMR046W-A	0.0	0.0
YMR051C	0.0	0.0
Q0143	0.0	0.0
