gene_orf	gene_symbol
-	SKP2
RP4-547C9.3	RPA2
RP6-239D12.2	DAB1
RP1-290I10.1	TFAP2A
RP1-85F18.1	EP300
RP11-326L24.1	RALGDS
DADB-70P7.5	PRRC2A
HLC3	SLC4A1AP
PIG30	CAPN1
RP11-88H12.2	MAGI1
OK/SW-CL.35	CTNNB1
RP11-174I10.1	RB1
RP5-824I19__A.1	MCM5
RP1-108C2.3	MCM3
RP11-165F24.7	DOCK8
RP1-224A6.5	CDC42
RP11-382A12.1	RBL1
TCAG7.703	IGFBP3
RP11-427L11.1	TXN
RP5-973N23.3	CCND3
ARG134	EIF3K
RP5-975D15.1	GADD45A
MDS017	LSM3
RP11-242O24.1	EPB41
RP3-511B24.2	PLCG1
RP11-505P4.2	EEF1A1
UNQ601	EEF1D
RP1-130E4.1	ESR1
OK/SW-CL.43	SUMO1
RP11-399O19.7	FAS
XX-FW83128A1.1	FLNA
RP11-479G22.2	ITGB1
HT004	GABARAP
DADB-159G18.9	DAXX
RP5-1039K5.11-004	PICK1
RP5-1160K1.2	GNAI3
LA16C-358B7.1	UBE2I
RP11-132G19.2	HSPG2
RP11-205M9.4	UBAP2L
DADB-70P7.10-021	BAG6
HSPC069	SETD2
HSPC294	ZDHHC17
HSPC136	HYPK
RP11-98G7.2	MEF2D
PIG46	KRT18
TCAG7.555	DNAJB6
RP11-54H19.1	LMNA
RP11-316M1.7	BNIPL
MY043	RTN4
RP11-553K8.4	PTPRC
RP11-67C2.3	ALOX5
CTA-216E10.7	XRCC6
CTA-833B7.1	NCF4
RP11-502N13.4	ATF7IP
RP3-486L4.1	ORC3
HCG_1732268	KMT2A
RP1-118J21.1	PPIE
RP11-63N8.1	RAP1GAP
RP11-82H13.1	PRKACB
RP11-234K24.1	EPB41L1
RP11-449I17.8	MAP3K8
RP5-1000E10.2	NRAS
RP4-769N13.1	GPRASP1
RP11-79D8.3	TLE4
RP4-533D7.2	PIK3R3
RP1-86F14.2	SELP
TCAG7.704	HUS1
RP4-730K3.1	MAGI3
RP11-172F4.4	HABP4
HLC7	GNB2L1
RP11-383C12.1	AR
RP11-181G12.1	PRKCZ
DADB-159G18.6	RGL2
OK/SW-CL.11	RAP1B
RP11-298P3.4	BRCA2
RP1-199H16.4	DMC1
HSPC277	AATF
RP4-583P15.1	ARFRP1
RP5-1139B12.1	OBSCN
RP11-101K10.1	NR5A1
AAG4	CLU
RP11-314N13.2	FKBP1A
RP11-96L7.1	TGFBR1
RP11-83J21.1	ABL1
RP5-823N20.1	SRC
RP11-356I2.3	TNFAIP3
PRO0105	TAX1BP1
RP11-572K18.1	DDR2
RP11-307C12.1	SHC1
RP13-228J13.4	VBP1
RP11-244N9.4	XPA
RP1-117P19.1	RPA4
RP4-659F15.2	USP11
RP11-540L11.1	CASK
RP11-356J7.2	ARHGEF11
PRO2292	MAGED1
HRIHFB2157	UBQLN2
RP11-65N13.1	RABEPK
RP11-59C5.2	CTBP2
RP13-1021K9.1	KLF8
LL0YNC03-56G10.1	PPP2R3B
RP11-345L8.1	SH3KBP1
GS1-19O24.1	DMD
RP11-357C3.4	ARHGEF9
JM26	PQBP1
RP11-115M6.7	F8
RP11-24J20.1	PHYH
RP5-1052M9.3	SH2D1A
RP11-528G1.4	SLAMF1
RP1-230G1.1	ARAF
RP11-810O3.1	HTR2C
RP11-382H24.1	MPDZ
OK/SW-CL.81	RAN
RP5-1049G16.3	NCOA3
RES4-26	RNF4
RP11-481A12.4	NCOA4
RP11-476E15.1	SORBS1
PRO0650	LBR
AC012180.8	MAPK8IP3
RP11-73M18.7	KLC1
RP5-857M17.3	BCL2L1
GIG3	FADD
RP1-191N21.3	TBP
TCAG7.1075	PTPN12
HCG_1778014	PXN
RP11-74C1.1	TUFT1
CTA-445C9.9	TFIP11
RP4-791M13.2	PDE4DIP
RP5-1013A22.1	HNF4A
MSTP030	RPL5
CGI-147	PTRH2
RP11-203D19.1	TLE1
RP5-890O3.5	DVL1
CGI-33	NFU1
RP5-905H16.1	PKN2
OK/SW-CL.22	PEX19
RP11-62C3.1	IARS
RP1-179N16.5	MAPK14
HCG_1980470	BCAR1
RP11-40A7.1	RAPGEF1
RP1-146H21.2	CSTF2
RP5-1167H4.1	CSTF1
PIG55	NCBP2
RP11-546O6.1	NCBP1
RP11-54H19.4	PMF1
RP3-434P1.2	KCNJ4
P/OKCL.14	HNRNPL
CTA-268H5.7	NUP50
RP1-134O19.1	SPEN
MSTP026	COPB1
RP3-472A9.1	MYO6
RP11-544M22.2	F11R
RP3-476K8.2	DHDDS
RP11-114F7.2	ABCC2
RP11-196G18.20-002	SF3B4
RP11-80B9.3	RGS7
PNAS-107	CACYBP
RP11-326F20.2	BAG1
RP11-336K24.8	UBQLN4
RP4-539E24.1	TFAP2C
RP11-126K1.1	PSMD4
RP11-131A5.1	RAD23B
RP11-316M1.1	SETDB1
RP11-55K22.6	PEX7
RP11-126K1.5	RFX5
DADB-100D22.6	RING1
MIG5	RAC1
PIG53	NEDD4
TCAG7.78	CFTR
RP3-402L9.2	IPCEF1
RP11-430G6.1	RGS4
RP11-395P17.5	GOLGA2
RP5-1024G6.4	MAGOH
HSPC114	RBM8A
RP4-547C9.1	PPP1R8
UNQ374/PRO710	CDC45
RP11-558F24.5	CLSTN1
RP1-319D22.1	CDC5L
RP1-21O18.1	KAZN
RP13-514E23.1	MAPK10
TCAG7.1300	TRIP6
GIG38	SAP18
RP11-496N12.7	ENAH
RP13-16H11.4	ABI1
RP1-49G10.1	NEDD9
HSPC075	SRRM2
RP11-494P5.1	ARHGEF7
RP4-650H14.2	TNFRSF25
RP11-234D19.2	BCL10
DC22	AP1S2
RP4-560B9.3	VAMP4
HUSSY-23	GPN1
RP5-1187M17.9	UBOX5
RP1-18D14.5	PDZK1IP1
UNQ6453/PRO34004	SLC22A12
RP11-391H12.1	CUL4A
RP11-297A16.3	CUL2
RP11-524D16__A.2	SYTL4
RP5-973N23.2	BYSL
RP5-891H21.2	DMAP1
RP11-133K1.12	PLCB2
RP3-402G11.19-002	PLXNB2
RP3-370M22.1	GRAP2
CTA-286B10.4	TOM1
RP11-260L6.1	GADD45G
AL049758.1	PACSIN2
RP5-1056L3.4	NBL1
RP11-169O17.2	PARP4
RP4-730B13.1	DISC1
RP11-266C7.10-001	SNX9
RP11-540D14.1	ADAM15
RP11-375E1__A.1	PACSIN1
RP11-315I20.4	TXNIP
RP11-7O11.4	IPO13
RP4-654A7.1	PLCB1
RP5-1073O3.4	AP4B1
FKSG14	CENPK
DAAP-21F2.6	LSM2
PP1629	HSPB8
RP5-1103G7.7	TRIB3
UNQ184/PRO210	FBLN5
CGI-123	RNF11
RP11-205M20.5	TOPORS
CGI-55	SERBP1
HCG_20812	SYMPK
RP3-324N14.1	EPB41L2
RP11-421P11.3	EXOSC8
RP11-498J9.3	NANOS1
RP3-337H4.4	POLR1C
RP1-130E4.2	SYNE1
MY036	ING4
CGI-120	COPZ1
RP11-450P7.2	CNKSR2
RP11-164H16.2	EXOC2
UNQ3116/PRO10200	LIN7B
PRED77	TCP10L
RP11-478C1.1	MXD4
PP2243	UBXN11
RP11-227D2.1	XRN2
RP3-511B24.3	ZHX3
RP1-127C7.3	ARPC5
RP5-899C14.1	PHACTR3
RP11-419L10.1	ARID1B
RP11-114F7.3	DNMBP
RP3-383J4.3	KLHL20
RP11-452K12.9	EXOSC1
RP3-329L24.1	ASF1A
HDCKB03P	GOLGA7
RP4-533D7.1	MAST2
DMEL_CG10043	RtGEF
DMEL_CG16728	Git
DMEL_CG10059	MAGE
DMEL_CG13142	CG13142
DMEL_CG1007	emc
DMEL_CG3827	sc
DMEL_CG10103	CG10103
DMEL_CG6842	Vps4
DMEL_CG10108	phyl
DMEL_CG13030	sinah
DMEL_CG1856	ttk
DMEL_CG9949	sina
DMEL_CG10128	tra2
DMEL_CG42320	Doa
DMEL_CG17136	Rbp1
DMEL_CG10158	CG10158
DMEL_CG17494	CG17494
DMEL_CG10159	BEAF-32
DMEL_CG10164	CG10164
DMEL_CG5000	msps
DMEL_CG1017	Mfap1
DMEL_CG30342	Prp38
DMEL_CG10176	CG10176
DMEL_CG7662	veli
DMEL_CG10209	CG10209
DMEL_CG10215	Ercc1
DMEL_CG3697	mei-9
DMEL_CG10229	Kat60
DMEL_CG13956	kat80
DMEL_CG10230	Rpn9
DMEL_CG1100	Rpn5
DMEL_CG10238	Mocs2
DMEL_CG13090	CG13090
DMEL_CG42783	aPKC
DMEL_CG5884	par-6
DMEL_CG10263	Hakai
DMEL_CG3496	vir
DMEL_CG10306	CG10306
DMEL_CG5642	CG5642
DMEL_CG10318	NC2alpha
DMEL_CG4185	NC2beta
DMEL_CG10346	Grip71
DMEL_CG7210	kel
DMEL_CG10415	TfIIEalpha
DMEL_CG1276	TfIIEbeta
DMEL_CG10418	CG10418
DMEL_CG2021	CG2021
DMEL_CG10419	Gem2
DMEL_CG16725	Smn
DMEL_CG1046	zen
DMEL_CG12399	Mad
DMEL_CG10460	cer
DMEL_CG10992	CtsB1
DMEL_CG10540	cpa
DMEL_CG17158	cpb
DMEL_CG10566	CG10566
DMEL_CG6167	PICK1
DMEL_CG10574	I-2
DMEL_CG5650	Pp1-87B
DMEL_CG10619	tup
DMEL_CG10699	Lim3
DMEL_CG3924	Chi
DMEL_CG10654	CG10654
DMEL_CG17801	CG17801
DMEL_CG4730	CG4730
DMEL_CG10679	Nedd8
DMEL_CG8493	Den1
DMEL_CG1071	E2f2
DMEL_CG4654	Dp
DMEL_CG10798	dm
DMEL_CG9648	Max
DMEL_CG10855	ntc
DMEL_CG8979	PI31
DMEL_CG1088	Vha26
DMEL_CG17332	VhaSFD
DMEL_CG10949	CG10949
DMEL_CG6683	CG6683
DMEL_CG1104	CG1104
DMEL_CG5862	CG5862
DMEL_CG11121	so
DMEL_CG8384	gro
DMEL_CG8991	Sobp
DMEL_CG9554	eya
DMEL_CG1115	Vps37B
DMEL_CG9712	TSG101
DMEL_CG11173	Snap29
DMEL_CG2715	Syx4
DMEL_CG31136	Syx1A
DMEL_CG6625	alphaSnap
DMEL_CG11181	cup
DMEL_CG4916	me31B
DMEL_CG1120	IntS10
DMEL_CG4785	IntS14
DMEL_CG11228	hpo
DMEL_CG33193	sav
DMEL_CG11326	Tsp
DMEL_CG7447	slow
DMEL_CG11347	DOR
DMEL_CG12334	Atg8b
DMEL_CG32672	Atg8a
DMEL_CG11354	Lim1
DMEL_CG11405	Atf3
DMEL_CG2275	Jra
DMEL_CG11486	CG11486
DMEL_CG8232	PAN2
DMEL_CG11525	CycG
DMEL_CG5643	wdb
DMEL_CG11579	arm
DMEL_CG34403	pan
DMEL_CG11622	Rlip
DMEL_CG2849	Rala
DMEL_CG11652	CG11652
DMEL_CG7265	CG7265
DMEL_CG45263	CG45263
DMEL_CG8228	Vps45
DMEL_CG11750	Pa1
DMEL_CG32133	ptip
DMEL_CG11761	trsn
DMEL_CG5063	Trax
DMEL_CG11881	dgt6
DMEL_CG4865	dgt4
DMEL_CG11882	CG11882
DMEL_CG6948	Clc
DMEL_CG9012	Chc
DMEL_CG11885	CG11885
DMEL_CG13319	CG13319
DMEL_CG11888	Rpn2
DMEL_CG13349	Rpn13
DMEL_CG11941	skpC
DMEL_CG4221	CG4221
DMEL_CG9316	CG9316
DMEL_CG11988	neur
DMEL_CG5185	Tom
DMEL_CG12007	CG12007
DMEL_CG18627	betaggt-II
DMEL_CG12051	Act42A
DMEL_CG33979	capt
DMEL_CG12114	spn-F
DMEL_CG2615	ik2
DMEL_CG1216	mri
DMEL_CG17806	CG17806
DMEL_CG4854	CG4854
DMEL_CG12171	CG12171
DMEL_CG31549	CG31549
DMEL_CG12202	Nat1
DMEL_CG9922	CG9922
DMEL_CG12297	Fadd
DMEL_CG5576	imd
DMEL_CG7486	Dredd
DMEL_CG12304	CG12304
DMEL_CG3821	Aats-asp
DMEL_CG12306	polo
DMEL_CG9379	by
DMEL_CG12333	CG12333
DMEL_CG5405	KrT95D
DMEL_CG12393	CG12393
DMEL_CG3573	Ocrl
DMEL_CG8993	CG8993
DMEL_CG12404	CG12404
DMEL_CG5484	CG5484
DMEL_CG1242	Hsp83
DMEL_CG13570	spag
DMEL_CG1249	SmD2
DMEL_CG16792	SmF
DMEL_CG12532	AP-1-2beta
DMEL_CG17360	CG17360
DMEL_CG12620	CG12620
DMEL_CG12767	Dip3
DMEL_CG12797	Ciao1
DMEL_CG7949	CG7949
DMEL_CG13085	CG13085
DMEL_CG16983	skpA
DMEL_CG13139	lft
DMEL_CG17941	ds
DMEL_CG3352	ft
DMEL_CG13151	CG13151
DMEL_CG2129	CG2129
DMEL_CG13190	cuff
DMEL_CG9252	del
DMEL_CG13343	Uba3
DMEL_CG7828	APP-BP1
DMEL_CG13503	Vrp1
DMEL_CG1520	WASp
DMEL_CG3727	dock
DMEL_CG13533	asrij
DMEL_CG8385	Arf79F
DMEL_CG13567	Not11
DMEL_CG18616	Not10
DMEL_CG5792	Pih1D1
DMEL_CG13624	CG13624
DMEL_CG18619	CG18619
DMEL_CG1363	blow
DMEL_CG1587	Crk
DMEL_CG13651	danr
DMEL_CG7583	CtBP
DMEL_CG13906	nerfin-1
DMEL_CG8544	sd
DMEL_CG14133	Pallidin
DMEL_CG30077	Blos1
DMEL_CG14232	CG14232
DMEL_CG9356	CG9356
DMEL_CG14542	Vps2
DMEL_CG9779	Vps24
DMEL_CG14544	CG14544
DMEL_CG9596	CG9596
DMEL_CG14549	Sld5
DMEL_CG18013	Psf2
DMEL_CG9187	Psf1
DMEL_CG1467	Syx16
DMEL_CG14685	Cap-H2
DMEL_CG6363	MRG15
DMEL_CG14802	MED18
DMEL_CG18780	MED20
DMEL_CG14815	Pex5
DMEL_CG4289	Pex14
DMEL_CG14884	CSN5
DMEL_CG6932	CSN6
DMEL_CG14962	Asciz
DMEL_CG6998	ctp
DMEL_CG14965	CG14965
DMEL_CG3052	HLH4C
DMEL_CG14992	Ack
DMEL_CG6757	SH3PX1
DMEL_CG14999	RfC4
DMEL_CG5313	RfC3
DMEL_CG1513	CG1513
DMEL_CG5014	Vap-33A
DMEL_CG9205	CG9205
DMEL_CG1519	Prosalpha7
DMEL_CG4904	Prosalpha6
DMEL_CG15220	RPA3
DMEL_CG9273	RPA2
DMEL_CG15367	Dip1
DMEL_CG18011	CG18011
DMEL_CG15415	Spindly
DMEL_CG15435	CG15435
DMEL_CG7139	CG7139
DMEL_CG1553	Nop17l
DMEL_CG6593	Pp1alpha-96A
DMEL_CG15532	hdc
DMEL_CG4620	unk
DMEL_CG15636	HP6
DMEL_CG18468	Lhr
DMEL_CG6219	cav
DMEL_CG8044	HP4
DMEL_CG15717	CG15717
DMEL_CG8525	CG8525
DMEL_CG15845	Adf1
DMEL_CG15889	Ravus
DMEL_CG1643	Atg5
DMEL_CG31033	Atg16
DMEL_CG6539	Gem3
DMEL_CG16738	slp1
DMEL_CG18591	SmE
DMEL_CG16838	CG16838
DMEL_CG1845	Br140
DMEL_CG43067	FoxP
DMEL_CG16941	CG16941
DMEL_CG2925	noi
DMEL_CG4643	Fsn
DMEL_CG9772	Skp2
DMEL_CG9952	ppa
DMEL_CG17046	klar
DMEL_CG9669	CG9669
DMEL_CG17117	hth
DMEL_CG8933	exd
DMEL_CG17153	ssp
DMEL_CG6801	l(3)j2D3
DMEL_CG17170	su(f)
DMEL_CG7697	CstF-64
DMEL_CG17293	Wdr82
DMEL_CG6222	su(s)
DMEL_CG1745	HP5
DMEL_CG8409	Su(var)205
DMEL_CG17489	RpL5
DMEL_CG2238	EF2
DMEL_CG1772	dap
DMEL_CG9193	PCNA
DMEL_CG43286	cnc
DMEL_CG9954	maf-S
DMEL_CG1800	pasha
DMEL_CG8730	drosha
DMEL_CG18112	Vps16B
DMEL_CG5127	Vps33B
DMEL_CG18174	Rpn11
DMEL_CG3416	Rpn8
DMEL_CG18292	CG18292
DMEL_CG8103	Mi-2
DMEL_CG18362	Mio
DMEL_CG3350	bigmax
DMEL_CG18375	ASPP
DMEL_CG5053	RASSF8
DMEL_CG18408	CAP
DMEL_CG3299	Vinc
DMEL_CG1849	run
DMEL_CG7959	Bgb
DMEL_CG7960	Bro
DMEL_CG5738	lolal
DMEL_CG1900	Rab40
DMEL_CG9291	EloC
DMEL_CG1975	Drep-2
DMEL_CG8357	Drep-1
DMEL_CG8364	Drep-3
DMEL_CG2096	flw
DMEL_CG6416	Zasp66
DMEL_CG2097	Sym
DMEL_CG2125	ci
DMEL_CG6054	Su(fu)
DMEL_CG2158	Nup50
DMEL_CG4799	Pen
DMEL_CG2160	Socs44A
DMEL_CG2204	Galphao
DMEL_CG5692	raps
DMEL_CG2246	CG2246
DMEL_CG6767	CG6767
DMEL_CG2709	CG2709
DMEL_CG31053	CG31053
DMEL_CG9474	Snap24
DMEL_CG2774	Snx1
DMEL_CG8282	Snx6
DMEL_CG2903	Hrs
DMEL_CG6521	Stam
DMEL_CG2944	gus
DMEL_CG2950	mxt
DMEL_CG32859	eIF4E-7
DMEL_CG30021	metro
DMEL_CG12196	egg
DMEL_CG14464	CG14464
DMEL_CG3075	Nf-YC
DMEL_CG3891	Nf-YA
DMEL_CG3086	MAPk-Ak2
DMEL_CG7393	p38b
DMEL_CG9836	CG9836
DMEL_CG3114	ewg
DMEL_CG3371	ebd1
DMEL_CG43427	CG43427
DMEL_CG44128	Src42A
DMEL_CG3162	LS2
DMEL_CG3582	U2af38
DMEL_CG33526	PNUTS
DMEL_CG9156	Pp1-13C
DMEL_CG3183	geminin
DMEL_CG8171	dup
DMEL_CG31917	CG31917
DMEL_CG7764	mrn
DMEL_CG3227	insv
DMEL_CG43078	CG43078
DMEL_CG8604	Amph
DMEL_CG3260	Zfrp8
DMEL_CG5920	RpS2
DMEL_CG32685	ZAP3
DMEL_CG32810	inc
DMEL_CG7809	Grasp65
DMEL_CG8846	Thor
DMEL_CG33156	CG33156
DMEL_CG6145	CG6145
DMEL_CG3325	spn-B
DMEL_CG4879	RecQ5
DMEL_CG3340	Kr
DMEL_CG3430	CG3430
DMEL_CG4082	Mcm5
DMEL_CG3501	CG3501
DMEL_CG3678	CG3678
DMEL_CG9998	U2af50
DMEL_CG3644	bic
DMEL_CG8759	Nacalpha
DMEL_CG3680	CG3680
DMEL_CG3689	CG3689
DMEL_CG7185	CG7185
DMEL_CG9181	Ptp61F
DMEL_CG3758	esg
DMEL_CG8376	ap
DMEL_CG3956	sna
DMEL_CG4003	pont
DMEL_CG9750	rept
DMEL_CG4005	yki
DMEL_CG4027	Act5C
DMEL_CG4087	RpLP1
DMEL_CG7490	RpLP0
DMEL_CG4204	EloB
DMEL_CG4262	elav
DMEL_CG4396	fne
DMEL_CG4264	Hsc70-4
DMEL_CG7945	CG7945
DMEL_CG8881	skpB
DMEL_CG6376	E2f
DMEL_CG4673	Npl4
DMEL_CG6233	Ufd1-like
DMEL_CG4717	kni
DMEL_CG4764	Vps29
DMEL_CG5625	Vps35
DMEL_CG4798	l(2)k01209
DMEL_CG5537	CG5537
DMEL_CG4898	Tm1
DMEL_CG4980	BCAS2
DMEL_CG6905	Cdc5
DMEL_CG9128	Sac1
DMEL_CG5043	CG5043
DMEL_CG9188	sip2
DMEL_CG5072	Cdk4
DMEL_CG9096	CycD
DMEL_CG5163	TfIIA-S
DMEL_CG5930	TfIIA-L
DMEL_CG5179	Cdk9
DMEL_CG6292	CycT
DMEL_CG5190	CG5190
DMEL_CG7113	scu
DMEL_CG5215	Zn72D
DMEL_CG5641	CG5641
DMEL_CG8142	CG8142
DMEL_CG5433	Klc
DMEL_CG7765	Khc
DMEL_CG5452	dnk
DMEL_CG9670	fal
DMEL_CG5460	H
DMEL_CG5575	ken
DMEL_CG5581	Ote
DMEL_CG6944	Lam
DMEL_CG8316	CG8316
DMEL_CG9238	CG9238
DMEL_CG9933	A16
DMEL_CG5709	ari-2
DMEL_CG5788	UbcD10
DMEL_CG43782	orb2
DMEL_CG9214	Tob
DMEL_CG7230	rib
DMEL_CG5848	cact
DMEL_CG6667	dl
DMEL_CG5927	Her
DMEL_CG5933	Ime4
DMEL_CG7818	CG7818
DMEL_CG5941	CG5941
DMEL_CG9099	CG9099
DMEL_CG5972	Arpc4
DMEL_CG9881	Arpc5
DMEL_CG6017	Hip14
DMEL_CG9224	sog
DMEL_CG6058	Ald
DMEL_CG6096	E(spl)m5-HLH
DMEL_CG6213	Vha13
DMEL_CG6551	fu
DMEL_CG6249	Csl4
DMEL_CG8025	Mtr3
DMEL_CG6251	Nup62
DMEL_CG6819	mbo
DMEL_CG6386	ball
DMEL_CG7380	baf
DMEL_CG8980	NiPp1
DMEL_CG6610	CG6610
DMEL_CG9344	CG9344
DMEL_CG6617	CG6617
DMEL_CG7611	CG7611
DMEL_CG6708	Osbp
DMEL_CG7919	fan
DMEL_CG7357	CG7357
DMEL_CG45070	CTPsyn
DMEL_CG6866	loqs
DMEL_CG7048	CG7048
DMEL_CG7770	CG7770
DMEL_CG7053	Atg101
DMEL_CG7331	Atg13
DMEL_CG7098	dik
DMEL_CG9638	Ada2b
DMEL_CG7148	CG7148
DMEL_CG9424	bocksbeutel
DMEL_CG9856	PTP-ER
DMEL_CG9653	brk
DMEL_CG9326	vari
DMEL_CG7911	CG7911
DMEL_CG7917	Nlp
DMEL_CG7954	stck
DMEL_CG9031	ics
DMEL_CG8395	Rrp42
DMEL_CG8055	shrb
DMEL_CG8281	CG8281
DMEL_CG8328	E(spl)mdelta-HLH
DMEL_CG8346	E(spl)m3-HLH
DMEL_CG9414	Drep-4
DMEL_CG8365	E(spl)m8-HLH
DMEL_CG8781	tsu
DMEL_CG9401	mago
DMEL_CG8902	Nuf2
DMEL_CG9938	Ndc80
DMEL_CG8995	PGRP-LE
DMEL_CG9437	hng1
DMEL_CG9654	Rbp4
DMEL_CG9975	CG9975
DMEL_CG9790	Cks85A
DMEL_CG10021	bowl
DMEL_CG11770	lin
DMEL_CG10033	for
DMEL_CG12052	lola
DMEL_CG5102	da
DMEL_CG10279	Rm62
DMEL_CG6147	Tsc1
DMEL_CG10327	TBPH
DMEL_CG10388	Ubx
DMEL_CG4216	term
DMEL_CG10498	cdc2c
DMEL_CG12559	rl
DMEL_CG10573	ko
DMEL_CG10578	DnaJ-1
DMEL_CG8295	Mlf
DMEL_CG1064	Snr1
DMEL_CG2168	RpS3A
DMEL_CG4303	Bap60
DMEL_CG4609	fax
DMEL_CG10653	hk
DMEL_CG14556	CG14556
DMEL_CG10687	Aats-asn
DMEL_CG11138	CG11138
DMEL_CG1078	Fip1
DMEL_CG43657	Myo10A
DMEL_CG10811	eIF4G
DMEL_CG10961	Traf6
DMEL_CG11006	Sap130
DMEL_CG7379	CG7379
DMEL_CG11092	Nup93-1
DMEL_CG12190	RYBP
DMEL_CG2146	didum
DMEL_CG8815	Sin3A
DMEL_CG1135	Rcd5
DMEL_CG18041	dgt1
DMEL_CG8965	rau
DMEL_CG11416	uri
DMEL_CG15218	CycK
DMEL_CG6193	Apc2
DMEL_CG14937	CG14937
DMEL_CG12200	CG12200
DMEL_CG2720	Hop
DMEL_CG3189	Dpit47
DMEL_CG13001	CG13001
DMEL_CG4813	CG4813
DMEL_CG13201	ix
DMEL_CG5057	MED10
DMEL_CG3431	Uch-L5
DMEL_CG13731	CG13731
DMEL_CG1921	sty
DMEL_CG43227	milt
DMEL_CG5410	Miro
DMEL_CG13879	wac
DMEL_CG16969	dgt2
DMEL_CG1403	Sep1
DMEL_CG4173	Sep2
DMEL_CG6856	Dysb
DMEL_CG14145	Blos2
DMEL_CG14228	Mer
DMEL_CG2050	mod
DMEL_CG14317	CG14317
DMEL_CG1469	Fer2LCH
DMEL_CG2216	Fer1HCH
DMEL_CG1487	krz
DMEL_CG3929	dx
DMEL_CG14894	CG14894
DMEL_CG2655	HLH3B
DMEL_CG15010	ago
DMEL_CG15015	Cip4
DMEL_CG15224	CkIIbeta
DMEL_CG17520	CkIIalpha
DMEL_CG15437	morgue
DMEL_CG15440	CG15440
DMEL_CG1646	CG1646
DMEL_CG15693	RpS20
DMEL_CG3412	slmb
DMEL_CG4911	CG4911
DMEL_CG31045	Mhcl
DMEL_CG17596	S6kII
DMEL_CG4111	RpL35
DMEL_CG18319	ben
DMEL_CG5140	nopo
DMEL_CG18492	Tak1
DMEL_CG7417	Tab2
DMEL_CG7952	gt
DMEL_CG3073	temp
DMEL_CG2047	ftz
DMEL_CG4059	ftz-f1
DMEL_CG7808	RpS8
DMEL_CG3201	Mlc-c
DMEL_CG3664	Rab5
DMEL_CG3225	CG3225
DMEL_CG8277	eIF4E-5
DMEL_CG30084	Zasp52
DMEL_CG4376	Actn
DMEL_CG31012	cindr
DMEL_CG5680	bsk
DMEL_CG31317	stumps
DMEL_CG8676	Hr39
DMEL_CG3193	crn
DMEL_CG8264	Bx42
DMEL_CG32016	4E-T
DMEL_CG32105	CG32105
DMEL_CG32130	stv
DMEL_CG32425	CG32425
DMEL_CG32486	CG32486
DMEL_CG8284	UbcD4
DMEL_CG33135	KCNQ
DMEL_CG8472	Cam
DMEL_CG9911	CG9911
DMEL_CG3403	Mob4
DMEL_CG3497	Su(H)
DMEL_CG3510	CycB
DMEL_CG3731	CG3731
DMEL_CG3796	ac
DMEL_CG7187	Ssdp
DMEL_CG3937	cher
DMEL_CG5723	Ten-m
DMEL_CG3938	CycE
DMEL_CG5360	mi
DMEL_CG4006	Akt1
DMEL_CG17704	Nipped-B
DMEL_CG4203	CG4203
DMEL_CG4035	eIF-4E
DMEL_CG5893	D
DMEL_CG4107	Gcn5
DMEL_CG4148	wek
DMEL_CG5099	msi
DMEL_CG8580	akirin
DMEL_CG4394	Traf-like
DMEL_CG4557	CG4557
DMEL_CG6601	Rab6
DMEL_CG4709	CG4709
DMEL_CG7757	Prp3
DMEL_CG4832	cnn
DMEL_CG9277	betaTub56D
DMEL_CG8569	CG8569
DMEL_CG7111	Rack1
DMEL_CG5923	DNApol-alpha73
DMEL_CG6349	DNApol-alpha180
DMEL_CG6033	drk
DMEL_CG6172	vnd
DMEL_CG9745	D1
DMEL_CG7109	mts
DMEL_CG6755	EloA
DMEL_CG6875	asp
DMEL_CG8725	CSN4
DMEL_CG8262	ana2
DMEL_CG7242	Spc25
DMEL_CG7404	ERR
DMEL_CG45051	sima
DMEL_CG7524	Src64B
DMEL_CG8506	Rbsn-5
DMEL_CG8301	CG8301
DMEL_CG8309	Tango7
DMEL_CG9769	CG9769
DMEL_CG8704	dpn
DMEL_CG8436	Ibf1
DMEL_CG9740	Ibf2
DMEL_CG8989	His3.3B
DMEL_CG9383	asf1
DMEL_CG7977	RpL23A
DMEL_CG5363	cdc2
DMEL_CG8914	CkIIbeta2
DMEL_CG10579	Eip63E
DMEL_CG7281	CycC
DMEL_CG14939	CycY
DMEL_CG11963	skap
DMEL_CG12019	Cdc37
DMEL_CG10539	S6k
DMEL_CG10967	Atg1
DMEL_CG6811	RhoGAP68F
DMEL_CG4921	Rab4
DMEL_CG33336	p53
DMEL_CG3018	lwr
DMEL_CG1244	MEP-1
DMEL_CG6923	CG6923
DMEL_CG43162	jvl
DMEL_CG12047	mud
DMEL_CG7850	puc
DMEL_CG12537	rdx
CELE_AC7.2	soc-2
ZK792.6	let-60
CELE_B0024.14	crm-1
CELE_K08E7.5	CELE_K08E7.5
CELE_T21D12.11	T21D12.11
CELE_Y69H2.10	CELE_Y69H2.10
CELE_Y69H2.3	CELE_Y69H2.3
CELE_B0041.6	ptps-1
B0205.3	rpn-10
F23F12.6	rpt-3
B0207.4	air-2
CELE_Y39G10AR.13	icp-1
B0393.1	rps-0
F37C12.11	rps-21
C01B10.8	C01B10.8
CELE_Y113G7B.23	swsn-1
CELE_C01G5.8	fan-1
K12C11.2	smo-1
CELE_C01G8.5	erm-1
CELE_C01F6.6	mpz-2
CELE_C18B2.5	C18B2.5
C02F5.9	pbs-6
CELE_C06A8.1	mthf-1
C08E3.9	fbxa-166
CELE_R06C1.3	wve-1
CELE_Y79H2A.1	brp-1
C04F12.3	ikb-1
CELE_C36C9.1	meg-4
F54G8.4	nhl-1
CELE_C05C10.5	C05C10.5
F54D10.7	F54D10.7
C05C8.6	hpo-9
C05D9.1	snx-1
F17E9.5	F17E9.5
F25D7.1	cup-2
F45H10.4	drr-1
CELE_Y38C1AA.7	Y38C1AA.7
CELE_Y59A8B.22	snx-6
C07H6.5	cgh-1
C27A2.6	dsh-2
CELE_C27F2.8	C27F2.8
R05D11.8	edc-3
CELE_W03C9.7	mex-1
C08F8.8	nhr-67
W02D3.9	unc-37
C09G4.3	cks-1
CELE_C39D10.7	C39D10.7
C09H10.6	nasp-1
F53B3.1	tra-4
CELE_C09H6.2	lin-10
CELE_F17E5.1	lin-2
CELE_C13F10.7	C13F10.7
CELE_C14A4.11	ccm-3
CELE_T19A5.2	gck-1
CELE_C14B9.4	plk-1
R119.4	pqn-59
C14F5.5	sem-5
D1037.3	ftn-2
CELE_F54D5.15	CELE_F54D5.15
CELE_M02A10.3	sli-1
T28F12.3	sos-1
C15H11.7	pas-1
CELE_F52G2.3	F52G2.3
T05E7.5	vet-1
CELE_W04D2.1	atn-1
CELE_W07G4.5	W07G4.5
ZC155.7	syx-16
ZK945.2	pas-7
CELE_C16C8.11	C16C8.11
CELE_C18C4.10	klc-2
C10H11.10	kca-1
R05D3.7	unc-116
CELE_ZK1098.10	unc-16
C18H9.7	rpy-1
CELE_F54C9.11	F54C9.11
C23G10.3	rps-3
CELE_T23D8.3	T23D8.3
C26C6.2	goa-1
F22B7.13	gpr-1
CELE_F32A6.4	ags-3
CELE_F53A10.2	F53A10.2
CELE_C27B7.1	spr-2
CELE_B0336.7	B0336.7
CELE_B0412.1	dac-1
C27H6.2	ruvb-1
T22D1.10	ruvb-2
C28D4.3	gln-6
C28H8.12	dnc-2
K04D7.1	rack-1
W10G11.20	dnc-3
CELE_Y53F4B.22	arp-1
CELE_C28H8.9	dpff-1
CELE_T05C12.6	mig-5
C30C11.2	rpn-3
F49C12.8	rpn-7
Y119D3B.15	dss-1
C32H11.5	C32H11.5
R05F9.10	sgt-1
C33G8.6	nhr-42
CELE_C11G6.4	nhr-28
C35B1.1	ubc-1
CELE_R05D3.4	rfp-1
CELE_C36A4.8	brc-1
K04C2.4	brd-1
C36B1.4	pas-4
CELE_C48B6.3	C48B6.3
CELE_C48D5.1	nhr-6
CELE_C56C10.7	C56C10.7
D1054.2	pas-2
CELE_F23F1.8	rpt-4
CELE_F39H12.1	F39H12.1
CELE_C50E3.13	C50E3.13
F28D1.2	F28D1.2
CELE_M7.2	klc-1
CELE_R07B7.2	R07B7.2
CELE_C37A2.7	C37A2.7
Y37E3.7	rla-1
C37E2.1	idhb-1
F43G9.1	idha-1
CELE_C40H1.6	ufc-1
CELE_T03F1.1	uba-5
C45G3.1	aspm-1
T21H3.3	cmd-1
CELE_C45G9.7	C45G9.7
CELE_ZK1128.7	ZK1128.7
C47B2.4	pbs-2
Y38A8.2	pbs-3
CELE_C49A1.4	eya-1
CELE_B0286.4	ntl-2
CELE_C02F12.8	C02F12.8
C10G8.7	ceh-33
CELE_C32E8.10	unc-11
CELE_C35E7.2	C35E7.2
CELE_C53C7.3	C53C7.3
CELE_F13G11.1	dmd-6
F56A12.1	unc-39
K01B6.1	fozi-1
K02B9.2	meg-2
W10C8.2	pop-1
CELE_ZK121.2	ZK121.2
C49F5.6	C49F5.6
T14G10.6	tsp-12
C50C3.8	bath-42
C52E4.4	rpt-1
CELE_F35G12.12	F35G12.12
C53A5.3	hda-1
C54F6.14	ftn-1
CD4.6	pas-6
CELE_F09E5.7	F09E5.7
CELE_ZK1098.4	ZK1098.4
CELE_ZK930.3	vab-23
CELE_D1046.1	cfim-2
D1053.1	gst-42
CELE_D1054.13	secs-1
F56H1.4	rpt-5
CELE_H15N14.2	nsf-1
D2013.2	wdfy-2
CELE_C06E1.1	C06E1.1
CELE_D2096.2	praf-3
CELE_W06A7.3	ret-1
CELE_D2013.6	D2013.6
CELE_Y65B4BR.4	wwp-1
E02H1.7	nhr-19
CELE_K10C3.6	nhr-49
CELE_F01F1.12	aldo-2
F08C6.3	vps-52
CELE_B0414.8	vps-51
F08C6.6	apy-1
F09E5.1	pkc-3
CELE_T26E3.3	par-6
F10B5.4	tub-1
B0393.2	rbg-3
F10B5.6	emb-27
CELE_B0511.9	cdc-26
CELE_F10D11.2	F10D11.2
CELE_F13B10.1	tir-1
Y37E11AR.2	siah-1
CELE_F14B4.2	F14B4.2
ZK829.7	ZK829.7
F14D12.2	unc-97
C34C12.5	rsu-1
CELE_F14F3.1	vab-3
F08C6.7	unc-98
CELE_K09B11.9	uso-1
F17A2.5	ceh-40
CELE_T28F12.2	unc-62
C44F1.2	gmeb-3
CELE_Y54G11A.10	lin-7
CELE_Y57G11C.24	eps-8
F18E2.3	scc-3
F10G7.4	scc-1
CELE_W02A2.6	rec-8
F20B10.3	F20B10.3
CELE_R02F2.5	R02F2.5
T09A5.10	lin-5
F23C8.4	ubxn-1
C06A1.1	cdc-48.1
C41C4.8	cdc-48.2
F23H12.2	tomm-20
F54F2.8	prx-19
CELE_F25H2.4	F25H2.4
CELE_Y57G7A.10	emc-2
F25H2.9	pas-5
CELE_F26B1.2	F26B1.2
C25A1.4	C25A1.4
CELE_Y59A8B.10	CELE_Y59A8B.10
F26F4.11	rpb-8
F49E8.4	cdd-2
F26F4.1	cee-1
ZK637.5	asna-1
CELE_F26H11.4	F26H11.4
CELE_F27C1.6	F27C1.6
C06A5.9	rnf-1
CELE_H02I12.5	H02I12.5
F28F8.6	atx-3
F29F11.1	sqv-4
F29G9.5	rpt-2
T22D1.9	rpn-1
CELE_F31C3.2	F31C3.2
CELE_F32B4.4	F32B4.4
F31E3.3	rfc-4
C39E9.13	rfc-3
CELE_Y57G11C.22	CELE_Y57G11C.22
F32D1.1	figl-1
F32H2.3	spd-2
CELE_T07C4.10	T07C4.10
F33D11.11	vpr-1
CELE_F26E4.2	F26E4.2
F35A5.3	abu-10
F35G12.9	apc-11
CELE_F35G2.2	marb-1
K06H7.6	apc-2
F35H8.5	exc-7
CELE_T21G5.5	asd-2
CELE_F36D4.2	trpp-4
CELE_ZK1098.5	trpp-3
F37B1.8	gst-19
F44G3.9	nhr-111
F37C12.4	rpl-36
F54C9.5	rpl-5
CELE_F38A6.1	pha-4
F39B1.1	piki-1
F39B2.11	mtx-1
F39B2.2	uev-1
Y54G2A.31	ubc-13
F39H11.5	pbs-7
F39H2.4	syp-3
F11E6.2	grl-24
F30F8.3	gras-1
CELE_F40F9.1	xbx-6
Y47D3B.7	sbp-1
F41H10.10	htp-1
F42G2.3	fbxc-20
CELE_F38A5.7	sup-36
CELE_F42G9.9	ptl-1
CELE_F42H10.6	F42H10.6
CELE_F42H10.7	ess-2
CELE_F43C1.2	mpk-1
C06A8.5	spdl-1
CELE_T02E1.3	gla-3
CELE_T22A3.3	lst-1
Y54E10BL.6	mek-2
F43G9.11	ces-1
F43G9.5	cfim-1
F44A6.2	sex-1
CELE_Y62E10A.14	Y62E10A.14
C18D1.1	die-1
T10B11.3	ztf-4
CELE_Y11D7A.12	flh-1
CELE_F45E1.7	sdpn-1
CELE_F09F7.5	F09F7.5
CELE_F45G2.4	cope-1
CELE_Y71F9AL.17	copa-1
F46A9.4	skr-2
CELE_F02D10.6	F02D10.6
F54D5.9	F54D5.9
CELE_F47D12.4	hmg-1.2
CELE_C27A12.2	C27A12.2
CELE_F18A1.3	lir-1
F48F7.7	arrd-24
CELE_Y53F4B.11	CELE_Y53F4B.11
F52C6.3	F52C6.3
CELE_T07G12.11	zim-3
F52E4.7	sec-3
CELE_Y37A1B.1	lst-3
CELE_F55B12.3	sel-10
F46A9.5	skr-1
F56A8.6	cpf-2
CELE_W05H7.4	zfp-3
F57B10.11	bag-1
F26D10.3	hsp-1
CELE_Y43F8B.2	CELE_Y43F8B.2
F57B10.12	mei-2
CELE_T01G9.5	mei-1
F57C9.5	htp-3
F58F6.4	rfc-2
CELE_F44B9.8	F44B9.8
F59E12.10	ddl-1
K08E7.2	hsb-1
Y48E1B.1	ddl-2
Y54E2A.3	tac-1
H20J04.5	pfd-2
R151.9	pfd-5
H26D21.1	hus-1
CELE_C07A12.4	pdi-2
CELE_F56D12.5	vig-1
K12H4.1	pros-1
Y41C4A.14	mrt-2
K01G5.4	ran-1
CELE_C56E6.3	toe-2
CELE_F59A2.1	npp-9
CELE_Y24F12A.2	ragc-1
K05C4.1	pbs-5
K07A1.12	lin-53
M03C11.4	hat-1
CELE_T27C4.4	lin-40
ZK418.4	lin-37
K07C11.2	air-1
CELE_C47G2.5	saps-1
CELE_Y39G10AR.12	tpxl-1
K07D4.3	rpn-11
R12E2.3	rpn-8
CELE_K08B4.1	lag-1
F02A9.6	glp-1
K08D10.7	scrm-8
K08D10.8	scrm-5
K08F8.2	atf-2
CELE_M04G12.1	tag-260
K08H2.6	hpl-1
CELE_F37D6.2	F37D6.2
CELE_K09B11.1	pik-1
CELE_C15B12.6	C15B12.6
CELE_C09G1.4	C09G1.4
CELE_C16B8.3	C16B8.3
CELE_F08B6.4	unc-87
CELE_Y53H1A.1	rsy-1
C05G6.1	nhr-76
CELE_C06G3.1	nhr-105
C27C7.4	nhr-73
F54A5.1	hmbx-1
CELE_H20J18.1	scd-1
K06A1.4	nhr-22
CELE_K11E4.5	nhr-71
R90.2	ttr-27
CELE_T09A12.4	nhr-66
CELE_T26H2.9	nhr-79
Y38E10A.18	nhr-234
CELE_Y5H2B.2	nhr-13
Y80D3A.4	nhr-243
ZK1037.5	nhr-247
ZK697.2	nhr-256
CELE_K11D9.1	klp-7
W10D9.4	nfyb-1
M04F3.1	rpa-2
F18A1.5	rpa-1
CELE_Y62E10A.8	mau-8
CELE_M142.1	unc-119
F19H8.3	arl-3
R06B9.3	arrd-13
CELE_T12E12.4	drp-1
R07E5.8	cku-80
Y47D3A.4	cku-70
CELE_R07G3.8	R07G3.8
CELE_C11E4.6	C11E4.6
R09B3.5	mag-1
R07E5.14	rnp-4
R09B5.5	pqn-54
R107.7	gst-1
T28A11.11	gst-23
R107.8	lin-12
R11A5.2	nud-2
ZK1055.1	hcp-1
CELE_R11A8.2	R11A8.2
T11B7.1	T11B7.1
R11G11.7	pqn-60
R12B2.4	him-10
W01B6.9	ndc-80
T06D8.8	rpn-9
T01B11.3	syx-4
CELE_K11E8.1	unc-43
CELE_T01B7.5	CELE_T01B7.5
CELE_T01G9.2	T01G9.2
CELE_D2063.1	D2063.1
CELE_F20C5.6	F20C5.6
F47G4.4	F47G4.4
CELE_ZK858.4	mel-26
T04C12.6	act-1
T25C8.2	act-5
T04H1.2	T04H1.2
CELE_C03C10.4	C03C10.4
CELE_C31H1.6	lntl-1
CELE_F46G10.1	F46G10.1
CELE_F53G12.4	F53G12.4
Y46G5A.20	Y46G5A.20
CELE_T04H1.4	rad-50
ZC302.1	mre-11
CELE_T05B9.1	T05B9.1
CELE_C17E7.4	C17E7.4
CELE_C34F11.9	dsh-1
CELE_F08F8.10	F08F8.10
CELE_F53B3.3	F53B3.3
T05D4.1	aldo-1
CELE_T05G5.10	iff-1
Y17G7B.4	dhps-1
T05H4.14	gad-1
CELE_T09B4.2	T09B4.2
CELE_T11B7.4	alp-1
CELE_F08F8.9	F08F8.9
CELE_F28F5.3	lim-8
CELE_F29G6.3	hpo-34
CELE_F44D12.1	magu-4
T07E3.5	brc-2
T09A5.12	ztf-17
CELE_T17H7.4	pat-12
CELE_Y53C12B.3	nos-3
ZK1307.9	ZK1307.9
F42A6.9	elks-1
T20G5.11	rde-4
T20H4.4	adr-2
VW02B12L.4	adbp-1
CELE_T21C9.4	T21C9.4
CELE_T22B2.4	sup-12
CELE_R74.5	asd-1
CELE_T22C8.3	T22C8.3
ZK909.4	ces-2
CELE_T22H2.5	scrm-1
F59A2.3	cri-3
CELE_T21B6.3	T21B6.3
T23F1.6	pqn-71
C03A7.14	abu-8
CELE_W03G1.5	W03G1.5
T23H4.2	nhr-69
CELE_T24D1.3	T24D1.3
M7.5	atg-7
T24H10.6	dyrb-1
C17H12.1	dyci-1
CELE_T26A5.7	set-1
W03D2.4	pcn-1
T26A5.9	dlc-1
CELE_C10G6.1	egal-1
CELE_F26F4.5	F26F4.5
CELE_F57C2.6	spat-1
CELE_Y38E10A.6	ceh-100
T27F2.1	skp-1
T27F2.3	bir-1
Y48E1B.12	csc-1
CELE_W01D2.2	nhr-61
F32B6.1	nhr-4
CELE_C06C3.1	mel-11
CELE_C40A11.7	C40A11.7
CELE_W06H8.1	rme-1
CELE_W06F12.1	lit-1
C25G4.4	spe-44
F23B12.5	dlat-1
CELE_R02D5.1	R02D5.1
CELE_Y119C1A.1	Y119C1A.1
CELE_ZK1055.7	ZK1055.7
CELE_W07B3.2	gei-4
T05H4.2	fbxa-196
W07E6.4	prp-21
F11A10.2	repo-1
CELE_T13H5.4	T13H5.4
CELE_W08F4.8	cdc-37
C47E8.5	daf-21
W09D10.3	mrpl-12
Y47G6A.14	Y47G6A.14
CELE_W09H1.6	lec-1
B0250.1	rpl-2
CELE_C07E3.3	C07E3.3
CELE_C14F11.4	C14F11.4
CELE_F26F2.3	F26F2.3
CELE_T07C4.3	T07C4.3
CELE_ZK270.2	frm-1
Y105E8B.5	Y105E8B.5
Y106G6H.14	Y106G6H.14
CELE_F59E12.9	F59E12.9
Y106G6H.15	ska-1
CELE_F54E7.8	ska-3
Y113G7B.15	Y113G7B.15
CELE_Y49E10.14	pie-1
Y11D7A.13	flh-3
CELE_Y15E3A.1	nhr-91
CELE_C07A12.1	ham-2
CELE_ZK1193.5	dve-1
CELE_ZK867.1	syd-9
Y17G7B.11	arrd-7
CELE_Y17G7B.2	ash-2
ZK863.6	dpy-30
Y18D10A.8	Y18D10A.8
CELE_B0348.6	ife-3
CELE_F44A2.5	F44A2.5
R04A9.4	ife-2
CELE_Y37D8A.9	mrg-1
CELE_C41G7.1	smn-1
CELE_ZK1127.3	ZK1127.3
Y38F2AL.2	mksr-2
K03E6.4	mksr-1
Y38H6C.14	Y38H6C.14
Y38H6C.8	Y38H6C.8
CELE_Y39A1A.15	cnt-2
Y40B1B.6	spr-5
D1014.8	spr-1
Y41C4A.10	elb-1
Y82E9BR.15	elc-1
CELE_Y43C5A.6	rad-51
Y43E12A.1	cyb-2.1
Y45F10A.2	puf-3
ZC168.4	cyb-1
Y54G9A.6	bub-3
CELE_B0035.1	B0035.1
R06C7.8	bub-1
ZC328.4	san-1
CELE_ZK328.5	npp-10
Y55F3AM.15	csn-4
K08F11.3	cif-1
Y56A3A.21	trap-4
Y59A8A.1	csn-1
B0025.2	csn-2
Y38C1AA.2	csn-3
Y62E10A.16	gcl-1
CELE_Y65B4BR.5	Y65B4BR.5
C56C10.8	icd-1
CELE_Y69A2AR.2	ric-8
CELE_Y69A2AR.30	mdf-2
C50F4.11	mdf-1
Y75B8A.30	pph-4.1
Y71H2B.3	ppfr-4
CELE_Y87G2A.3	atg-4.1
C32D5.9	lgg-1
CELE_ZK593.6	lgg-2
ZC513.6	oma-2
CELE_F39H11.1	F39H11.1
ZK1058.4	ccdc-47
ZK1067.7	abu-14
T05G5.6	ech-6
CELE_ZK131.11	ZK131.11
CELE_Y23H5A.5	ctn-1
ZK353.6	lap-1
ZK370.2	sma-2
CELE_R08E3.4	ztf-16
CELE_ZK381.4	pgl-1
B0523.3	pgl-2
CELE_F53A2.6	ife-1
CELE_ZK632.12	ZK632.12
ZK652.1	snr-5
C52E4.3	snr-4
CELE_C01H6.7	tag-298
C15C7.2	klp-8
C27B7.4	rad-26
CELE_C49H3.5	ntl-4
CELE_R12B2.5	mdt-15
Y105C5A.1	Y105C5A.1
CELE_ZK892.1	lec-3
CELE_Y51H4A.4	zip-7
YLR418C	CDC73
YOL145C	CTR9
YOR123C	LEO1
YBR279W	PAF1
YML069W	POB3
YGL244W	RTF1
YGL207W	SPT16
YER164W	CHD1
YIL035C	CKA1
YOR061W	CKA2
YGL019W	CKB1
YOR039W	CKB2
YDL209C	CWC2
YDR364C	CDC40
YMR213W	CEF1
YLR117C	CLF1
YGR278W	CWC22
YBR065C	ECM2
YJR050W	ISY1
YPL213W	LEA1
YLL036C	PRP19
YGL120C	PRP43
YAL032C	PRP45
YPL151C	PRP46
YHR165C	PRP8
YER029C	SMB1
YGR074W	SMD1
YLR147C	SMD3
YPR101W	SNT309
YKL173W	SNU114
YDR416W	SYF1
YGR129W	SYF2
YKL095W	YJU2
YKR022C	NTR2
YLR424W	SPP382
YNL245C	CWC25
YIR010W	DSN1
YBR211C	AME1
YDR254W	CHL4
YPL018W	CTF19
YLR381W	CTF3
YJR135C	MCM22
YAL034W-A	MTW1
YDR383C	NKP1
YPL233W	NSL1
YGR179C	OKP1
YNL124W	NAF1
YLR175W	CBF5
YJL072C	PSF2
YDR013W	PSF1
YOL146W	PSF3
YDR489W	SLD5
YDL140C	RPO21
YIL021W	RPB3
YGR116W	SPT6
YGR186W	TFG1
YGR005C	TFG2
YPL129W	TAF14
YML010W	SPT5
YOR151C	RPB2
YPL063W	TIM50
YMR203W	TOM40
YDR288W	NSE3
YEL019C	MMS21
YLR007W	NSE1
YDL105W	NSE4
YLR383W	SMC6
YOL034W	SMC5
YDR365C	ESF1
YDR299W	BFR2
YJL033W	HCA4
YER127W	LCP5
YOR310C	NOP58
YHR196W	UTP9
YGR145W	ENP2
YFR003C	YPI1
YER133W	GLC7
YKL193C	SDS22
YGR002C	SWC4
YJL081C	ARP4
YOR244W	ESA1
YDR190C	RVB1
YPL235W	RVB2
YHR099W	TRA1
YDR359C	EAF1
YNL107W	YAF9
YDR334W	SWR1
YEL018W	EAF5
YHR090C	YNG2
YGR198W	YPP1
YLR305C	STT4
YHR066W	SSF1
YOL077C	BRX1
YLR276C	DBP9
YLL008W	DRS1
YKL172W	EBP2
YMR049C	ERB1
YMR290C	HAS1
YAL025C	MAK16
YPL211W	NIP7
YPL093W	NOG1
YER002W	NOP16
YNL061W	NOP2
YPL043W	NOP4
YGR103W	NOP7
YGL111W	NSA1
YHR088W	RPF1
YKR081C	RPF2
YBL092W	RPL32
YNL002C	RLP7
YDR087C	RRP1
YPR016C	TIF6
YOR272W	YTM1
YHR085W	IPI1
YNL182C	IPI3
YHR197W	RIX1
YJL010C	NOP9
YGR159C	NSR1
YJR012C	YJR012C
YDR142C	PEX7
YKL088W	CAB3
YKR072C	SIS2
YOR054C	VHS3
YKL195W	MIA40
YKR038C	KAE1
YJL184W	GON7
YKR079C	TRZ1
YJL208C	NUC1
YMR099C	YMR099C
YLL034C	RIX7
YOR341W	RPA190
YLR132C	USB1
YLR145W	RMP1
YNL221C	POP1
YNL282W	POP3
YBR257W	POP4
YAL033W	POP5
YGR030C	POP6
YBL018C	POP8
YHR062C	RPP1
YDR478W	SNM1
YER172C	BRR2
YGL128C	CWC23
YPR182W	SMX3
YML023C	NSE5
YER038C	KRE29
YNL260C	LTO1
YJR067C	YAE1
YGR152C	RSR1
YLR229C	CDC42
YER006W	NUG1
YOR206W	NOC2
YLR002C	NOC3
YLR106C	MDN1
YJL168C	SET2
YER047C	SAP1
YDL013W	SLX5
YDR510W	SMT3
YDL064W	UBC9
YKL082C	RRP14
YGR128C	UTP8
YJL109C	UTP10
YPL126W	NAN1
YDR324C	UTP4
YMR093W	UTP15
YEL055C	POL5
YLR409C	UTP21
YLR129W	DIP2
YCR057C	PWP2
YLR222C	UTP13
YJL069C	UTP18
YDR449C	UTP6
YGR090W	UTP22
YCL031C	RRP7
YCL054W	SPB1
YFR001W	LOC1
YKL009W	MRT4
YNL110C	NOP15
YER126C	NSA2
YHR052W	CIC1
YLR009W	RLP24
YGR264C	MES1
YGL105W	ARC1
YGL245W	GUS1
YGR162W	TIF4631
YGL078C	DBP3
YER177W	BMH1
YHR089C	GAR1
YDL208W	NHP2
YDL213C	NOP6
YGR283C	YGR283C
YMR310C	YMR310C
YLR197W	NOP56
YER025W	GCD11
YAL035W	FUN12
YDR060W	MAK21
YMR229C	RRP5
YOR361C	PRT1
YJL050W	MTR4
YDL175C	AIR2
YOL115W	PAP2
YOR001W	RRP6
YOL076W	MDM20
YPR131C	NAT3
YJL098W	SAP185
YDL047W	SIT4
YFR040W	SAP155
YKR028W	SAP190
YER146W	LSM5
YPR178W	PRP4
YGL173C	XRN1
YJL124C	LSM1
YCR077C	PAT1
YGR054W	YGR054W
YLR438C-A	LSM3
YDR378C	LSM6
YMR268C	PRP24
YDR473C	PRP3
YBR055C	PRP6
YDL014W	NOP1
YOR204W	DED1
YDR429C	TIF35
YER165W	PAB1
YHR203C	RPS4B
YDR117C	TMA64
YOL139C	CDC33
YER110C	KAP123
YJL138C	TIF2
YDR432W	NPL3
YPR137W	RRP9
YOL021C	DIS3
YNL232W	CSL4
YHR069C	RRP4
YOL142W	RRP40
YDL111C	RRP42
YDR280W	RRP45
YGR095C	RRP46
YGR195W	SKI6
YOR076C	SKI7
YHR081W	LRP1
YCR035C	RRP43
YJL148W	RPA34
YNL113W	RPC19
YBR154C	RPB5
YDL150W	RPC53
YJL011C	RPC17
YOR207C	RET1
YKL144C	RPC25
YNR003C	RPC34
YKR025W	RPC37
YPR190C	RPC82
YOR116C	RPO31
YNL151C	RPC31
YPR110C	RPC40
YPR187W	RPO26
YNL248C	RPA49
YJL140W	RPB4
YDR404C	RPB7
YPR010C	RPA135
YOR340C	RPA43
YMR131C	RRB1
YOR063W	RPL3
YPL178W	CBC2
YMR125W	STO1
YDR138W	HPR1
YDL084W	SUB2
YML062C	MFT1
YNL139C	THO2
YHR167W	THP2
YNL253W	TEX1
YMR091C	NPL6
YPR034W	ARP7
YMR033W	ARP9
YLR357W	RSC2
YDR303C	RSC3
YKR008W	RSC4
YLR033W	RSC58
YCR052W	RSC6
YFR037C	RSC8
YML127W	RSC9
YLR321C	SFH1
YIL126W	STH1
YGR275W	RTT102
YOL135C	MED7
YOR174W	MED4
YGL151W	NUT1
YNL236W	SIN4
YER022W	SRB4
YHR041C	SRB2
YGR104C	SRB5
YLR071C	RGR1
YBR123C	TFC1
YGR047C	TFC4
YOR110W	TFC7
YBR119W	MUD1
YML046W	PRP39
YKL012W	PRP40
YGR013W	SNU71
YDR235W	PRP42
YDR240C	SNU56
YIL061C	SNP1
YDR101C	ARX1
YOR312C	RPL20B
YBR031W	RPL4A
YLL045C	RPL8B
YJL122W	ALB1
YOL041C	NOP12
YLR196W	PWP1
YGR245C	SDA1
YKR048C	NAP1
YBR267W	REI1
YDR398W	UTP5
YHR027C	RPN1
YHR200W	RPN10
YFR004W	RPN11
YFR052W	RPN12
YIL075C	RPN2
YER021W	RPN3
YDL147W	RPN5
YDL097C	RPN6
YOR261C	RPN8
YDR427W	RPN9
YKL145W	RPT1
YDL007W	RPT2
YDR394W	RPT3
YGL048C	RPT6
YFR010W	UBP6
YPR108W	RPN7
YMR309C	NIP1
YBR079C	RPG1
YPR041W	TIF5
YLR192C	HCR1
YMR146C	TIF34
YDR091C	RLI1
YOR260W	GCD1
YGR083C	GCD2
YDR211W	GCD6
YLR291C	GCD7
YPL237W	SUI3
YLR347C	KAP95
YNL189W	SRP1
YKL059C	MPE1
YLR115W	CFT2
YAL043C	PTA1
YLR277C	YSH1
YDR301W	CFT1
YNL317W	PFS2
YDR195W	REF2
YNL222W	SSU72
YLR432W	IMD3
YHR216W	IMD2
YML056C	IMD4
YGR173W	RBG2
YDR152W	GIR2
YDR293C	SSD1
YPR103W	PRE2
YER012W	PRE1
YOR362C	PRE10
YJL001W	PRE3
YMR314W	PRE5
YOL038W	PRE6
YBL041W	PRE7
YML092C	PRE8
YGR135W	PRE9
YOR157C	PUP1
YGR253C	PUP2
YGL011C	SCL1
YDR361C	BCP1
YBL087C	RPL23A
YPL208W	RKM1
YAL021C	CCR4
YNR052C	POP2
YCR093W	CDC39
YMR128W	ECM16
YGL122C	NAB2
YBR017C	KAP104
YMR080C	NAM7
YJL061W	NUP82
YBL017C	PEP1
YDR496C	PUF6
YOL010W	RCL1
YPL217C	BMS1
YMR239C	RNT1
YDL051W	LHP1
YPL243W	SRP68
YPL210C	SRP72
YIL078W	THS1
YDR172W	SUP35
YBR143C	SUP45
YPL183C	RTT10
YBR061C	TRM7
YKL014C	URB1
YGR187C	HGH1
YDR385W	EFT2
YBR236C	ABD1
YNR016C	ACC1
YPR180W	AOS1
YOL086C	ADH1
YDR390C	UBA2
YLR127C	APC2
YNL172W	APC1
YKL022C	CDC16
YHR166C	CDC23
YBL084C	CDC27
YBR128C	ATG14
YPL120W	VPS30
YKL135C	APL2
YPR029C	APL4
YPL259C	APM1
YHL019C	APM2
YLR170C	APS1
YBL037W	APL3
YJR005W	APL1
YOL062C	APM4
YJR058C	APS2
YPL195W	APL5
YGR261C	APL6
YBR288C	APM3
YJL024C	APS3
YIL062C	ARC15
YLR370C	ARC18
YKL013C	ARC19
YNR035C	ARC35
YJR065C	ARP3
YDL029W	ARP2
YBR234C	ARC40
YHR013C	ARD1
YMR116C	ASC1
YDL040C	NAT1
YDR127W	ARO1
YJL115W	ASF1
YJR140C	HIR3
YPL153C	RAD53
YJR148W	BAT2
YHR208W	BAT1
YDL070W	BDF2
YLR399C	BDF1
YBR200W	BEM1
YER114C	BOI2
YAL041W	CDC24
YKR068C	BET3
YML077W	BET5
YDR108W	TRS85
YGR166W	TRS65
YDR407C	TRS120
YMR218C	TRS130
YBR254C	TRS20
YDR246W	TRS23
YDR472W	TRS31
YOR115C	TRS33
YJL031C	BET4
YPR176C	BET2
YDR099W	BMH2
YDR001C	NTH1
YNL267W	PIK1
YGL252C	RTG2
YAR014C	BUD14
YER155C	BEM2
YLR074C	BUD20
YCR072C	RSA4
YNR053C	NOG2
YKL007W	CAP1
YIL034C	CAP2
YER071C	TDA2
YIR003W	AIM21
YDL087C	LUC7
YPL190C	NAB3
YHR086W	NAM8
YNL251C	NRD1
YML049C	RSE1
YLR275W	SMD2
YGL049C	TIF4632
YCL059C	KRR1
YPR025C	CCL1
YDL108W	KIN28
YDR460W	TFB3
YGR134W	CAF130
YNL288W	CAF40
YBR160W	CDC28
YBR135W	CKS1
YMR199W	CLN1
YPL256C	CLN2
YLR314C	CDC3
YCR002C	CDC10
YJR076C	CDC11
YHR107C	CDC12
YDL225W	SHS1
YDL165W	CDC36
YPR072W	NOT5
YDL126C	CDC48
YBR170C	NPL4
YBL058W	SHP1
YGR048W	UFD1
YDR049W	VMS1
YGL190C	CDC55
YMR109W	MYO5
YDL134C	PPH21
YDL188C	PPH22
YAL016W	TPD3
YMR273C	ZDS1
YML109W	ZDS2
YDL031W	DBP10
YGL099W	LSG1
YMR288W	HSH155
YNR011C	PRP2
YER013W	PRP22
YCR063W	BUD31
YGL130W	CEG1
YPL228W	CET1
YKR002W	PAP1
YMR061W	RNA14
YGR156W	PTI1
YGL206C	CHC1
YGR167W	CLC1
YNL030W	HHF2
YBR245C	ISW1
YMR172W	HOT1
YGR270W	YTA7
YDL155W	CLB3
YLR079W	SIC1
YOR250C	CLP1
YDR228C	PCF11
YGL044C	RNA15
YBR155W	CNS1
YDL145C	COP1
YFR051C	RET2
YPL010W	RET3
YNL287W	SEC21
YDR238C	SEC26
YIL076W	SEC28
YBL045C	COR1
YPR191W	QCR2
YDL067C	COX9
YGL187C	COX4
YNL052W	COX5A
YHR051W	COX6
YDR155C	CPR1
YBR103W	SIF2
YCR033W	SNT1
YIL112W	HOS4
YGR158C	MTR3
YMR078C	CTF18
YHR191C	CTF8
YPR175W	DPB2
YNL262W	POL2
YNL290W	RFC3
YOL094C	RFC4
YBR087W	RFC5
YKL139W	CTK1
YJL006C	CTK2
YML112W	CTK3
YMR240C	CUS1
YDL043C	PRP11
YJL203W	PRP21
YDL030W	PRP9
YJL005W	CYR1
YNL138W	SRV2
YNL118C	DCP2
YOL149W	DCP1
YML091C	RPM2
YEL015W	EDC3
YHR164C	DNA2
YDR499W	LCD1
YAR007C	RFA1
YKL213C	DOA1
YGL240W	DOC1
YDR121W	DPB4
YBR278W	DPB3
YAL059W	ECM1
YMR308C	PSE1
YDR395W	SXM1
YBL047C	EDE1
YCR030C	SYP1
YDR348C	PAL1
YGR200C	ELP2
YPL086C	ELP3
YHR187W	IKI1
YLR384C	IKI3
YPL101W	ELP4
YBR247C	ENP1
YLR186W	EMG1
YHR148W	IMP3
YNL075W	IMP4
YER082C	UTP7
YNL132W	KRE33
YKL143W	LTV1
YJR002W	MPP10
YDL148C	NOP14
YLL011W	SOF1
YBL004W	UTP20
YDL060W	TSR1
YGR081C	SLX9
YOR056C	NOB1
YPL012W	RRP12
YPR144C	NOC4
YFL024C	EPL1
YFL039C	ACT1
YPR023C	EAF3
YAR002C-A	ERP1
YGL200C	EMP24
YAL007C	ERP2
YML012W	ERV25
YLR342W	FKS1
YML007W	YAP1
YBR102C	EXO84
YLR166C	SEC10
YER008C	SEC3
YDR166C	SEC5
YIL068C	SEC6
YPR055W	SEC8
YJR093C	FIP1
YNL135C	FPR1
YNL023C	FAP1
YLR060W	FRS1
YFL022C	FRS2
YBR207W	FTH1
YFL041W	FET5
YKR026C	GCN3
YJR007W	SUI2
YFR009W	GCN20
YGL195W	GCN1
YER136W	GDI1
YFL038C	YPT1
YER031C	YPT31
YKR014C	YPT52
YHR108W	GGA2
YER122C	GLO3
YGL137W	SEC27
YGR163W	GTR2
YCR015C	YCR015C
YGR203W	YCH1
YGL237C	HAP2
YOR358W	HAP5
YPL001W	HAT1
YEL056W	HAT2
YLL022C	HIF1
YNL021W	HDA1
YPR179C	HDA3
YDR295C	HDA2
YBR009C	HHF1
YOL054W	PSH1
YCL030C	HIS4
YDL160C	DHH1
YLR044C	PDC1
YBR272C	HSM3
YOR117W	RPT5
YOL068C	HST1
YBL002W	HTB2
YGL241W	KAP114
YBR107C	IML3
YDR318W	MCM21
YBR011C	IPP1
YMR267W	PPA2
YLR371W	ROM2
YLR425W	TUS1
YDL203C	ACK1
YPL066W	RGL1
YFR013W	IOC3
YGL133W	ITC1
YPL082C	MOT1
YOL004W	SIN3
YOL017W	ESC8
YOR304W	ISW2
YOL123W	HRP1
YIL125W	KGD1
YDR148C	KGD2
YFL018C	LPD1
YFR049W	YMR31
YER036C	ARB1
YHR170W	NMD3
YDL166C	FAP7
YKR060W	UTP30
YOR181W	LAS17
YNL084C	END3
YNL243W	SLA2
YFR024C-A	LSB3
YDR062W	LCB2
YMR296C	LCB1
YGL009C	LEU1
YDR037W	KRS1
YBL026W	LSM2
YER112W	LSM4
YNL147W	LSM7
YOR308C	SNU66
YAL024C	LTE1
YHR158C	KEL1
YLR298C	YHC1
YPR051W	MAK3
YEL053C	MAK10
YCR020C-A	MAK31
YBR142W	MAK5
YLR163C	MAS1
YHR024C	MAS2
YDL056W	MBP1
YLR182W	SWI6
YDL003W	MCD1
YFL008W	SMC1
YJL074C	SMC3
YER147C	SCC4
YGL201C	MCM6
YLR274W	MCM5
YAL010C	MDM10
YDL005C	MED2
YNR010W	CSE2
YOL051W	GAL11
YPR070W	MED1
YMR112C	MED11
YHR058C	MED6
YBR193C	MED8
YPR168W	NUT2
YGL025C	PGD1
YBR253W	SRB6
YCR081W	SRB8
YDR443C	SSN2
YPL042C	SSN3
YDR308C	SRB7
YMR167W	MLH1
YNL082W	PMS1
YER148W	SPT15
YHL004W	MRP4
YDR347W	MRP1
YGR084C	MRP13
YBL090W	MRP21
YPL118W	MRP51
YDR337W	MRPS28
YBR251W	MRPS5
YBR146W	MRPS9
YNL137C	NAM9
YOR158W	PET123
YDR041W	RSM10
YNR037C	RSM19
YKL155C	RSM22
YGL129C	RSM23
YIL093C	RSM25
YJR101W	RSM26
YGR215W	RSM27
YJR113C	RSM7
YDR036C	EHD3
YMR158W	MRPS8
YMR188C	MRPS17
YNL306W	MRPS18
YNL284C	MRPL10
YCR046C	IMG1
YCR071C	IMG2
YDR296W	MHR1
YNL005C	MRP7
YBL038W	MRPL16
YNL252C	MRPL17
YOR150W	MRPL23
YMR193W	MRPL24
YBR282W	MRPL27
YDR462W	MRPL28
YMR024W	MRPL3
YDR322W	MRPL35
YBR122C	MRPL36
YML009C	MRPL39
YLR439W	MRPL4
YHR147C	MRPL6
YDR237W	MRPL7
YOR201C	MRM1
YDR116C	MRPL1
YKR085C	MRPL20
YJL063C	MRPL8
YML025C	YML6
YPR100W	MRPL51
YNL185C	MRPL19
YDR405W	MRP20
YGR220C	MRPL9
YKL167C	MRP49
YKR006C	MRPL13
YGR076C	MRPL25
YDR115W	YDR115W
YGL064C	MRH4
YHR059W	FYV4
YDL045W-A	MRP10
YKL003C	MRP17
YDR175C	RSM24
YGR150C	CCM1
YOR205C	GEP3
YPL013C	MRPS16
YOL090W	MSH2
YDR097C	MSH6
YJR144W	MGM101
YIR002C	MPH1
YMR190C	SGS1
YLR234W	TOP3
YDL156W	CMR1
YBR057C	MUM2
YGL036W	YGL036W
YHR023W	MYO1
YGL106W	MLC1
YPR188C	MLC2
YOR326W	MYO2
YBR109C	CMD1
YIL070C	MAM33
YOR035C	SHE4
YAL029C	MYO4
YKL130C	SHE2
YBR130C	SHE3
YDR507C	GIN4
YOL012C	HTZ1
YCL024W	KCC4
YJR045C	SSC1
YNL078W	NIS1
YOL070C	NBA1
YDR381W	YRA1
YDL002C	NHP10
YOR141C	ARP8
YGL150C	INO80
YER092W	IES5
YFL013C	IES1
YFR021W	ATG18
YNL242W	ATG2
YLR449W	FPR4
YFL002C	SPB4
YIL038C	NOT3
YJL041W	NSP1
YFR002W	NIC96
YIL115C	NUP159
YMR047C	NUP116
YAR002W	NUP60
YML065W	ORC1
YBR060C	ORC2
YLL004W	ORC3
YPR162C	ORC4
YNL261W	ORC5
YHR118C	ORC6
YJL002C	OST1
YML019W	OST6
YGL022W	STT3
YEL002C	WBP1
YGR078C	PAC10
YNL153C	GIM3
YML094W	GIM5
YLR200W	YKE2
YGL094C	PAN2
YKL025C	PAN3
YPR107C	YTH1
YBR221C	PDB1
YNL071W	LAT1
YER178W	PDA1
YGR193C	PDX1
YBR044C	TCM62
YLR148W	PEP3
YMR231W	PEP5
YPL045W	VPS16
YLR396C	VPS33
YDR080W	VPS41
YAL002W	VPS8
YMR205C	PFK2
YGR240C	PFK1
YBL035C	POL12
YNL102W	POL1
YIR008C	PRI1
YKL045W	PRI2
YBR167C	POP7
YDR075W	PPH3
YBL046W	PSY4
YNL201C	PSY2
YGR123C	PPT1
YMR186W	HSC82
YPL240C	HSP82
YFL007W	BLM10
YHL030W	ECM29
YFR050C	PRE4
YER094C	PUP3
YOR323C	PRO2
YCR079W	PTC6
YGR091W	PRP31
YPR082C	DIB1
YBR152W	SPP381
YDL098C	SNU23
YNL224C	SQS1
YBL074C	AAR2
YHR156C	LIN1
YNL244C	SUI1
YGR113W	DAM1
YOL108C	INO4
YPL020C	ULP1
YOR179C	SYC1
YBL056W	PTC3
YDR071C	PAA1
YBR125C	PTC4
YDR186C	YDR186C
YNL016W	PUB1
YJR138W	IML1
YIR001C	SGN1
YML117W	NAB6
YOR078W	BUD21
YHR169W	DBP8
YBL003C	HTA2
YGL171W	ROK1
YKL099C	UTP11
YNR054C	ESF2
YEL037C	RAD23
YER162C	RAD4
YER171W	RAD3
YIL128W	MET18
YDL185W	VMA1
YER095W	RAD51
YML032C	RAD52
YGL246C	RAI1
YOR048C	RAT1
YDL090C	RAM1
YKL019W	RAM2
YBR136W	MEC1
YNL312W	RFA2
YJR068W	RFC2
YOR217W	RFC1
YBR260C	RGD1
YGR196C	FYV8
YMR139W	RIM11
YBL093C	ROX3
YJR063W	RPA12
YFR028C	CDC14
YOR210W	RPB10
YOR224C	RPB8
YOL005C	RPB11
YGL070C	RPB9
YDL115C	IWR1
YGR063C	SPT4
YDR045C	RPC11
YNL330C	RPD3
YAL013W	DEP1
YNL097C	PHO23
YMR263W	SAP30
YIL084C	SDS3
YPL139C	UME1
YBR095C	RXT2
YMR075W	RCO1
YPL181W	CTI6
YFR031C-A	RPL2A
YBR084W	MIS1
YBR263W	SHM1
YGR232W	NAS6
YOR259C	RPT4
YLR421C	RPN13
YKL060C	FBA1
YDR005C	MAF1
YDL216C	RRI1
YDR179C	CSN9
YIL071C	PCI8
YMR025W	CSI1
YOL117W	RRI2
YLR398C	SKI2
YPR189W	SKI3
YOR014W	RTS1
YDR484W	VPS52
YDR027C	VPS54
YKR020W	VPS51
YJL080C	SCP160
YER120W	SCS2
YDR150W	NUM1
YHL020C	OPI1
YAR042W	SWH1
YDL019C	OSH2
YLR208W	SEC13
YKL057C	NUP120
YGL092W	NUP145
YDL116W	NUP84
YJR042W	NUP85
YPL085W	SEC16
YDL195W	SEC31
YGL100W	SEH1
YPR181C	SEC23
YPL094C	SEC62
YOR254C	SEC63
YBR171W	SEC66
YLR292C	SEC72
YDR170C	SEC7
YER081W	SER3
YIL074C	SER33
YGR250C	YGR250C
YGL194C	HOS2
YKR029C	SET3
YER068W	MOT2
YDL076C	RXT3
YDL042C	SIR2
YJL076W	NET1
YDR227W	SIR4
YGR192C	TDH3
YNL007C	SIS1
YDR171W	HSP42
YIL142W	CCT2
YGL197W	MDS3
YBL007C	SLA1
YJL201W	ECM25
YNL106C	INP52
YPR171W	BSP1
YHR016C	YSC84
YDL052C	SLC1
YDR088C	SLU7
YGR006W	PRP18
YDR189W	SLY1
YBL050W	SEC17
YKL196C	YKT6
YOR159C	SME1
YFL017W-A	SMX2
YIR009W	MSL1
YDR477W	SNF1
YER027C	GAL83
YER129W	SAK1
YDR028C	REG1
YDR422C	SIP1
YGL208W	SIP2
YGL115W	SNF4
YBR289W	SNF5
YNR023W	SNF12
YOR290C	SNF2
YHL025W	SNF6
YPL016W	SWI1
YJL176C	SWI3
YFL049W	SWP82
YPR069C	SPE3
YLR146C	SPE4
YAL009W	SPO7
YHR004C	NEM1
YGR075C	PRP38
YGR274C	TAF1
YGL112C	TAF6
YBR198C	TAF5
YPR133C	SPN1
YBR081C	SPT7
YDR448W	ADA2
YGR252W	GCN5
YPL254W	HFI1
YDR176W	NGG1
YOL148C	SPT20
YLR055C	SPT8
YMR236W	TAF9
YMR223W	UBP8
YCL010C	SGF29
YGL066W	SGF73
YPR088C	SRP54
YML105C	SEC65
YKL122C	SRP21
YAL005C	SSA1
YPL106C	SSE1
YML028W	TSA1
YLR005W	SSL1
YDR311W	TFB1
YNL025C	SSN8
YLR226W	BUR2
YPR161C	SGV1
YKL214C	YRA2
YPR086W	SUA7
YDL171C	GLT1
YBR086C	IST2
YMR005W	TAF4
YML015C	TAF11
YPL011C	TAF3
YDR145W	TAF12
YML098W	TAF13
YDR167W	TAF10
YMR227C	TAF7
YBR069C	TAT1
YJR077C	MIR1
YBR118W	TEF2
YPL048W	CAM1
YAL003W	EFB1
YHL034C	SBP1
YKL081W	TEF4
YBR025C	OLA1
YKL028W	TFA1
YPR056W	TFB4
YAL001C	TFC3
YDR362C	TFC6
YPL007C	TFC8
YCL037C	SRO9
YAL036C	RBG1
YBR117C	TKL2
YPR074C	TKL1
YOR194C	TOA1
YKL058W	TOA2
YPL152W	RRD2
YGR161C	RTS3
YPL203W	TPK2
YIL033C	BCY1
YKL166C	TPK3
YBR126C	TPS1
YDR074W	TPS2
YMR261C	TPS3
YML100W	TSL1
YER090W	TRP2
YKL211C	TRP3
YCR042C	TAF2
YML114C	TAF8
YLR212C	TUB4
YHR172W	SPC97
YNL126W	SPC98
YPR066W	UBA3
YPL003W	ULA1
YMR304W	UBP15
YLR436C	ECM30
YBL039C	URA7
YIL094C	LYS12
YLR180W	SAM1
YKR059W	TIF1
YBR127C	VMA2
YJR033C	RAV1
YHR039C-A	VMA10
YKL080W	VMA5
YLR447C	VMA6
YGR020C	VMA7
YPR036W	VMA13
YOR332W	VMA4
YEL051W	VMA8
YOR270C	VPH1
YNR006W	VPS27
YHL002W	HSE1
YHR012W	VPS29
YJL154C	VPS35
YPR173C	VPS4
YPL084W	BRO1
YLR025W	SNF7
YDL077C	VAM6
YGL095C	VPS45
YDR468C	TLG1
YOL018C	TLG2
YJL029C	VPS53
YLR337C	VRP1
YMR149W	SWP1
YAL027W	SAW1
YPL022W	RAD1
YML095C	RAD10
YAL034C	FUN19
YAL053W	FLC2
YAL026C	DRS2
YAR003W	SWD1
YLR015W	BRE2
YHR119W	SET1
YBR175W	SWD3
YDR469W	SDC1
YPL138C	SPP1
YBL032W	HEK2
YBL051C	PIN4
YBR216C	YBP1
YBR225W	YBR225W
YLR310C	CDC25
YPL266W	DIM1
YNL207W	RIO2
YOR145C	PNO1
YDR207C	UME6
YEL026W	SNU13
YLR221C	RSA3
YDR430C	CYM1
YER007C-A	TMA20
YJR014W	TMA22
YLR003C	CMS1
YMR284W	YKU70
YMR106C	YKU80
YLL013C	PUF3
YML124C	TUB3
YGR234W	YHB1
YHR121W	LSM12
YNL127W	FAR11
YMR052W	FAR3
YPL204W	HRR25
YNR046W	TRM112
YNR050C	LYS9
YML014W	TRM9
YOL124C	TRM11
YGR285C	ZUO1
YHR064C	SSZ1
YHR098C	SFB3
YLL001W	DNM1
YNL027W	CRZ1
YLR438W	CAR2
YDR200C	VPS64
YMR029C	FAR8
YFR008W	FAR7
YNL271C	BNI1
YGL210W	YPT32
YOR089C	VPS21
YML001W	YPT7
YFL005W	SEC4
YBR264C	YPT10
YFR015C	GSY1
YMR311C	GLC8
YML074C	FPR3
YDR130C	FIN1
YGL087C	MMS2
YDR092W	UBC13
YOR276W	CAF20
YMR001C	CDC5
YAL047C	SPC72
YIL026C	IRR1
YDR229W	IVY1
YMR028W	TAP42
YPL179W	PPQ1
YJL164C	TPK1
YFL033C	RIM15
YLR423C	ATG17
YDR356W	SPC110
YML057W	CMP2
YKL129C	MYO3
YJL141C	YAK1
YPL247C	YPL247C
YNL094W	APP1
YCR088W	ABP1
YDL192W	ARF1
YDL137W	ARF2
YKL210W	UBA1
YOR184W	SER1
YDL025C	RTK1
YHR009C	TDA3
YDR224C	HTB1
YKL190W	CNB1
YLR433C	CNA1
YLR293C	GSP1
YJR090C	GRR1
YDL132W	CDC53
YDR328C	SKP1
YJL128C	PBS2
YNR031C	SSK2
YER023W	PRO3
YOR319W	HSH49
YPL150W	YPL150W
YHR135C	YCK1
YOR177C	MPC54
YJR104C	SOD1
YDR388W	RVS167
YCR009C	RVS161
YCL039W	GID7
YMR135C	GID8
YDR255C	RMD5
YIL097W	FYV10
YGL227W	VID30
YIL017C	VID28
YIL131C	FKH1
YMR144W	YMR144W
YNL229C	URE2
YHR186C	KOG1
YDR436W	PPZ2
YDR480W	DIG2
YGR040W	KSS1
YDR313C	PIB1
YLL039C	UBI4
YDL100C	GET3
YGL020C	GET1
YER083C	GET2
YJL092W	SRS2
YDL101C	DUN1
YML093W	UTP14
YNL116W	DMA2
YNL311C	SKP2
YNL308C	KRI1
YJR074W	MOG1
YDR002W	YRB1
YGL220W	FRA2
YER174C	GRX4
YDR098C	GRX3
YLL029W	FRA1
YLR262C	YPT6
YDR137W	RGP1
YLR039C	RIC1
YLR216C	CPR6
YHR074W	QNS1
YFR014C	CMK1
YDL164C	CDC9
YBR088C	POL30
YPL031C	PHO85
YFL030W	AGX1
YIL050W	PCL7
YGR233C	PHO81
YDR412W	RRP17
YLL050C	COF1
YLR429W	CRN1
YOR229W	WTM2
YOR230W	WTM1
YOR283W	YOR283W
YJL026W	RNR2
YOL100W	PKH2
YPL004C	LSP1
YGR086C	PIL1
YJL044C	GYP6
YLR397C	AFG2
YNL175C	NOP13
YPL074W	YTA6
YBR217W	ATG12
YPR049C	ATG11
YIL095W	PRK1
YER052C	HOM3
YNL098C	RAS2
YOR101W	RAS1
YBR280C	SAF1
YNL141W	AAH1
YBR139W	YBR139W
YEL060C	PRB1
YCR084C	TUP1
YBR112C	CYC8
YPL194W	DDC1
YLR288C	MEC3
YPR111W	DBF20
YIL106W	MOB1
YBR080C	SEC18
YIL124W	AYR1
YKR067W	GPT2
YLL010C	PSR1
YOR043W	WHI2
YNL161W	CBK1
YDR488C	PAC11
YDR424C	DYN2
YIL046W	MET30
YOR370C	MRS6
YGL116W	CDC20
YJL013C	MAD3
YDR212W	TCP1
YER054C	GIP2
YLR258W	GSY2
YDR225W	HTA1
YMR092C	AIP1
YPR040W	TIP41
YHR115C	DMA1
YLR097C	HRT3
YJL149W	DAS1
YBR105C	VID24
YML058W	SML1
YGL004C	RPN14
YOR367W	SCP1
YPR143W	RRP15
YPR104C	FHL1
YDR174W	HMO1
YLR336C	SGD1
YKL103C	APE1
YOL082W	ATG19
YDL190C	UFD2
YMR276W	DSK2
YGR262C	BUD32
YML036W	CGI121
YLR238W	FAR10
YHR152W	SPO12
YER125W	RSP5
YGR136W	LSB1
YLR392C	ART10
YMR275C	BUL1
YPR119W	CLB2
YNL103W	MET4
YJL042W	MHP1
YNL099C	OCA1
YNL032W	SIW14
YNL004W	HRB1
YCL011C	GBP2
YNL056W	OCA2
YMR235C	RNA1
YLR233C	EST1
YIL156W	UBP7
YPL249C	GYP5
YGL058W	RAD6
YCR066W	RAD18
YKL021C	MAK11
YPR017C	DSS4
YFL009W	CDC4
YJL014W	CCT3
YJR064W	CCT5
YMR094W	CTF13
YGR218W	CRM1
YKL113C	RAD27
YLR199C	PBA1
YKL206C	ADD66
YKL108W	SLD2
YKL189W	HYM1
YHR102W	KIC1
YBR114W	RAD16
YJR052W	RAD7
YML064C	TEM1
YKL067W	YNK1
YAR019C	CDC15
YIL129C	TAO3
YFL034C-B	MOB2
YER173W	RAD24
YLR403W	SFP1
YLR248W	RCK2
YLR113W	HOG1
YLR096W	KIN2
YGR238C	KEL2
YML006C	GIS4
YML102W	CAC2
YPR018W	RLF2
YHR082C	KSP1
YBR083W	TEC1
YHR084W	STE12
YPL135W	ISU1
YCL017C	NFS1
YFR030W	MET10
YOR080W	DIA2
YBL023C	MCM2
YPR135W	CTF4
YEL032W	MCM3
YBR140C	IRA1
YLR215C	CDC123
YKR036C	CAF4
YDR188W	CCT6
YLR267W	BOP2
YDR131C	YDR131C
YML088W	UFO1
YOR057W	SGT1
YNL250W	RAD50
YMR224C	MRE11
YDR369C	XRS2
YHR030C	SLT2
YLR187W	SKG3
YOR220W	RCN2
YJL095W	BCK1
YPL140C	MKK2
YKL204W	EAP1
YPL161C	BEM4
YPL049C	DIG1
YLR362W	STE11
YDL159W	STE7
YER167W	BCK2
YPL115C	BEM3
YOR227W	HER1
YML115C	VAN1
YPL050C	MNN9
YDL059C	RAD59
YCL028W	RNQ1
YIL063C	YRB2
YIL104C	SHQ1
YMR201C	RAD14
YLR352W	YLR352W
YER062C	GPP2
YMR226C	YMR226C
YDR214W	AHA1
YLR340W	RPP0
YEL034W	HYP2
YOR027W	STI1
YIL113W	SDP1
YDL074C	BRE1
YPL055C	LGE1
YER093C	TSC11
YOL133W	HRT1
YPR164W	MMS1
YKR024C	DBP7
YER059W	PCL6
YER007W	PAC2
YGL213C	SKI8
YBR059C	AKL1
YJL187C	SWE1
YBR133C	HSL7
YPR030W	CSR2
YPL146C	NOP53
YIL079C	AIR1
YDR289C	RTT103
YLR335W	NUP2
YOR098C	NUP1
YGR202C	PCT1
YOR353C	SOG2
YPL046C	ELC1
YOR144C	ELG1
YBR205W	KTR3
YER161C	SPT2
YPR115W	RGC1
YOL113W	SKM1
YDL006W	PTC1
YGL156W	AMS1
YDR219C	MFB1
YJR022W	LSM8
YGR205W	TDA10
YDR260C	SWM1
YER089C	PTC2
YPL128C	TBF1
YER111C	SWI4
YLR006C	SSK1
YCR073C	SSK22
YGL090W	LIF1
YOR005C	DNL4
YPR093C	ASR1
YDR143C	SAN1
YMR022W	UBC7
YER100W	UBC6
YDR017C	KCS1
YFR017C	IGD1
YDR006C	SOK1
YPL032C	SVL3
YDR216W	ADR1
YDL117W	CYK3
YGL121C	GPG1
YGR092W	DBF2
YJL047C	RTT101
YDR386W	MUS81
YBR098W	MMS4
YIR005W	IST3
YGL174W	BUD13
YDR247W	VHS1
YBL066C	SEF1
YNL053W	MSG5
YBL016W	FUS3
YFR011C	MIC19
YDR306C	YDR306C
YJR053W	BFA1
YOL087C	DUF1
YOR212W	STE4
YHR005C	GPA1
YDR128W	MTC5
YEL062W	NPR2
YOR368W	RAD17
YOL061W	PRS5
YNL199C	GCR2
YHL011C	PRS3
YER132C	PMD1
YER099C	PRS2
YGL097W	SRM1
YGL003C	CDH1
YER179W	DMC1
YER020W	GPA2
YLR247C	IRC20
YHR114W	BZZ1
YOR018W	ROD1
YOR267C	HRK1
YDL200C	MGT1
YGR184C	UBR1
YBR082C	UBC4
YKL010C	UFD4
YOR329C	SCD5
YLR430W	SEN1
YGL158W	RCK1
YDR030C	RAD28
YDR267C	CIA1
YNL093W	YPT53
YLL040C	VPS13
YOL016C	CMK2
YIL066C	RNR3
YER070W	RNR1
YKR082W	NUP133
YDR490C	PKH1
YLR016C	PML1
YNL088W	TOP2
YLR320W	MMS22
YHR154W	RTT107
YBR195C	MSI1
YGR052W	FMP48
YER117W	RPL23B
YPL131W	RPL5
YPR120C	CLB5
YLR442C	SIR3
YJR017C	ESS1
YKR101W	SIR1
YNL227C	JJJ1
YPR160W	GPH1
YDR162C	NBP2
YAL017W	PSK1
YMR117C	SPC24
YER018C	SPC25
YOL006C	TOP1
YHR105W	YPT35
YBR010W	HHT1
YOR042W	CUE5
YBL078C	ATG8
YNR007C	ATG3
YKR007W	MEH1
YBR077C	SLM4
YDR016C	DAD1
YGL061C	DUO1
YDR140W	MTQ2
YDR201W	SPC19
YKR083C	DAD2
YHR122W	CIA2
YDR446W	ECM11
YFL059W	SNZ3
YMR095C	SNO1
YNL333W	SNZ2
YNL334C	SNO2
YKR037C	SPC34
YGL254W	FZF1
YGL154C	LYS5
YLR376C	PSY3
YIL132C	CSM2
YOR167C	RPS28A
YMR159C	ATG16
YBR270C	BIT2
YGL198W	YIP4
YDR084C	TVP23
YLR324W	PEX30
YDR479C	PEX29
YKL181W	PRS1
YMR032W	HOF1
YER144C	UBP5
YFL023W	BUD27
YNL258C	DSL1
YGL145W	TIP20
YGL161C	YIP5
YLR328W	NMA1
YGR010W	NMA2
YGR119C	NUP57
YIL008W	URM1
YHR111W	UBA4
YMR294W	JNM1
YHR129C	ARP1
YHR171W	ATG7
YIL007C	NAS2
YJL137C	GLG2
YJR102C	VPS25
YPL002C	SNF8
YKL008C	LAC1
YMR298W	LIP1
YGR061C	ADE6
YLR386W	VAC14
YOR023C	AHC1
YCR082W	AHC2
YPR185W	ATG13
YGL180W	ATG1
YPL149W	ATG5
YDR106W	ARP10
YMR055C	BUB2
YHR061C	GIC1
YOR026W	BUB3
YLR319C	BUD6
YGL015C	YGL015C
YDL220C	CDC13
YDR082W	STN1
YJL030W	MAD2
YDL135C	RDI1
YGL155W	CDC43
YDL017W	CDC7
YLR100W	ERG27
YLR128W	DCN1
YLR368W	MDM30
YGL249W	ZIP2
YLR245C	CDD1
YCR005C	CIT2
YGR108W	CLB1
YAL040C	CLN3
YNL047C	SLM2
YIR032C	DAL3
YIL150C	MCM10
YER016W	BIM1
YDR206W	EBS1
YOR180C	DCI1
YLR284C	ECI1
YBR176W	ECM31
YJR125C	ENT3
YOR111W	YOR111W
YJL019W	MPS3
YLR345W	YLR345W
YPL070W	MUK1
YOR375C	GDH1
YMR255W	GFD1
YNL233W	BNI4
YBR045C	GIP1
YIR006C	PAN1
YGL071W	AFT1
YPL059W	GRX5
YIL105C	SLM1
YOR185C	GSP2
YML121W	GTR1
YJL110C	GZF3
YER116C	SLX8
YPL201C	YIG1
YOR355W	GDS1
YHR185C	PFS1
YIL001W	YIL001W
YGL192W	IME4
YDR123C	INO2
YCL055W	KAR4
YDR122W	KIN1
YDR439W	LRS4
YCR086W	CSM1
YGR057C	LST7
YKL015W	PUT3
YPR046W	MCM16
YKL142W	MRP8
YDR335W	MSN5
YDR146C	SWI5
YML031W	NDC1
YDL088C	ASM4
YMR153W	NUP53
YGL221C	NIF3
YPL174C	NIP100
YIL144W	NDC80
YLR270W	DCS1
YOL069W	NUF2
YER105C	NUP157
YGL172W	NUP49
YOR269W	PAC1
YLR254C	NDL1
YGL134W	PCL10
YDL127W	PCL2
YHR160C	PEX18
YGR239C	PEX21
YGL215W	CLG1
YPL219W	PCL8
YDL179W	PCL9
YPL133C	RDS2
YBL105C	PKC1
YMR129W	POM152
YDR076W	RAD55
YPR165W	RHO1
YKR055W	RHO4
YJR094C	IME1
YHL018W	YHL018W
YDL081C	RPP1A
YGL189C	RPS26A
YLR435W	TSR2
YER131W	RPS26B
YLR264W	RPS28B
YBL025W	RRN10
YDL113C	ATG20
YJL025W	RRN7
YBL014C	RRN6
YMR270C	RRN9
YCR027C	RHB1
YOL083W	ATG34
YBR108W	AIM3
YGL175C	SAE2
YGL229C	SAP4
YDL212W	SHR3
YDR508C	GNP1
YDR139C	RUB1
YLR224W	YLR224W
YPR054W	SMK1
YFL029C	CAK1
YMR096W	SNZ1
YFL060C	SNO3
YHL022C	SPO11
YDR218C	SPR28
YLR082C	SRL2
YHR184W	SSP1
YCL032W	STE50
YJR086W	STE18
YBR188C	NTC20
YOR020C	HSP10
YKR062W	TFA2
YGR120C	COG2
YGR144W	THI4
YMR233W	TRI1
YEL021W	URA3
YNR012W	URK1
YDR020C	DAS2
YGL212W	VAM7
YMR053C	STB2
YOR106W	VAM3
YNL263C	YIF1
YPL246C	RBD2
YHR060W	VMA22
YOR132W	VPS17
YOR069W	VPS5
YLR417W	VPS36
YBR052C	RFS1
YDR032C	PST2
YBR228W	SLX1
YLR135W	SLX4
YCR004C	YCP4
YDL063C	SYO1
YLR098C	CHA4
YDL089W	NUR1
YJL036W	SNX4
YGR058W	PEF1
YDL239C	ADY3
YOL091W	SPO21
YDR026C	NSI1
YDR110W	FOB1
YDR051C	DET1
YDR132C	YDR132C
YJL218W	YJL218W
YDR279W	RNH202
YLR154C	RNH203
YFR042W	KEG1
YPR159W	KRE6
YFR047C	BNA6
YGL051W	MST27
YAR033W	MST28
YGR024C	THG1
YGR068C	ART5
YGR122W	YGR122W
YHL006C	SHU1
YDR078C	SHU2
YOR034C	AKR2
YJL048C	UBX6
YJL112W	MDV1
YJR024C	MDE1
YJR072C	NPA3
YLR243W	GPN3
YOR262W	GPN2
YJR136C	TTI2
YKL033W	TTI1
YBL010C	YBL010C
YKL052C	ASK1
YLL049W	LDB18
YNR069C	BSC5
YLL057C	JLP1
YLR315W	NKP2
YML053C	YML053C
YJR009C	TDH2
YML119W	YML119W
YLL032C	YLL032C
YMR068W	AVO2
YMR210W	YMR210W
YMR312W	ELP6
YOR047C	STD1
YKL001C	MET14
YNR004W	SWM2
YPL157W	TGS1
YNR068C	YNR068C
YOL111C	MDY2
YOR007C	SGT2
YOR138C	RUP1
YGR268C	HUA1
YNL086W	SNN1
YKL061W	BLI1
YNL091W	NST1
YKL075C	YKL075C
YNL164C	IBD2
YOR264W	DSE3
YOR036W	PEP12
YPR105C	COG4
YAL049C	AIM2
YPR152C	URN1
YBR194W	AIM4
RP23-63E8.1	Smad3
DADB-122G4.4	NELFE
RP13-122B23.3	NELFB
DADB-110M10.1	CLIC1
DAQB-195H10.5	ABHD16A
DAAP-218M18.2	RNF5
DADB-127H9.2	CSNK2B
DADB-26I14.6	ATP6V1G2
DAAP-385L22.4	TRIM39
RP1-28H20.1	TP53RK
RP3-423B22.2	MEAF6
RP4-756G23.4	L3MBTL2
CTD-2522E6.5	RBM10
RP5-1009E24.5	SPEF1
RP11-385F5.1	LGALS8
RP11-111L24.5	STK24
UNQ574/PRO1136	LNX1
RP11-124N14.1	VIM
RP4-696P19.1	MDFI
RP11-759L5.3	CTPS2
HCCS5	ZSCAN32
RP3-403A15.2	KIAA0408
AD-016	CCDC53
RP13-270L15.1	GPSM1
UNQ495/PRO1012	DNAJC10
RP3-422G23.1	HEBP2
TCAG7.847	CYTH3
RP11-317F20.1	ABLIM1
PSEC0156	SPP1
RP11-432M24.3	KPNA3
RP3-327J16.7	DNAL4
RP11-32F11.1	RFX3
RP13-297E16.1	AKAP17A
RP11-379J5.1	SEC23B
MDS032	USE1
BM-019	SPG21
HSPC131	CNOT2
XXBAC-BCX105G6.1	CNOT3
HRIHFB2115	UBA2
RP11-261P4.3	ASMTL
RP1-315G1.5	XIAP
CDABP0066	TRAPPC3
RP11-374F3.1	KATNAL1
RP11-178G16.3	VCL
RP5-915N17.1	TRIM17
RP4-545L17.1	PSMF1
AC002059.7	EWSR1
RP11-216B9.3	SET
CGI-128	FAM96B
RP11-575L7.1	HNRNPK
RP11-291O7.2	TEX11
UNQ200/PRO226	EFEMP2
RP11-512J14.1	DACH1
DAAP-182E11.3	TRIM27
RP1-261G23.6	MAD2L1BP
RP11-1114A5.1	RBMX
PP1845	HSPBP1
DAAP-66K18.3	EHMT2
RP11-47A8.1	SUFU
UNQ6496/PRO21356	LRSAM1
RP3-487J7.3	TRAF3IP2
RP4-747L4.3	ANKRD36BP1
Z97634.4-011	NME4
RP11-334J6.1	PRRC2B
AL022311.1	EIF3L
MDS015	NIF3L1
JM11	CCDC120
RP11-168O10.1	IFIT1
RP11-149I23.4	IFIT3
PRO0992	AIMP2
TCAG7.1178	IKZF1
HSPC092	AFF4
RP11-344N17.14-001	SSX4
HSPC189	ZNF581
RP11-108L7.8	LZTS2
RP13-26D14.6	ARR3
RP13-383K5.1	RBM41
RP1-240B8.3	KHDRBS2
SB115	CCDC130
HSPC142	BABAM1
RP4-580O19.1	ZSCAN20
RP5-1177I5.4	CDC42EP1
RP5-876A24.2	SEPT6
RP3-434P1.1	DDX17
PRO1608	EEF1G
UNQ6410	ENKD1
RP11-34F20.6	KCNRG
RP4-697E16.3	NASP
RP11-261N11.13-004	COL20A1
BM-015	MBIP
RP3-389A20.3	RAI2
RP11-243J18.1	YY1AP1
PIG40	DARS
FKSG19	PNKD
RP11-247I13.2	EIF4ENIF1
LA16C-313D11.2	WDR24
HSD5	CEP19
RP11-98F14.6	PCID2
RP11-489N22.2	ZBTB43
RP11-318L16.1	RCOR3
RP11-5P18.6	HSPB7
RP4-691N24.1	NINL
RP11-767N6.1	GPBP1L1
HCG_2009220	RAD54B
LP5125	NEU4
RP11-151A6.3	RPS26
RP1-112K5.2	TSR2
LUCA12.4	ZMYND10
LL22NC01-132D12.2	IFT27
HSPC034	HSPB11
RP5-955L16.1	RFX6
RP11-94L15.2	IKZF3
XX-FW88778H2.1	EMD
RP11-68I18.8	VPS72
UNQ6390/PRO21135	MRI1
CD003	BCL2L13
RP3-486I3.2	TSPYL4
CGI-122	GINS2
RP11-426L16.4	RHOC
HRIHFB2255	NOL4
CGI-68	LCMT1
RP3-434O14.6	DIEXF
RP11-30H12.3	NT5C2
PRO2640	RPS14
AD-004	TAF9
RP3-423B22.1	ZC3H12A
OK/SW-CL.84	FTH1
RP11-70P17.2	LDLRAP1
RP11-205M9.1	TPM3
CDA04	CHMP4A
RP11-90I7.1	ZC4H2
RP11-126K1.7	SELENBP1
KB-152G3.1	PARK2
UNQ239/PRO272	RCN3
RP1-178F15.1	S100A1
OK/SW-CL.103	RPL9
HSPC279	HACL1
HRIHFB2007	ZMIZ2
CGI-112	EMC9
RP1-41P2.9	RBFOX2
DAAP-112O13.2	TRIM31
PP1396	ADAMTSL4
DADB-100D22.1	RXRB
RP11-216L13.9	RABL6
HT032	ZFAND6
CGI-23	AAR2
BM-036	EAPP
RP1-147M19.1	DTNBP1
RP11-421P11.9	SMAD9
MSTP064	LIN37
RP11-574F21.1	DCAF8
FWP006	MORF4L1
PP784	MRFAP1L1
CGI-24	RWDD1
RP11-506B15.5	HYI
RP1-79P11.1	BEX2
RP3-423B22.3	SNIP1
RP1-5O6.1	CSNK1E
RP11-354A16.1	ILF2
CGI-32	CUTC
RP11-167N5.3	SH3GLB2
RP11-230F18.1	TFDP1
HCG_39321	TRIM69
CGI-46	RUVBL2
LL0XNC01-221F2.3	NXF3
RP5-886K2.6	GALE
DADB-129D20.6	MRPS18B
CGI-121	TPRKB
UNQ1896/PRO4342	IL36RN
HOYS6	CUEDC2
CTD-2267G17.3	XAGE2
UNQ310/PRO353	C1QTNF1
GIG31	RGS2
RP4-733M16.4	RSG1
RP11-30E16.2	CEP55
HCG_23393	SNX15
HSPC162	DYNLRB1
RP11-457D13.2	FAM124A
HUSSY-22	GLRX3
CUA001	CIAPIN1
RP11-180O5.1	HHLA3
RP11-284B18.5	MTMR8
PRO2249	MCM10
RP11-540N4.1	PRPS1
NBLA00127	CBLB
PP3898	XAB2
HSPC122	KLF12
HCG_2040046	GALT
RP11-618A20.2	ASS1
RP4-717M23.1	CSRP2BP
RP1-109F14.4	TEAD3
SB132	UBL7
RP11-108L7.1	SEMA4G
RP11-299N6.2	TCEA2
RP11-508D10.1	TDRD7
RP5-890O3.8	CPSF3L
RP5-1170K4.4	KCTD17
RP3-337H4.3	YIPF3
NBLA11189	YIPF4
RP5-1137F22.1	CBFA2T2
RP11-208F1.1	INVS
RP11-324E23.1	KIAA1217
PIG12	ZSCAN9
CGI-29	APIP
CDA03	DCTPP1
CTD-2248C21.1	GAGE2E
KL04P	TADA2A
PP13275	CALCOCO1
RP11-529I10.2	BTRC
RP11-730A19.1	OPTN
RP3-417I1.1	ZNF451
OK/SW-CL.3	SRSF1
RP13-383K5.2	NUP62CL
RP11-129O7.1	PRTFDC1
RP11-296E3.1	SNX7
RP4-596C15.2	NXT2
RP11-27I1.5	PSMD5
RP1-20N2.3	PEX3
RP11-151D14.2	ALDH1A1
RP5-889N15.3	PSMD10
RP11-49N14.8	S100A2
RP11-549L6.1	MXI1
RP11-149I2.1	CDKN2B
RP11-271K21.11	TFDP2
RP11-265F14.3	CASP9
RP11-84A14.1	CTNNBIP1
RP11-342C23.1	FBP1
DMEL_CG33957	cp309
DMEL_CG2009	bip2
DMEL_CG33261	Trl
DMEL_CG17291	Pp2A-29B
DMEL_CG7392	Cka
DMEL_CG33956	kay
RP11-175D17.2	GOLGA1
YDR159W	SAC3
YDR392W	SPT3
YBR111W-A	SUS1
YOL072W	THP1
YIR025W	MND2
YOR249C	APC5
YBL072C	RPS8A
YDL008W	APC11
YDR118W	APC4
YLR102C	APC9
YFR036W	CDC26
YDR163W	CWC15
YDR482C	CWC21
YMR168C	CEP3
YNL209W	SSB2
YOR148C	SPP2
YBR233W-A	DAD3
YDR320C-A	DAD4
YML071C	COG8
YER157W	COG3
YGL005C	COG7
YGL223C	COG1
YNL041C	COG6
YNL051W	COG5
YJR112W	NNF1
YGL093W	SPC105
YOR119C	RIO1
YGR100W	MDR1
YLR075W	RPL10
YPR102C	RPL11A
YKL180W	RPL17A
YBR048W	RPS11B
YDR064W	RPS13
YCR031C	RPS14A
YML024W	RPS17A
YDR447C	RPS17B
YDR450W	RPS18A
YML063W	RPS1B
YLR367W	RPS22B
YER074W	RPS24A
YNL178W	RPS3
YJR145C	RPS4A
YPL090C	RPS6A
YER102W	RPS8B
YBR189W	RPS9B
YLR441C	RPS1A
YKL018W	SWD2
YPL137C	GIP3
YGL238W	CSE1
YKL205W	LOS1
YDR283C	GCN2
YIL151C	ESL1
YDR310C	SUM1
YPL209C	IPL1
YJR089W	BIR1
YBR156C	SLI15
YIL133C	RPL16A
YHR010W	RPL27A
YLR325C	RPL38
YGL123W	RPS2
YOR096W	RPS7A
YIR026C	YVH1
YJR123W	RPS5
YPR166C	MRP2
YGR165W	MRPS35
Q0140	VAR1
YPL081W	RPS9A
YOR252W	TMA16
YIL069C	RPS24B
YDL153C	SAS10
YGL030W	RPL30
YCR020W-B	HTL1
YNL112W	DBP2
YOL040C	RPS15
YJL190C	RPS22A
YLL024C	SSA2
YGL153W	PEX14
YDR265W	PEX10
YMR026C	PEX12
YLR191W	PEX13
YNL214W	PEX17
YDR244W	PEX5
YGR077C	PEX8
YJL210W	PEX2
YLR323C	CWC24
YDR025W	RPS11A
YMR143W	RPS16A
YLL035W	GRC3
YKR063C	LAS1
YDL082W	RPL13A
YBR084C-A	RPL19A
YMR242C	RPL20A
YML073C	RPL6A
YLR448W	RPL6B
YGL076C	RPL7A
YHL033C	RPL8A
YIL096C	BMT5
YGL043W	DST1
YHR056C	RSC30
YLL026W	HSP104
YGR246C	BRF1
YGR056W	RSC1
YHR143W-A	RPC10
YMR039C	SUB1
YDR457W	TOM1
YOR257W	CDC31
YLR085C	ARP6
YBR231C	SWC5
YLR385C	SWC7
YNL059C	ARP5
YNL215W	IES2
YLR052W	IES3
YOR189W	IES4
YEL044W	IES6
YBL052C	SAS3
YDR073W	SNF11
YML041C	VPS71
YLR061W	RPL22A
YKL089W	MIF2
YKL049C	CSE4
YCR038C	BUD5
YJL157C	FAR1
YJL194W	CDC6
YEL030W	ECM10
YOR232W	MGE1
YGR098C	ESP1
YDR113C	PDS1
YLR369W	SSQ1
YDR217C	RAD9
YDR103W	STE5
YIL022W	TIM44
YKL114C	APN1
YKL164C	PIR1
YPL268W	PLC1
YBR037C	SCO1
Q0250	COX2
YER159C	BUR6
YNL309W	STB1
YDR085C	AFR1
YIL109C	SEC24
YPL242C	IQG1
YNL148C	ALF1
YML085C	TUB1
YBR158W	AMN1
YMR127C	SAS2
YDR181C	SAS4
YOR213C	SAS5
YBL008W	HIR1
YOR038C	HIR2
YGR097W	ASK10
YDL149W	ATG9
YLR431C	ATG23
YIL004C	BET1
YOL078W	AVO1
YNL006W	LST8
YKL203C	TOR2
YIL140W	AXL2
YKR099W	BAS1
YDL106C	PHO2
YOR373W	NUD1
YOR198C	BFR1
YPL269W	KAR9
YNR051C	BRE5
YER151C	UBP3
YBL097W	BRN1
YFR031C	SMC2
YLR086W	SMC4
YGR188C	BUB1
YGL086W	MAD1
YJR092W	BUD4
YHR072W-A	NOP10
YDR409W	SIZ1
YGL178W	MPT5
YDR054C	CDC34
YNL298W	CLA4
YLR103C	CDC45
YCL061C	MRC1
YNL273W	TOF1
YGL113W	SLD3
YJR046W	TAH11
YMR198W	CIK1
YPR141C	KAR3
YNL197C	WHI3
YCL016C	DCC1
YDR052C	DBF4
YOR046C	DBP5
YHR144C	DCD1
YJL065C	DLS1
YJL090C	DPB11
YGL222C	EDC1
YPL037C	EGD1
YHR193C	EGD2
YCR034W	ELO2
YDL015C	TSC13
YLR372W	ELO3
YOR033C	EXO1
YOR317W	FAA1
YBR041W	FAT1
YMR246W	FAA4
YNL068C	FKH2
YOR372C	NDD1
YDR373W	FRQ1
YBR179C	FZO1
YOR211C	MGM1
YOR178C	GAC1
YDR009W	GAL3
YML051W	GAL80
YNL062C	GCD10
YJL125C	GCD14
YHR079C	IRE1
YEL003W	GIM4
YNL166C	BNI5
YMR140W	SIP5
YBR050C	REG2
YKR030W	GMH1
YJR031C	GEA1
YDL035C	GPR1
YDL125C	HNT1
YBR182C	SMP1
YIL072W	HOP1
YLR263W	RED1
YGL033W	HOP2
YGL183C	MND1
YKL101W	HSL1
YGL253W	HXK2
YJL034W	KAR2
YLR095C	IOC2
YMR044W	IOC4
YPL253C	VIK1
YLR045C	STU2
YGR229C	SMI1
YJR066W	TOR1
YBR058C-A	TSC3
YBR202W	MCM7
YOL009C	MDM12
YLL006W	MMM1
YOR351C	MEK1
YPL169C	MEX67
YGL035C	MIG1
YLR035C	MLH2
YPL164C	MLH3
YJL183W	MNN11
YEL036C	ANP1
YDL028C	MPS1
YKL042W	SPC42
YDL154W	MSH5
YFL003C	MSH4
YDR277C	MTH1
YKL038W	RGT1
YJL020C	BBC1
YOR160W	MTR10
YKL186C	MTR2
YKR095W	MLP1
YAL020C	ATS1
YOR253W	NAT5
YGL013C	PDR1
YOL144W	NOP8
YNL183C	NPR1
YBR066C	NRG2
YLR093C	NYV1
YOR085W	OST3
YOR103C	OST2
YDL232W	OST4
YGL226C-A	OST5
YHR161C	YAP1801
YER149C	PEA2
YLL021W	SPA2
YDL065C	PEX19
YDR329C	PEX3
YIL160C	POT1
YOL001W	PHO80
YJR043C	POL32
YOR208W	PTP2
YLR032W	RAD5
YGR258C	RAD2
YPL096W	PNG1
YIL143C	SSL2
YNL216W	RAP1
YPL075W	GCR1
YDR202C	RAV2
YLR329W	REC102
YHR157W	REC104
YOR279C	RFM1
YNL064C	YDJ1
YGR180C	RNR4
YGL144C	ROG1
YDR156W	RPA14
YKL110C	KTI12
YKL125W	RRN3
YDR164C	SEC1
YPL232W	SSO1
YGR009C	SEC9
YOR327C	SNC2
YMR183C	SSO2
YGL233W	SEC15
YLR268W	SEC22
YDR498C	SEC20
YLR026C	SED5
YLR378C	SEC61
YAL030W	SNC1
YPR032W	SRO7
YML067C	ERV41
YMR197C	VTI1
YJL089W	SIP4
YIL153W	RRD1
YHR206W	SKN7
YNL167C	SKO1
YJL204C	RCY1
YGL098W	USE1
YOR075W	UFE1
YER143W	DDI1
YGL075C	MPS2
YJL143W	TIM17
YNR017W	TIM23
YDR086C	SSS1
YFL026W	STE2
YHL007C	STE20
YLR010C	TEN1
YBL034C	STU1
YAL014C	SYN8
YBL088C	TEL1
YHR005C-A	TIM10
YBR091C	TIM12
YEL020W-A	TIM9
YDL217C	TIM22
YLR008C	PAM18
YOR297C	TIM18
YJL054W	TIM54
YGR082W	TOM20
YNL131W	TOM22
YPR133W-A	TOM5
YNL299W	TRF5
YLR043C	TRX1
YDR470C	UGO1
YDL207W	GLE1
YHR077C	NMD2
YGR072W	UPF3
YDR323C	PEP7
YNL325C	FIG4
YCL063W	VAC17
YEL013W	VAC8
YPL234C	VMA11
YER072W	VTC1
YJL012C	VTC4
YMR077C	VPS20
YKL041W	VPS24
YCL008C	STP22
YPL065W	VPS28
YLR119W	SRN2
YKL002W	DID4
YJL053W	PEP8
YER087C-B	SBH1
YDR325W	YCG1
YLR272C	YCS4
YGR172C	YIP1
YOR064C	YNG1
YNL225C	CNM67
YNL304W	YPT11
YBR131W	CCZ1
YOL127W	RPL25
YER017C	AFG3
YMR089C	YTA12
YLR394W	CST9
YDR004W	RAD57
YDR285W	ZIP1
YPL255W	BBP1
YLR078C	BOS1
YKR086W	PRP16
YGL124C	MON1
YOR176W	HEM15
YLL003W	SFI1
YLR318W	EST2
YKL068W	NUP100
YBL071W-A	KTI11
YKL191W	DPH2
YIL103W	DPH1
YLR203C	MSS51
Q0045	COX1
YIL149C	MLP2
YJL039C	NUP192
YER107C	GLE2
YML103C	NUP188
YOR349W	CIN1
YFR034C	PHO4
YDR180W	SCC2
YJL085W	EXO70
YCR067C	SED4
YHL031C	GOS1
YKL006C-A	SFT1
YDR425W	SNX41
YPL124W	SPC29
YKL020C	SPT23
YLR181C	VTA1
YDR486C	VPS60
YNL044W	YIP3
YER050C	RSM18
YLR256W	HAP1
YPL248C	GAL4
YMR307W	GAS1
YKL073W	LHS1
YNL121C	TOM70
YIL065C	FIS1
YER154W	OXA1
YGR181W	TIM13
YJR135W-A	TIM8
YNL055C	POR1
YKL119C	VPH2
YML097C	VPS9
YER075C	PTP3
YNL020C	ARK1
YPR122W	AXL1
YPL218W	SAR1
YDR168W	CDC37
YDR309C	GIC2
YFL048C	EMP47
YBR101C	FES1
YMR232W	FUS2
YEL009C	GCN4
YDR358W	GGA1
YER040W	GLN3
YLR452C	SST2
YAL056W	GPB2
YKL109W	HAP4
YOR298C-A	MBF1
YPR019W	MCM4
YDR043C	NRG1
YER009W	NTF2
YBL079W	NUP170
YNL289W	PCL1
YML016C	PPZ1
YOR134W	BAG7
YDR389W	SAC7
YML043C	RRN11
YGR191W	HIP1
YER118C	SHO1
YKR039W	GAP1
YOL031C	SIL1
YOR109W	INP53
YMR017W	SPO20
YJL004C	SYS1
YKL034W	TUL1
YER005W	YND1
YPR028W	YOP1
YJR134C	SGM1
YNL297C	MON2
YBR164C	ARL1
YPL057C	SUR1
YBR036C	CSG2
YBR161W	CSH1
YJL106W	IME2
YDR456W	NHX1
YBL103C	RTG3
YOR344C	TYE7
YIL016W	SNL1
YDL229W	SSB1
YKL092C	BUD2
YDL226C	GCS1
YOR070C	GYP1
YNR026C	SEC12
YNL272C	SEC2
YLL017W	YLL017W
YNL281W	HCH1
YDL235C	YPD1
YIL147C	SLN1
YJR060W	CBF1
YMR043W	MCM1
YBL021C	HAP3
YCR092C	MSH3
YDL102W	POL3
YJR006W	POL31
YMR038C	CCS1
YLR131C	ACE2
YNL039W	BDP1
YIL159W	BNR1
YKL079W	SMY1
YNL188W	KAR1
YBR274W	CHK1
YKL074C	MUD2
YMR180C	CTL1
YGR140W	CBF2
YDR192C	NUP42
YGL016W	KAP122
YIR033W	MGA2
YNR049C	MSO1
YOR156C	NFI1
YPR052C	NHP6A
YOL043C	NTG2
YHR071W	PCL5
YGL205W	POX1
YGL163C	RAD54
YMR277W	FCP1
YIL118W	RHO3
YOR140W	SFL1
YJL127C	SPT10
YMR179W	SPT21
YGR185C	TYS1
YGL162W	SUT1
YLR176C	RFX1
YFL037W	TUB2
YOR265W	RBL2
YDR173C	ARG82
YMR042W	ARG80
YOR231W	MKK1
YLR177W	YLR177W
YBL085W	BOI1
YGR142W	BTN2
YCL014W	BUD3
YMR280C	CAT8
YIR017C	MET28
YCL051W	LRE1
YOL036W	YOL036W
YFL028C	CAF16
YOR127W	RGA1
YBR023C	CHS3
YBL061C	SKT5
YOR129C	AFI1
YBL031W	SHE1
YDL189W	RBS1
YMR124W	EPO1
YOR371C	GPB1
YJR084W	YJR084W
YKR034W	DAL80
YBR073W	RDH54
YNL186W	UBP10
YGR060W	ERG25
YGL001C	ERG26
YMR219W	ESC1
YDR363W	ESC2
YBR020W	GAL1
YIL045W	PIG2
YGL073W	HSF1
YJL073W	JEM1
YOR028C	CIN5
YLR265C	NEJ1
YDL240W	LRG1
YPR154W	PIN3
YCL034W	LSB5
YBR003W	COQ1
YIL173W	VTH1
YGL096W	TOS8
YHR034C	PIH1
YHR035W	NEL1
YNL050C	YNL050C
YMR021C	MAC1
YNL307C	MCK1
YAL038W	CDC19
YOL126C	MDH2
YJR021C	REC107
YER044C-A	MEI4
YPL038W	MET31
YDR253C	MET32
YLR332W	MID2
YOL109W	ZEO1
YDL194W	SNF3
YLR457C	NBP1
YBR034C	HMT1
YGR178C	PBP1
YBR233W	PBP2
YGR241C	YAP1802
YOR153W	PDR5
YGR222W	PET54
YER153C	PET122
YOL147C	PEX11
YPL112C	PEX25
YHR150W	PEX28
YBR168W	PEX32
YOR122C	PFY1
YBR173C	UMP1
YPL122C	TFB2
YJL173C	RFA3
YMR133W	REC114
YNL090W	RHO2
YPL089C	RLM1
YOR294W	RRS1
YIR011C	STS1
YFL036W	RPO41
YMR228W	MTF1
YHR031C	RRM3
YMR192W	GYL1
YMR287C	DSS1
YGL060W	YBP2
YLR301W	HRI1
YMR059W	SEN15
YAR008W	SEN34
YLR105C	SEN2
YPL083C	SEN54
YNL049C	SFB2
YNL257C	SIP3
YLR313C	SPH1
YER103W	SSA4
YCL029C	BIK1
YHR174W	ENO2
YLR309C	IMH1
YGR249W	MGA1
YCR028C-A	RIM1
YIR015W	RPR2
YOR193W	PEX27
YDL053C	PBP4
YLR393W	ATP10
Q0085	ATP6
YBL099W	ATP1
Q0130	OLI1
YPL078C	ATP4
Q0080	ATP8
YLR024C	UBR2
YHL027W	RIM101
YOR275C	RIM20
YOR284W	HUA2
YER124C	DSE1
YOR188W	MSB1
YNL293W	MSB3
YOL112W	MSB4
YLR144C	ACF2
YJR083C	ACF4
YCR059C	YIH1
YCL027W	FUS1
YLR330W	CHS5
YHR042W	NCP1
YOR032C	HMS1
YIR038C	GTT1
YLL060C	GTT2
YKL117W	SBA1
YML099C	ARG81
YOR195W	SLK19
YOL067C	RTG1
YAL051W	OAF1
YOR363C	PIP2
YPL167C	REV3
YIL139C	REV7
YLR178C	TFS1
YOL081W	IRA2
YML027W	YOX1
YBR275C	RIF1
YLR141W	RRN5
YDL020C	RPN4
YPL180W	TCO89
YCR097W	HMRA1
YCR039C	MATALPHA2
YGR217W	CCH1
YNL291C	MID1
YMR260C	TIF11
YIL031W	ULP2
YKR010C	TOF2
YOR281C	PLP2
YDL227C	HO
YPR007C	REC8
YJR032W	CPR7
YJL058C	BIT61
YDR264C	AKR1
YDR440W	DOT1
YNL031C	HHT2
YBR089C-A	NHP6B
YBL019W	APN2
YDR419W	RAD30
YPL116W	HOS3
YKL185W	ASH1
YLL009C	COX17
YMR048W	CSM3
YBR239C	ERT1
YNL238W	KEX2
YJL177W	RPL17B
YDR485C	VPS72
YAL011W	SWC3
YPR193C	HPA2
YDL161W	ENT1
YLR206W	ENT2
YGL008C	PMA1
YLR259C	HSP60
YDL044C	MTF2
YKL112W	ABF1
YNL076W	MKS1
YOL013C	HRD1
YBR290W	BSD2
YDR382W	RPP2B
YPL220W	RPL1A
YNL145W	MFA2
YDL184C	RPL41A
YJL104W	PAM16
YML054C	CYB2
YJR075W	HOC1
YGL164C	YRB30
YLR360W	VPS38
YLR240W	VPS34
YBR097W	VPS15
Q0275	COX3
YDL058W	USO1
YDR129C	SAC6
YDL120W	YFH1
YNL223W	ATG4
YFL016C	MDJ1
YBR258C	SHG1
YPL008W	CHL1
YFR027W	ECO1
YDR363W-A	SEM1
YLR094C	GIS3
YFR019W	FAB1
YCL043C	PDI1
YML130C	ERO1
YLR116W	MSL5
YDL095W	PMT1
YAL023C	PMT2
YJR143C	PMT4
YGL006W	PMC1
YDR023W	SES1
YNL037C	IDH1
YOR136W	IDH2
YGR080W	TWF1
YMR012W	CLU1
YPL147W	PXA1
YKL188C	PXA2
YHR072W	ERG7
YHR195W	NVJ1
YEL005C	VAB2
YLR150W	STM1
YNL087W	TCB2
YOR086C	TCB1
YML072C	TCB3
YFL031W	HAC1
YKR035W-A	DID2
YDR069C	DOA4
YLR188W	MDL1
YDR153C	ENT5
YGL103W	RPL28
YAL042W	ERV46
YPR080W	TEF1
YNL230C	ELA1
YMR054W	STV1
YLL042C	ATG10
YGR132C	PHB1
YGR231C	PHB2
YER032W	FIR1
YDR320C	SWA2
YER044C	ERG28
YOR065W	CYT1
YKR066C	CCP1
YNL210W	MER1
YIR021W	MRS1
YGR085C	RPL11B
YBL068W	PRS4
YMR067C	UBX4
YBR273C	UBX7
YML055W	SPC2
YOR295W	UAF30
YKR084C	HBS1
YNL001W	DOM34
YLR080W	EMP46
YEL027W	VMA3
YHR026W	VMA16
YLR246W	ERF2
YOL110W	SHR5
YGR214W	RPS0A
YKR057W	RPS21A
YPL198W	RPL7B
YPR094W	RDS3
YNR038W	DBP6
YJR070C	LIA1
YHR068W	DYS1
YNL329C	PEX6
YOL044W	PEX15
YKL154W	SRP102
YDR292C	SRP101
YDR231C	COX20
YIR012W	SQT1
YEL022W	GEA2
YKL048C	ELM1
YDR245W	MNN10
YML132W	COS3
YLR138W	NHA1
YML129C	COX14
YJL093C	TOK1
YKR091W	SRL3
YPL014W	YPL014W
YPL267W	ACM1
YML013W	UBX2
YKR001C	VPS1
YDL178W	DLD2
YPL047W	SGF11
YPL155C	KIP2
YGR014W	MSB2
YLR190W	MMR1
YOR083W	WHI5
YMR301C	ATM1
YDL091C	UBX3
YDR330W	UBX5
YOR324C	FRT1
YHR083W	SAM35
YMR060C	SAM37
YNL026W	SAM50
YPR118W	MRI1
YIL019W	FAF1
YIL002C	INP51
YKR019C	IRS4
YHR178W	STB5
YOR162C	YRR1
YDR423C	CAD1
YMR243C	ZRC1
YJR082C	EAF6
YGL127C	SOH1
YLL018C-A	COX19
YPR073C	LTP1
YOR330C	MIP1
YDR077W	SED1
YNL136W	EAF7
YML008C	ERG6
YJR041C	URB2
YOR301W	RAX1
YLR353W	BUD8
YGR041W	BUD9
YDR079C-A	TFB5
YER158C	YER158C
YJR056C	YJR056C
YDL146W	LDB17
YAL031C	GIP4
YKL105C	SEG2
YPR008W	HAA1
YNL152W	INN1
YOR247W	SRL1
YML035C	AMD1
YLR064W	PER33
YMR071C	TVP18
YOR197W	MCA1
YIL108W	YIL108W
YIR004W	DJP1
YAL062W	GDH3
YLR223C	IFH1
YDR223W	CRF1
YMR237W	BCH1
YHR127W	YHR127W
YHR194W	MDM31
YOR147W	MDM32
YPL239W	YAR1
YEL065W	SIT1
YOR191W	ULS1
YHR134W	WSS1
YKL032C	IXR1
YGL026C	TRP5
YNL042W	BOP3
YLR350W	ORM2
YMR111C	YMR111C
Q0115	BI3
YMR076C	PDS5
YBR172C	SMY2
YDL181W	INH1
YKR054C	DYN1
YHL010C	ETP1
YGR089W	NNF2
YKL179C	COY1
YIL138C	TPM2
YDR379W	RGA2
YJL113W	YJL113W
YEL043W	YEL043W
YEL061C	CIN8
YGR130C	YGR130C
YJR035W	RAD26
YMR065W	KAR5
YGR059W	SPR3
YFR029W	PTR3
YHR015W	MIP6
YDR322C-A	TIM11
YNL069C	RPL16B
YDR377W	ATP17
YFR046C	CNN1
YLR249W	YEF3
YLR109W	AHP1
YDR298C	ATP5
YFR022W	ROG3
YKL035W	UGP1
YPL091W	GLR1
YBR072W	HSP26
YIR018W	YAP5
YDR520C	URC2
YIL122W	POG1
YLR450W	HMG2
YPL125W	KAP120
YMR258C	ROY1
YPL249C-A	RPL36B
YKL016C	ATP7
YML081C-A	ATP18
YPR020W	ATP20
YJL180C	ATP12
YNL315C	ATP11
YJR121W	ATP2
YNR001C	CIT1
YKL085W	MDH1
YJL100W	LSB6
YCL009C	ILV6
YMR108W	ILV2
YLR027C	AAT2
YNL259C	ATX1
YDR270W	CCC2
YLR210W	CLB4
YML042W	CAT2
YCR060W	TAH1
YAR015W	ADE1
YDR300C	PRO1
YDR533C	HSP31
YJL008C	CCT8
YJL172W	CPS1
YNL096C	RPS7B
YPR201W	ARR3
YBR106W	PHO88
YCR012W	PGK1
YDL199C	YDL199C
YER091C	MET6
YFL011W	HXT10
YIL148W	RPL40A
YMR070W	MOT3
YKL138C-A	HSK3
YBR110W	ALG1
YOL096C	COQ3
YDR204W	COQ4
YLR455W	PDP3
YKL212W	SAC1
YPR183W	DPM1
YOR124C	UBP2
YPL024W	RMI1
YGR033C	TIM21
YBL102W	SFT2
YNR039C	ZRG17
YDR205W	MSC2
YER033C	ZRG8
YGR175C	ERG1
YHR007C	ERG11
YMR202W	ERG2
YLR056W	ERG3
YDR233C	RTN1
YDL204W	RTN2
YEL054C	RPL12A
YDR418W	RPL12B
YGR105W	VMA21
YMR204C	INP1
YLR440C	SEC39
YPL215W	CBP3
YGR174C	CBP4
YDL143W	CCT4
YLL018C	DPS1
YHR183W	GND1
YPR033C	HTS1
YDL131W	LYS21
YOL120C	RPL18A
YKL160W	ELF1
YDL080C	THI3
YBR240C	THI2
YNL206C	RTT106
YOR091W	TMA46
YER019C-A	SBH2
YKR065C	PAM17
YOR346W	REV1
YGR209C	TRX2
YPR167C	MET16
YER042W	MXR1
YJR099W	YUH1
YLR207W	HRD3
YPL187W	MF(ALPHA)1
YPL019C	VTC3
YFL004W	VTC2
YJL035C	TAD2
YLR316C	TAD3
YDL078C	MDH3
YMR164C	MSS11
YER109C	FLO8
YNL310C	ZIM17
YHR124W	NDT80
YJL084C	ALY2
YKL126W	YPK1
YMR216C	SKY1
YOR347C	PYK2
YDL122W	UBP1
YKR094C	RPL40B
YLR167W	RPS31
YOL045W	PSK2
YER041W	YEN1
YMR165C	PAH1
YHR205W	SCH9
YMR104C	YPK2
YOR066W	MSA1
YLR183C	TOS4
YBR038W	CHS2
YLR035C-A	YLR035C-A
YDR501W	PLM2
YMR036C	MIH1
YNR047W	FPK1
YCR065W	HCM1
YBR138C	YBR138C
YOR315W	SFG1
YOR081C	TGL5
YKR090W	PXL1
YPR174C	YPR174C
YDR093W	DNF2
YAL028W	FRT2
YJR059W	PTK2
YIL101C	XBP1
YGR035C	YGR035C
YPL121C	MEI5
YHR079C-A	SAE3
YKL197C	PEX1
YNL079C	TPM1
YLR295C	ATP14
YPL271W	ATP15
YDL004W	ATP16
YBR039W	ATP3
YDL201W	TRM8
YDR165W	TRM82
YMR264W	CUE1
YDL092W	SRP14
YGL225W	VRG4
YIR022W	SEC11
YJR010C-A	SPC1
YDR483W	KRE2
YIL111W	COX5B
YMR256C	COX7
YLR395C	COX8
YDR011W	SNQ2
YGR284C	ERV29
YCL001W	RER1
YKL140W	TGL1
YBR177C	EHT1
YKL094W	YJU3
YGL038C	OCH1
YGR255C	COQ6
YAL019W	FUN30
YDR252W	BTT1
YAL061W	BDH2
YAL060W	BDH1
YAR071W	PHO11
YBR093C	PHO5
YMR072W	ABF2
YOR058C	ASE1
YBR215W	HPC2
YPR031W	NTO1
YBL067C	UBP13
YBR030W	RKM3
YLR244C	MAP1
YDR059C	UBC5
YDL130W	RPP1B
YBR094W	PBY1
YBR159W	IFA38
YJL123C	MTC1
YBR169C	SSE2
YBR218C	PYC2
YGL062W	PYC1
YBR229C	ROT2
YDR221W	GTB1
YBR268W	MRPL37
YDL202W	MRPL11
YCR043C	YCR043C
YPL173W	MRPL40
YCR076C	FUB1
YLR139C	SLS1
YBR283C	SSH1
YKL054C	DEF1
YDL182W	LYS20
YCR016W	YCR016W
YDR022C	ATG31
YOL063C	CRT10
YDR141C	DOP1
YPR035W	GLN1
YPL154C	PEP4
YDR353W	TRR1
YHR106W	TRR2
YDR357C	CNL1
YHR065C	RRP3
YDR397C	NCB2
YDR453C	TSA2
YPR169W	JIP5
YDR502C	SAM2
YDR515W	SLF1
YDR517W	GRH1
YDL099W	BUG1
YJL179W	PFD1
YGL079W	KXD1
YLR408C	BLS1
YER048W-A	ISD11
YKL192C	ACP1
YDR494W	RSM28
YNL081C	SWS2
YER078C	ICP55
YDR226W	ADK1
YER086W	ILV1
YER098W	UBP9
YCR073W-A	SOL2
YDR475C	JIP4
YLR028C	ADE16
YGL181W	GTS1
YMR086W	SEG1
YFL044C	OTU1
YKR058W	GLG1
YPR184W	GDB1
YFR048W	RMD8
YGL014W	PUF4
YGL141W	HUL5
YGL108C	YGL108C
YGL110C	CUE3
YKR023W	YKR023W
YGL125W	MET13
YPL023C	MET12
YKL023W	YKL023W
YDL176W	YDL176W
YFR053C	HXK1
YGR071C	ENV11
YNR024W	MPP6
YMR031C	EIS1
YJR011C	YJR011C
YGR170W	PSD2
YNL264C	PDR17
YGR206W	MVB12
YGR237C	YGR237C
YIL154C	IMP2
YHL029C	OCA5
YCR095C	OCA4
YDR312W	SSF2
YHR131C	YHR131C
YHR146W	CRP1
YMR297W	PRC1
YGR256W	GND2
YHR204W	MNL1
YIL051C	MMF1
YIL091C	UTP25
YIL098C	FMC1
YIL135C	VHS2
YIL137C	TMA108
YGR204W	ADE3
YIL161W	YIL161W
YJL070C	YJL070C
YJL146W	IDS2
YJL155C	FBP26
YJR047C	ANB1
YPR045C	THP3
YJR109C	CPA2
YOR303W	CPA1
YKL047W	ANR2
YKL056C	TMA19
YKL078W	DHR2
YGR251W	NOP19
YKR027W	BCH2
YKR071C	DRE2
YPR048W	TAH18
YKR092C	SRP40
YLL002W	RTT109
YNL246W	VPS75
YLL027W	ISA1
YKL040C	NFU1
YLR022C	SDO1
YNL163C	RIA1
YMR120C	ADE17
YNL072W	RNH201
YJL130C	URA2
YLR239C	LIP2
YAL044C	GCV3
YPL226W	NEW1
YOR173W	DCS2
YOR304C-A	BIL1
YLR333C	RPS25B
YLR354C	TAL1
YGR043C	NQM1
YLR373C	VID22
YLR407W	YLR407W
YPL166W	ATG29
YML017W	PSP2
YGL068W	MNP1
YMR014W	BUD22
YGR271C-A	EFG1
YMR079W	SEC14
YHR076W	PTC7
YGL242C	YGL242C
YCR047C	BUD23
YMR169C	ALD3
YMR170C	ALD2
YMR173W	DDR48
YDL066W	IDP1
YDL048C	STP4
YJR139C	HOM6
YNR022C	MRPL50
YEL050C	RML2
YMR214W	SCJ1
YMR259C	TRM732
YNL085W	MKT1
YNL104C	LEU4
YOR108W	LEU9
YNL155W	CUZ1
YNL162W	RPL42A
YNL177C	MRPL22
YNL255C	GIS2
YNR034W	SOL1
YNR036C	MRPS12
YOL088C	MPD2
YPR117W	YPR117W
YBR137W	YBR137W
YOR142W	LSC1
YGR244C	LSC2
YOR168W	GLN4
YNL015W	PBI2
YOR196C	LIP5
YPL009C	TAE2
YPL105C	SYH1
YPL144W	POC4
YLR021W	IRC25
YPL160W	CDC60
YPL231W	FAS2
YKL182W	FAS1
YNL265C	IST1
YBR166C	TYR1
YCR003W	MRPL32
YDR169C	STB3
YJL052W	TDH1
YOR133W	EFT1
YDR532C	KRE28
YOR293W	RPS10A
YMR100W	MUB1
YJL023C	PET130
YLR312W-A	MRPL15
YML106W	URA5
YMR271C	URA10
YMR098C	ATP25
YMR064W	AEP1
YNL286W	CUS2
YOR164C	GET4
YOR322C	LDB19
YPR116W	RRG8
YDR065W	RRG1
YLL033W	IRC19
YLR091W	GEP5
YDL055C	PSA1
YDL112W	TRM3
YFL045C	SEC53
YLR153C	ACS2
YKL104C	GFA1
YKL029C	MAE1
YGL167C	PMR1
YOR352W	TFB6
YGL031C	RPL24A
YKL157W	APE2
YPL206C	PGC1
YJL111W	CCT7
YNL212W	VID27
YPR112C	MRD1
YDL018C	ERP3
YHR110W	ERP5
YPL061W	ALD6
YHR019C	DED81
YHR020W	YHR020W
YDR012W	RPL4B
YMR142C	RPL13B
YMR194W	RPL36A
YGL234W	ADE5,7
YMR230W	RPS10B
YHL015W	RPS20
YPL143W	RPL33A
YDL075W	RPL31A
YLR029C	RPL15A
YER139C	RTR1
YJL191W	RPS14B
YLR048W	RPS0B
YFL034W	YFL034W
YBR121C	GRS1
YMR121C	RPL15B
YHR128W	FUR1
YKL152C	GPM1
YJL099W	CHS6
YOR299W	BUD7
YJR132W	NMD5
YDR068W	DOS2
YLR172C	DPH5
YDL033C	SLM3
DMEL_CG2038	CSN7
DMEL_CG9556	alien
YML107C	PML39
YIL009C-A	EST3
YLR410W	VIP1
YMR200W	ROT1
YGL018C	JAC1
YPL176C	TRE1
YMR163C	INP2
YNL123W	NMA111
YMR058W	FET3
YER145C	FTR1
YPR075C	OPY2
SPCC4F11.02	ptc1
SPAC24B11.06C	sty1
SPBC216.05	rad3
SPAC9E9.08	rad26
SPCC1259.13	chk1
SPCC18B5.11C	cds1
SPCC4G3.05C	mus81
SPAC821.12	orb6
SPCC970.04C	mob2
YKL062W	MSN4
YOL039W	RPP2A
YBL006C	LDB7
YLR344W	RPL26A
DMEL_CG9151	acj6
DMEL_CG10037	vvl
DMEL_CG8573	su(Hw)
DMEL_CG32491	mod(mdg4)
DMEL_CG3504	inaD
DMEL_CG7875	trp
DMEL_CG3936	N
DMEL_CG16901	sqd
DMEL_CG10377	Hrb27C
DMEL_CG12749	Hrb87F
DMEL_CG9983	Hrb98DE
DMEL_CG6203	Fmr1
DMEL_CG7439	AGO2
DMEL_CG6671	AGO1
DMEL_CG4792	Dcr-1
DMEL_CG5263	smg
DMEL_CG5595	Sce
DMEL_CG3134	ord
DMEL_CG30149	rig
DMEL_CG33183	Hr46
DMEL_CG4380	usp
DMEL_CG11502	svp
DMEL_CG1765	EcR
DMEL_CG13387	emb
DMEL_CG3820	Nup214
DMEL_CG5444	Taf4
DMEL_CG17603	Taf1
DMEL_CG11561	smo
DMEL_CG1708	cos
DMEL_CG3848	trr
DMEL_CG4919	Gclm
DMEL_CG2259	Gclc
DMEL_CG4817	Ssrp
DMEL_CG10701	Moe
DMEL_CG1828	dre4
DMEL_CG10572	Cdk8
DMEL_CG2411	ptc
DMEL_CG5504	l(2)tid
DMEL_CG8418	Ric
DMEL_CG4141	Pi3K92E
DMEL_CG2699	Pi3K21B
DMEL_CG4550	ninaE
DMEL_CG18402	InR
DMEL_CG10718	neb
DMEL_CG14941	esc
DMEL_CG5109	Pcl
DMEL_CG8013	Su(z)12
DMEL_CG6502	E(z)
DMEL_CG6518	inaC
DMEL_CG7471	Rpd3
DMEL_CG3620	norpA
DMEL_CG7100	CadN
DMEL_CG3169	Spt3
DMEL_CG6474	e(y)1
DMEL_CG33554	Nipped-A
DMEL_CG43663	Ada2a
DMEL_CG2859	Taf10
DMEL_CG17228	pros
DMEL_CG12249	mira
DMEL_CG7771	sim
DMEL_CG11987	tgo
DMEL_CG42865	trh
DMEL_CG1560	mys
DMEL_CG8095	scb
DMEL_CG10637	Nak
DMEL_CG3779	numb
DMEL_CG4236	Caf1
DMEL_CG8625	Iswi
DMEL_CG5020	CLIP-190
DMEL_CG5695	jar
DMEL_CG1775	Med
DMEL_CG1783	Slip1
DMEL_CG10693	slo
DMEL_CG43756	Slob
DMEL_CG3954	csw
DMEL_CG1044	dos
DMEL_CG7793	Sos
DMEL_CG9695	Dab
DMEL_CG18085	sev
DMEL_CG2647	per
DMEL_CG2048	dco
DMEL_CG4634	Nurf-38
DMEL_CG6556	cnk
DMEL_CG2845	phl
DMEL_CG5814	CycB3
DMEL_CG6494	h
DMEL_CG12283	kek1
DMEL_CG10079	Egfr
DMEL_CG17870	14-3-3zeta
DMEL_CG1966	Acf1
DMEL_CG10295	Pak
DMEL_CG10610	ECSIT
DMEL_CG15862	Pka-R2
DMEL_CG13388	Akap200
DMEL_CG12230	car
DMEL_CG3093	dor
DMEL_CG8416	Rho1
DMEL_CG9774	Rok
DMEL_CG8208	MBD-like
DMEL_CG4201	ird5
DMEL_CG4494	smt3
DMEL_CG2956	twi
DMEL_CG5123	W
DMEL_CG12284	th
DMEL_CG4319	rpr
DMEL_CG7788	Ice
DMEL_CG8091	Nc
DMEL_CG18740	mor
DMEL_CG7803	z
DMEL_CG5942	brm
DMEL_CG7055	dalao
DMEL_CG6546	Bap55
DMEL_CG6884	MED11
DMEL_CG7957	MED17
DMEL_CG9473	MED6
DMEL_CG3034	MED22
DMEL_CG17183	MED30
DMEL_CG8609	MED4
DMEL_CG5748	Hsf
DMEL_CG31256	Brf
DMEL_CG7562	Trf
DMEL_CG13399	Chrac-14
DMEL_CG15736	Chrac-16
DMEL_CR31400	Hsromega
DMEL_CG8293	Iap2
DMEL_CG1274	Jafrac2
DMEL_CG16910	key
DMEL_CG4170	vig
DMEL_CG3658	CDC45L
DMEL_CG1616	dpa
DMEL_CG4063	ebi
DMEL_CG5637	nos
DMEL_CG12021	Patj
DMEL_CG6383	crb
DMEL_CG7726	RpL11
DMEL_CG3157	gammaTub23C
DMEL_CG3917	Grip84
DMEL_CG10988	Grip91
DMEL_CG5688	Grip163
DMEL_CG6315	fl(2)d
DMEL_CG7935	msk
DMEL_CG10719	brat
DMEL_CG18009	Trf2
DMEL_CG5838	Dref
DMEL_CG3166	aop
DMEL_CG15085	edl
DMEL_CG17077	pnt
DMEL_CG13521	robo
DMEL_CG43758	sli
DMEL_CG9765	tacc
DMEL_CG18582	mbt
DMEL_CG12530	Cdc42
DMEL_CG12225	Spt6
DMEL_CG3931	Rrp4
DMEL_CG7292	Rrp6
DMEL_CG8601	mus312
DMEL_CG1034	bcd
DMEL_CG6046	Bin1
DMEL_CG4824	BicC
DMEL_CG10868	orb
DMEL_CG32443	Pc
DMEL_CG31762	aret
DMEL_CG17484	p120ctn
DMEL_CG3722	shg
DMEL_CG8912	Psi
DMEL_CG8749	snRNP-U1-70K
DMEL_CG2671	l(2)gl
DMEL_CG32346	E(bx)
DMEL_CG4057	tamo
DMEL_CG7815	Ran-like
DMEL_CG1404	Ran
DMEL_CG10385	msl-1
DMEL_CG7103	Pvf1
DMEL_CG8222	Pvr
DMEL_CG17348	drl
DMEL_CG6407	Wnt5
DMEL_CG11312	insc
DMEL_CG42278	corn
DMEL_CG3653	kirre
DMEL_CG32096	rols
DMEL_CG32717	sdt
DMEL_CG44746	rdgC
DMEL_CG1200	Aplip1
DMEL_CG4353	hep
DMEL_CG7727	Appl
DMEL_CG2041	lgs
DMEL_CG11518	pygo
YGR028W	MSP1
YIL167W	SDL1
YML048W	GSF2
YIL053W	GPP1
YCR075C	ERS1
YLR307W	CDA1
YKL168C	KKQ8
YNL101W	AVT4
YPR091C	NVJ2
YMR184W	ADD37
YBR285W	YBR285W
YJL108C	PRM10
YOL130W	ALR1
YHL024W	RIM4
YPL077C	YPL077C
YKL116C	PRR1
YDR266C	HEL2
YMR291W	TDA1
YNL157W	IGO1
YPL026C	SKS1
YJR049C	UTR1
YPR042C	PUF2
YHR133C	NSG1
YHR214C-C	YHR214C-C
YMR196W	YMR196W
YLR133W	CKI1
YNL154C	YCK2
YPL141C	FRK1
YNL247W	YNL247W
SPBC1289.03C	spi1
SPBC26H8.10	dis3
SPBC557.03C	pim1
RP1-37E16.3	GGA1
YKL090W	CUE2
YNR009W	NRM1
YDR014W-A	HED1
YCL044C	MGR1
YPR024W	YME1
YOL027C	MDM38
YPR125W	YLH47
YGL017W	ATE1
YOR073W	SGO1
YBR201W	DER1
YIL042C	PKP1
YGR148C	RPL24B
YDR339C	FCF1
YLR051C	FCF2
YOR095C	RKI1
YBR070C	ALG14
YGL047W	ALG13
YJL178C	ATG27
YHR181W	SVP26
A-152E5.7	POLR2C
YDR057W	YOS9
YHL003C	LAG1
YJL165C	HAL5
YIL010W	DOT5
YOR357C	SNX3
RP3-465G10.1	ATP7A
RP11-327P2.1	ATP7B
YBR237W	PRP5
YNL323W	LEM3
YCR094W	CDC50
YER166W	DNF1
YLR361C	DCR2
YDR096W	GIS1
YDR463W	STP1
YJL156C	SSY5
YML086C	ALO1
YIL136W	OM45
YBR230C	OM14
YGR029W	ERV1
YMR037C	MSN2
YOR125C	CAT5
YIL030C	SSM4
YML029W	USA1
YIL036W	CST6
YML034W	SRC1
YJL207C	LAA1
YDR411C	DFM1
DMEL_CG43770	Sxl
YOR171C	LCB4
YIL003W	CFD1
YGL091C	NBP35
YNL240C	NAR1
YMR119W	ASI1
YNL008C	ASI3
YBL101C	ECM21
YBL057C	PTH2
YHR001W	OSH7
RP23-33N15.1	Pcna
YNL326C	PFA3
SPAC664.01C	swi6
SPCC622.16C	epe1
YLR382C	NAM2
Q0120	BI4
YJR040W	GEF1
YGR003W	CUL3
YIR037W	HYR1
YPL027W	SMA1
YKR031C	SPO14
YER123W	YCK3
RP23-118D1.2	Trappc3
RP23-408K4.2	Trappc2
RP23-26L6.10-004	Trappc1
YGR280C	PXR1
YBL033C	RIB1
YPR172W	YPR172W
YBR223C	TDP1
YDL139C	SCM3
YDL167C	NRP1
YBL081W	YBL081W
YDR273W	DON1
YDR321W	ASP1
YEL017W	GTT3
YEL041W	YEF1
YEL066W	HPA3
YER063W	THO1
YER106W	MAM1
YER128W	VFA1
YGL040C	HEM2
YDR505C	PSP1
YGR121C	MEP1
YOR359W	VTS1
YHR025W	THR1
YHR057C	CPR2
YHR113W	APE4
YLR451W	LEU3
YIL092W	YIL092W
YBR255W	MTC4
YJR010W	MET3
YJR055W	HIT1
YPL193W	RSA1
YJR091C	JSN1
YLR420W	URA4
YJR103W	URA8
YKL043W	PHD1
YLR058C	SHM2
YLR108C	YLR108C
YLR377C	FBP1
YML101C	CUE4
YGL170C	SPO74
YOR112W	CEX1
YLR031W	YLR031W
YMR154C	RIM13
YJL185C	ATG36
YMR316W	DIA1
YGL037C	PNC1
YGR267C	FOL2
YPL088W	YPL088W
YLR453C	RIF2
YDR527W	RBA50
YOR285W	RDL1
YOR385W	YOR385W
YPR071W	YPR071W
YPR106W	ISR1
YFR044C	DUG1
YBR281C	DUG2
YNL191W	DUG3
YMR171C	EAR1
YDR003W	RCR2
YBR005W	RCR1
YFL010C	WWM1
YDL123W	SNA4
YKR021W	ALY1
YNL305C	BXI1
YJL151C	SNA3
YGL219C	MDM34
YMR182C	RGM1
YDR047W	HEM12
YLR069C	MEF1
YNL220W	ADE12
YKR097W	PCK1
YKL150W	MCR1
YOR219C	STE13
YOL104C	NDJ1
YER169W	RPH1
YIL018W	RPL2B
YER030W	CHZ1
YJR119C	JHD2
YGR062C	COX18
YDR135C	YCF1
YLR201C	COQ9
YML110C	COQ5
YDR495C	VPS3
RP11-417O11.1	PLAU
DMEL_CG17686	DIP1
DMEL_CG31196	14-3-3epsilon
DMEL_CG4491	noc
DMEL_CG1836	Rad23
DMEL_CG10149	Rpn6
DMEL_CG3935	al
DMEL_CG7035	Cbp80
DMEL_CG18361	dsh
DMEL_CG7892	nmo
DMEL_CG12743	otu
DMEL_CG7434	RpL22
DMEL_CG13389	RpS13
DMEL_CG2262	Smox
DMEL_CG5393	apt
DMEL_CG11901	Ef1gamma
SPCC1840.01C	mog1
YDR420W	HKR1
YLL043W	FPS1
SPBC336.12C	cdc10
SPBC14C8.14C	pol5
RP23-134I15.1	Bcl2l11
RP1-134O19.2	ZBTB17
CGI-66	CAB39
RP11-562M8.1	APTX
RP11-125A15.2	PARP1
RP5-1042K10.9	SGSM3
C02F5.1	knl-1
T10B5.6	knl-3
CELE_Y47G6A.24	mis-12
F26F4.13	kbp-2
C34B2.2	kbp-5
T03F1.9	hcp-4
AD024	SPC25
RP3-469A13.1	DSN1
C05D11.4	let-756
CELE_C38D4.6	pal-1
T01C3.6	rps-16
CELE_T01G9.6	kin-10
B0205.7	kin-3
CELE_C18A3.3	C18A3.3
R151.3	rpl-6
CELE_F52D10.3	ftt-2
CELE_C05D2.1	daf-4
C34E10.6	atp-2
CELE_F25E2.5	daf-3
W01G7.1	daf-5
C25A1.5	C25A1.5
CELE_F29C4.1	daf-1
F44F1.7	vet-6
F46A8.10	scrm-6
C17G10.5	lys-8
R07E5.3	snfc-5
W02D3.5	lbp-6
CELE_C28H8.6	pxl-1
Y105E8A.6	unc-95
SPBC409.09C	mis13
SPBC409.04C	mis12
SPCC1020.02	spc7
DC8	NSL1
RP1-302G2.1	HSP90AB1
HCCS4	ZAK
FKSG20	MED28
RP4-811H24.2	HDAC1
JM21	HDAC6
RP11-716A19.5	RBBP7
RP11-422P24.6	CRTC2
RP11-110L1.4	PRPF4
AD-005	CNOT1
PP5423	DBNL
RP11-490K7.3	SNRNP40
UNQ664/PRO1295	CDAN1
RP1-148E22.1	YWHAB
RP4-756G23.7	RANGAP1
RP11-126K1.4	PI4KB
RP11-452K12.5	MMS19
RP11-278J17.2	CDKN2C
DAAP-21F2.2	VARS
RP11-101E13.3	TROVE2
RP11-101K10.6	NEK6
MSTP033	SMEK1
RP4-614O4.1	EIF6
RP11-348N5.4	PDCD4
PRO2446	ARPC2
CGI-59	LUC7L2
PP384	C2orf44
RP5-1013A10.2	PRPF4B
RP11-176D17.2	SMYD2
RP11-432J22.3	UBAC1
FP1477	RNF123
BM-008	PTP4A2
HSPC225	PRPF40A
PP844	EDC3
RP1-69E11.1	TIPRL
RP5-1119A7.12-003	EIF3D
RP11-406D17.1	PARD3
RP11-16N10.1	TJP2
PNAS-5	LYAR
OK/SW-CL.32	RPL3
HPP1	NAE1
RP5-882O7.2	EIF2B3
LA16C-OS12.1	LUC7L
CGI-95	MOB4
RP11-544M22.5	USF1
RP3-422H11.1	SRPK1
GA17	EIF3M
RP4-675E8.1	EIF3I
RP11-190H11.1	EIF4G3
CGI-21	USP39
DADB-70P7.2	NFKBIL1
HSPC028	BZW2
HSPC130	NELFCD
OK/SW-CL.75	EIF4G2
RP3-330M21.4	TTBK1
DAAP-65D20.5	PPP1R11
RP1-73H22.1	TBPL1
RP5-1148A21.2	PTP4A1
HDCMD47P	GSTK1
RP3-343K2.2	RPN2
HSPC210	GSKIP
H13	DFFA
RP3-496N17.2	BAG2
MSTP016	CDK5RAP3
CGI-126	UFC1
RP13-531C17.1	DFFB
RP11-175D17.1	ARPC5L
XX-FW81657B9.4	LAGE3
RP3-508I15.15-002	SUN2
PRO1512	TIMM50
RP11-38M7.5	GTPBP4
RP3-438D16.2	AIFM1
UNQ1847/PRO3577	SLMAP
PP12616	ATG10
CGI-143	BOLA1
RP11-375G3.1	VDAC2
MSTP011	TWF2
RP4-657E11.7	CAPZB
HSPC231	PFDN2
RP11-143H17.2	BRCC3
RP4-677H15.3	SRSF11
RP4-622L5.1	KPNA6
CGI-04	YARS2
RP11-554C12.1	RBX1
CTA-268H5.8	KIAA0930
RP11-46F15.4	WRAP73
RP11-269C23.2	TSC22D1
AL031595.1	PARVB
SBBI57	PPP4R2
RP1-196E23.2	HTATSF1
RP4-595C2.1	RALGPS2
GIG33	RPL35A
HCG_1817841	ATG16L1
OK/SW-CL.45	DDOST
RP11-290D2.1	TPT1
HSPC259	DDX27
RP4-622L5.4	TXLNA
RP11-74C1.3	CGN
HSPC310	SON
RP5-1034F7.2	EBNA1BP2
RP1-283E3.6	NADK
HUCEP-10	RMDN3
HSD14	PRKRA
RP5-1005F21.4	PSMA7
HLC6	SPAG9
RP11-413M3.10	SEC16A
RP11-252A24.7	GLG1
HRIHFB2018	AKAP8L
RP1-111D6.3	TAB2
RP3-407F17.2	TAB1
DADB-70P7.1	TNF
UNQ785/PRO1604	HDGFRP2
RP3-393D12.1	UFL1
RP11-385F5.3	HEATR1
CGI-01	METTL13
RP11-336K24.3	ARHGEF2
TCAG7.1185	EXOC4
PIG54	PDS5A
RP11-405L18.3	POLR1E
RP11-352P4.2	SARS
RP4-681N20.1	PANK2
L12	RSL1D1
RP11-80I15.2	FANCC
DAQB-147D11.1	HSPA1A
RP5-1181N3.2	NCOA6
GL002	C11orf30
LA16C-314G4.3	AXIN1
RP23-107C23.3	Rbm39
RP5-836N17.3	HCK
RP6-29D12.1	SMC1A
RP11-436C9.1	CHEK2
RP1-184J9.1	KDM1A
BM-006	PHF21A
RP5-1068B5.2	ACTA1
RP11-263K19.2	MUC1
RP23-64E17.3	Ap1b1
RP11-353C18.2	RBM39
UNQ160/PRO186	TNFRSF10B
DAAP-285E11.7	MDC1
RP11-477J21.1	GSN
RP3-330O12.4	MAD2L2
RP1-212G6.2	UXT
RP23-132N23.17-001	Anapc2
RP24-558L14.1	Invs
HRIHFB2038	RNF14
RP11-486H9.1	ZMYND11
RP11-228B15.5	CDK9
RP24-137E7.1	Mapk14
RP1-66H14.1	FYN
RP4-675E8.4	LCK
RP11-359B12.2	RAD52
HCG_1782202	DIABLO
CAGF28	PAXIP1
RP11-324E23.2	ARHGAP21
RP11-168F9.1	ARHGEF16
CTA-215D11.2	ERRFI1
RP11-4M23.6	SRSF10
AC001226.5	MYCBP2
RP11-739N20.5	PIK3C2B
RP3-323M4.1	SASH1
MSTP013	SHROOM3
RP11-266C7.2	SYNJ2
RP11-67K19.1	TRIM32
RP11-519K18.1	ZMIZ1
RP23-28I4.1	Grb2
RP11-560A15.5	BMP7
RP11-177A2.3	ABL2
RP1-190I16.1	KIFAP3
RP11-291O7.3	DLG3
HSPC214	ANAPC11
RP11-569D9.4	CDC16
RP3-325F22.4	MAP3K5
RP11-346I8.1	RMI1
RP5-1029K14.1	PTPRF
RP11-82K18.1	GTF2B
P/OKCL.15	NELFA
AL672219.1	Rassf1
DADB-160J14.4	GTF2H4
PRO2134	TAF11
SPBC1921.02	rad60
SPAC631.01C	acp2
SPAC12B10.07	acp1
SPBC365.15	alp4
SPBC20F10.06	mad2
SPBC428.20C	alp6
SPBC32F12.04	gtb1
SPAC25B8.14	mal2
SPAC1783.03	fta2
SPAC1687.20C	mis6
SPBC21.01	mis17
SPAC9G1.09	sid1
SPCC1739.11C	cdc11
SPBC21.06C	cdc7
SPBC342.05	crb2
SPAC1834.03C	hhf1
SPAC23C4.18C	rad4
SPAC4H3.11C	ppc89
SPBC244.01C	sid4
SPAC4A8.05C	myp2
SPBC1709.01	chs2
SPAC664.07C	rad9
SPBP8B7.14C	dpb2
SPAC13G7.08C	crb3
SPBC1105.17	cnp1
SPAC31A2.05C	mis4
SPAC1687.18C	ssl3
SPCC338.17C	rad21
SPAC694.06C	mrc1
SPAC6G9.13C	bqt1
SPAC1002.06C	bqt2
SPBC1778.02	rap1
SPBP35G2.03C	sgo1
SPCC188.02	par1
SPAP8A3.09C	paa1
SPBC16H5.07C	ppa2
SPBC428.08C	clr4
SPAC1834.04	hht1
SPAC22E12.07	rna1
SPBC14C8.01C	cut2
SPCC5E4.04	cut1
SPAC140.02	gar2
SPAC12G12.13C	cid14
SPAC14C4.02C	smc5
SPBC651.10	nse5
SPAC11E3.08C	nse6
SPCC5E4.06	smc6
SPCC550.05	nse1
SPAC16A10.06C	nse2
SPCC645.04	nse3
SPBC20F10.04C	nse4
SPAC1565.06C	spg1
SPCC613.12C	raf1
SPCC970.07C	raf2
SPAC3C7.12	tip1
SPAC18G6.15	mal3
SPCC663.01C	ekc1
SPCC1739.12	ppe1
SPAC30D11.10	rad52
SPBC6B1.09C	nbs1
SPCC23B6.03C	tel1
SPBC215.02	bob1
SPAC1D4.13	byr1
SPCC11E10.08	rik1
SPAC2G11.12	rqh1
SPBC16G5.12C	top3
SPAC8E11.02C	rad24
SPBC32C12.02	ste11
SPAC17A2.13C	rad25
SPAC15A10.16	bud6
SPCC1223.06	tea1
SPAC1834.07	klp3
SPBC28F2.10C	ngg1
SPAC10F6.09C	psm3
SPBC29A10.04	psm1
SPAC16A10.07C	taz1
SPAC6F6.17	rif1
SPBP16F5.02	mcs2
SPBC19F8.07	mcs6
SPBC530.14C	dsk1
SPBC11C11.08	srp1
SPAC4F8.10C	stg1
SPBC32H8.12C	act1
SPBC11B10.09	cdc2
SPBC776.02C	dis2
SPAC3A12.11C	cwf2
SPAC29A4.08C	prp19
SPBC13E7.09	vrp1
SPAC4F10.15C	wsp1
SPAC17D4.02	cdc45
SPBC1347.10	cdc23
SPAC16.02C	srp2
SPBC83.03C	tas3
SPCC736.11	ago1
SPBC646.13	sds23
SPAC3C7.11C	cnx1
SPAC22A12.15C	bip1
SPBC1706.01	tea4
SPAC15F9.02	seh1
SPBC17G9.04C	nup85
SPAC20G8.01	cdc17
SPBC16D10.09	pcn1
SPAC13C5.07	mre11
SPAC1782.09C	clp1
SPAC22E12.16C	pik1
SPAP8A3.08	cdc4
SPAC630.03	arp3
SPBC14C8.06	arc1
SPAC6B12.15	cpc2
SPAC2F7.11	nrd1
SPBC1685.01	pmp1
SPCC757.09C	rnc1
SPAC19D5.01	pyp2
SPBC14C8.07C	cdc18
SPAC4D7.03	pop2
SPBC1604.20C	tea2
SPBC3D6.04C	mad1
SPAC458.07	tfa1
SPAC23C4.15	rpb5
SPCC584.04	sup35
SPAC1834.01	sup45
SPCC736.09C	SPCC736.09c
SPAC30.03C	tsn1
SPBC1289.02C	uap2
SPBC146.07	prp2
SPAP8A3.06	uaf2
SPBC24C6.07	cdc14
SPCC1795.01C	mad3
SPCC1322.12C	bub1
SPAC890.02C	alp7
SPCC895.07	alp14
SPBC428.13C	mob1
SPAC24B11.11C	sid2
SPAC23H3.08C	bub3
SPAC1093.06C	dhc1
SPAC27D7.13C	ssm4
SPBC21D10.12	hob1
SPBC17F3.02	nak1
SPBC902.06	mto2
SPCC417.07C	mto1
SPBC146.13C	myo1
SPAC1805.17	crm1
SPAC222.10C	byr4
SPBC18E5.03C	sim4
SPAC18G6.02C	chp1
SPCC613.04C	rng3
SPCC645.05C	myo2
SPAC2F7.03C	pom1
SPAC1783.07C	pap1
SPCC962.03C	cut15
SPBC1604.08C	imp1
SPBP19A11.04C	mor2
SPAC1834.06C	pmo25
SPAC3A11.08	pcu4
SPBC31F10.13C	hip1
SPBC15D4.03	slm9
SPAC3C7.03C	rad55
SPAC20H4.07	rad57
SPAC644.14C	rad51
SPAC15A10.03C	rad54
SPBC119.14	rti1
SPBC660.13C	ssb1
SPBC16H5.11C	skb1
SPAC18B11.10	tup11
SPAC644.04	pct1
SPAC23C11.16	plo1
SPAC6F12.14	cut23
SPAC1B9.02C	sck1
SPBC2D10.12	rhp23
SPBP19A11.03C	mts4
SPAC637.10C	rpn10
SPCC16A11.17	mcm4
SPBC4.04C	mcm2
SPBC14F5.08	med7
SPBC28F2.12	rpb1
SPAC589.02C	med13
SPAC23H4.17C	srb10
SPBC12D12.06	srb11
SPAC23G3.01	rpb2
SPAC688.08	srb8
SPBC31F10.04C	srb4
SPBC725.16	res1
SPAC22F3.09C	res2
SPBC29A10.15	orc1
SPBC685.09	orc2
SPBC646.14C	orc5
SPAC3H1.01C	orc3
SPBP23A10.13	orc4
SPBC2A9.12	orc6
SPAC19G12.01C	cut20
SPAC6F12.15C	cut9
SPBC106.09	cut4
SPAC17C9.01C	nuc2
SPAC6F6.08C	cdc16
SPAC24H6.05	cdc25
SPCC18B5.06	dom34
SPAC110.03	cdc42
SPAC1F5.09C	shk2
SPAC16E8.09	scd1
SPAC22H10.07	scd2
SPAC31G5.09C	spk1
SPBC211.04C	mcm6
SPBC16G5.01	rpn12
SPBC19C2.05	ran1
SPAC27D7.03C	mei2
SPBC25D12.03C	mcm7
SPCC1682.02C	mcm3
SPAC1B2.05	mcm5
SPBC887.10	mcs4
SPBC725.02	mpr1
SPCC962.06C	bpb1
SPAC27F1.09C	prp10
SPCC1020.04C	rpb6
SPACUNK4.06C	rpb7
SPBC14C8.12	rpb8
SPAC1B3.12C	rpb10
SPAC3A12.07	rpb11
SPCC1442.10C	rpb3
SPBC19C2.03	rpc10
SPBC582.03	cdc13
SPBC2F12.11C	rep2
SPBC32F12.09	rum1
SPBC649.05	cut12
SPAC31G5.13	rpn11
SPBC36.05C	clr6
SPAC23C11.15	pst2
SPAC23H4.12	alp13
SPAC29A4.18	prw1
SPBC1604.14C	shk1
SPAC821.08C	slp1
SPBC646.09C	int6
SPAC637.07	moe1
SPBC1773.07C	sbp1
SPAPB1E7.06C	eme1
SPCC1795.11	sum3
SPAC4D7.05	sum1
SPBC21B10.05C	pop3
SPBC337.14	rpb4
SPAPYUG7.04C	rpb9
SPAC19B12.05C	fcp1
SPCC1620.09C	tfg1
SPBC1198.13C	tfg2
SPBC1703.06	pof10
SPBC409.05	skp1
SPAC57A10.05C	pof1
SPCC338.16	pof3
SPAC17G6.12	cul1
SPAC26A3.02	myh1
SPAC17H9.20	psc3
SPCC191.09C	gst1
SPCC965.07C	gst2
SPAC821.04C	cid13
SPAC9G1.05	aip1
SPBC1A4.01	apc10
SPBC146.03C	cut3
SPBP4H10.06C	cut14
SPCC306.03C	cnd2
SPAC22H10.10	alp21
SPBC11C11.04C	alp1
SPBC119.04	mei3
SPBC1734.14C	suc1
SPAPB1A10.04C	cwp1
SPAC2E1P5.04C	cwg2
SPAC13A11.01C	rga8
SPAC24H6.09	gef1
SPAC20G8.05C	cdc15
SPAC1F5.04C	cdc12
SPAC222.09	seb1
SPAC23C4.19	spt5
SPBC2F12.08C	ceg1
SPAC23A1.06C	cmk2
SPAC644.12	cdc5
SPBC646.02	cwf11
SPBC1289.11	spf38
SPCP1E11.07C	cwf18
SPAC30D11.09	cwf19
SPCC4B3.14	cwf20
SPCC550.02C	cwf5
SPCC188.11	prp45
SPBC28F2.04C	cwf7
SPBC32F12.05C	cwf12
SPAC644.06C	cdr1
SPBC23G7.04C	nif1
SPAC4A8.15C	cdc3
SPBC1734.02C	cdc27
SPAC3A12.14	cam1
SPAC6G9.06C	pcp1
SPAPB17E12.04C	csn2
SPBC215.03C	csn1
SPBC12D12.08C	ned8
SPBC12D12.04C	pck2
SPBC6B1.07	prp1
SPCC777.14	prp4
SPBC14F5.12C	cbh2
SPBC1105.04C	cbp1
SPBC409.03	swi5
SPAC1142.03C	swi2
SPBC28F2.07	sfr1
SPAC1805.08	dlc1
SPAC3A11.05C	kms1
SPBC12D12.01	sad1
SPCC16C4.01	sif2
SPAC14C4.05C	man1
SPBP16F5.07	apm1
SPBC947.12	kms2
SPCC576.15C	ksg1
SPAC17G8.14C	pck1
SPBC776.12C	hsk1
SPBC685.06	rps001
SPBC18E5.06	rps21
SPAC17G6.16C	ysh1
SPBC1709.08	cft1
SPAC227.08C	yth1
SPAC824.04	SPAC824.04
SPBC1709.15C	cft2
SPAC1071.01C	pta1
SPAC12G12.14C	pfs2
SPAC22G7.10	iss1
SPBC3B9.11C	ctf1
SPAC3G9.04	ssu72
SPAC2G11.08C	smn1
SPAC19B12.12C	yip11
SPAPB2B4.03	cig2
SPBC32F12.06	pch1
SPAC1556.01C	rad50
SPAC630.14C	tup12
SPCC4G3.19	alp16
SPBC211.06	gfh1
SPCC338.05C	mms2
SPAC11E3.04C	ubc13
SPBC12C2.10C	pst1
SPCC364.02C	bis1
SPBC365.12C	ish1
SPCC162.08C	nup211
SPBC211.02C	cwf3
SPCC18.04	pof6
SPBC1778.04	spo6
SPBC21C3.18	spo4
SPAC22E12.08	rrn10
SPCC285.17	spp27
SPAC17G8.10C	dma1
SPBP23A10.04	apc2
SPAC959.09C	apc5
SPAC343.03	apc11
SPAC23C11.12	hcn1
SPBC28E12.01C	apc13
SPAC27D7.05C	apc14
SPBC83.04	apc15
SPBC32H8.10	cdk9
SPBC16D10.04C	dna2
SPAC8F11.07C	cdc24
SPBC1718.01	pop1
SPBC409.06	uch2
SPAPYUG7.02C	sin1
SPBP22H7.07	prp5
SPBC31F10.11C	cwf4
SPBC215.12	cwf10
SPAC17C9.10	stm1
SPAC23H3.13C	gpa2
SPCC18B5.03	wee1
SPBC1718.06	msp1
SPAC26F1.10C	pyp1
SPBC8D2.04	hht2
SPBC1105.11C	hht3
SPAC27E2.05	cdc1
SPAC1F7.04	rho1
SPAC14C4.13	rad17
SPAC1952.07	rad1
SPAC57A7.11	mip1
SPCC5E4.03C	taf5
SPCC16C4.18C	taf6
SPBC15D4.14	taf73
SPAC13F5.02C	ptr6
SPAC2G11.14	taf111
SPAC29E6.08	tbp1
SPBC2F12.13	klp5
SPBC1685.15C	klp6
SPCC320.13C	ark1
SPBC336.15	pic1
SPAC9G1.02	wis4
SPBC18H10.03	tif35
SPAC926.04C	hsp90
SPAC30D11.13	hus5
SPAC110.02	pds5
SPBC16A3.11	eso1
SPAC1142.05	ctr5
SPCC1393.10	ctr4
SPAC16.01	rho2
SPBC29B5.01	atf1
SPAC21E11.03C	pcr1
SPBC543.03C	pku80
SPCC126.02C	pku70
SPAC22F3.03C	rdh54
SPAC8E11.03C	dmc1
SPAC688.06C	slx4
SPAP27G11.15	slx1
SPAC24H6.03	cul3
SPCC330.11	btb1
SPAC17G6.04C	cpp1
SPCC24B10.13	skb5
SPAC1F3.02C	mkh1
SPBC543.07	pek1
SPCC1322.08	srk1
SPCC1672.02C	sap1
SPBC119.08	pmk1
SPBC1921.03C	mex67
SPBC16A3.05C	rae1
SPAC926.03	rlc1
SPAC222.15	meu13
SPAC13A11.03	mcp7
SPCC895.05	for3
SPBC8D2.10C	rmt3
SPCC576.08C	rps2
SPBC336.04	cdc6
SPAC6F6.02C	pof5
SPCC1827.08C	pof7
SPAC17G6.17	pof8
SPBC3H7.06C	pof9
SPBC56F2.01	pof12
SPBC1271.01C	pof13
SPBC336.01	fbh1
SPAC19E9.02	fin1
SPAC2C4.15C	ubx2
SPAC1565.08	cdc48
SPAC343.09	ubx3
SPBC776.18C	pmh1
SPBC13G1.13	tfb2
SPCC1682.07	ssl1
SPAC17A5.06	ptr8
SPAC16E8.11C	tfb1
SPBC409.07C	wis1
SPAC23H4.18C	rbx1
SPAC328.03	tps1
SPBC660.07	ntp1
SPAC19G12.15C	tpp1
SPAC22E12.09C	krp1
SPAC3H5.06C	pol1
SPAC22F8.11	plc1
SPAC20G4.04C	hus1
SPAC1420.03	rpn501
SPBC4.07C	rpt2
SPAC23E2.01	fep1
SPAC29A4.16	hal4
SPAC19G12.03	cda1
SPBC19C7.03	cyr1
SPAC6G9.08	ubp6
SPBC3B9.21	dcp1
SPAC19A8.12	dcp2
SPBC30D10.04	swi3
SPBC216.06C	swi1
SPAC29B12.02C	set2
SPBC3B9.15C	scp1
SPBC19C2.09	sre1
SPAC5D6.08C	mes1
SPBC336.08	spc24
SPAC27F1.04C	nuf2
SPBC11C11.03	ndc80
SPCC188.04C	spc25
SPAC29A4.05	cam2
SPCC16A11.05C	dim1
SPBC119.13C	prp31
SPBC16A3.01	spn3
SPAC4F10.11	spn1
SPAC9G1.11C	spn4
SPAC821.06	spn2
SPAC26A3.08	smb1
SPAC27D7.07C	smd1
SPAC2C4.03C	smd2
SPBC19C2.14	smd3
SPBC3E7.14	smf1
SPBC4B4.05	smg1
SPBC36.09	sap61
SPAC22A12.09C	sap114
SPAC22F8.10C	sap145
SPAPJ698.03C	prp12
SPBC8D2.09C	msl1
SPAC4F8.12C	spp42
SPAC9.03C	brr2
SPBC3E7.13C	syf2
SPBC6B1.10	prp17
SPAC10F6.02C	prp22
SPBC337.06C	cwf15
SPAC4A8.09C	cwf21
SPBC24C6.11	cwf14
SPAC9.13C	cwf16
SPCC1281.02C	spf30
SPAC688.02C	mis14
SPBP22H7.09C	mis15
SPCC970.12	mis18
SPCC1672.10	mis16
SPCP31B10.03C	med31
SPBC3B9.07C	rpa43
SPBC1718.03	ker1
SPAPB1E7.02C	mcl1
SPBC32F12.11	tdh1
SPBC31E1.03	hub1
SPAC167.03C	snu66
SPCC1739.03	hrr1
SPCC663.12	cid12
SPBC31F10.14C	hip3
SPCC330.10	pcm1
SPAC15E1.07C	moa1
SPBC29A10.14	rec8
SPCC645.07	rgf1
SPBC17D11.05	tif32
SPAC25G10.08	SPAC25G10.08
SPAC4A8.16C	tif33
SPBC216.07C	tor2
SPBC428.16C	rhb1
SPAC17H9.19C	cdt2
SPAC17H9.10C	ddb1
SPBC800.03	clr3
SPBC530.04	mod5
SPAC6G10.02C	tea3
SPAC3G6.02	rpn15
SPBC17D11.07C	rpn2
SPBC119.01	rpn3
SPCC1682.10	rpn8
SPCC576.10C	rpt3
SPBC582.07C	rpn7
SPAC6C3.08	nas6
SPBC9B6.10	cdc37
SPBC27.02C	ask1
SPAC589.08C	dam1
SPAC16A10.05C	dad1
SPBC32F12.08C	duo1
SPAC8C9.17C	spc34
SPAC29E6.04	nnf1
SPCC622.09	htb1
SPAC17G6.14C	uap56
SPAC688.11	end4
SPCP1E11.04C	pal1
SPBC4C3.07	SPBC4C3.07
SPAC821.05	SPAC821.05
SPAC1006.09	win1
SPAC20G4.03C	hri1
SPAC3G9.09C	tif211
SPAC57A10.02	cdr2
SPBC646.05C	erg9
SPAC13D6.01	pof14
SPBC16A3.07C	nrm1
SPAC806.08C	mod21
SPBC30D10.10C	tor1
SPBC12C2.02C	ste20
SPAC3G9.12	peg1
SPAC22H10.12C	gdi1
SPAC18G6.03	ypt3
SPBC725.13C	psf2
SPBP4H10.21C	sld5
SPBP23A10.09	psf1
SPAC227.16C	psf3
SPAC24H6.06	sld3
SPBC12D12.02C	cdm1
SPBC31F10.09C	nut2
SPAC5D6.05	med18
SPBC1778.06C	fim1
RP3-474M20.1	TNIP2
RP11-534L20.1	IKBKE
RP23-130L11.1	Usp8
SBBI03	RNF41
HT034	ERGIC1
RP3-477O4.1	ERGIC3
UNQ1933/PRO4408	PEBP4
RP1-166H4.1	RUNX2
RP11-517F10.1	NCSTN
RP4-790G17.3	APH1A
RP11-49H10.1	SMYD3
AD-015	VIMP
UNQ243/PRO276	DERL1
DAQB-90C11.16-002	HLA-A
RP11-223J15.3	RPL11
RP1-32B1.1	MYB
RP3-522B19.2	TXLNB
PP8000	TERF2IP
L6	MED10
RP5-914N13.2	MED23
RP1-199J3.1	CCNC
RP11-346C16.5	CDK19
RP11-323H21.4	MED27
RP11-90M2.2	MED4
RP1-92O14.5	MED8
RP5-973N23.1	MED20
HSPC296	MED11
CGI-125	MED31
TCBAP0758	MED25
RP11-244N20.9	MED22
HSD45	INCA1
RP5-1085F17.2	DNMT3B
PRO0324	SMC2
HCG_1992862	ARHGAP27
FKSG18	TOR1B
RP5-1068B5.4	NUP133
HSPC275	SEC31A
RP11-548K23.2	ANKRD2
RP11-504H3.2	SNX5
DADB-118P11.2	FLOT1
UNQ406/PRO768	ITGA7
XXBAC-BCX105G6.5	TSEN34
UNQ5798/PRO19605	TLR9
RP1-257A7.1	PHACTR1
UNQ6189/PRO20215	NLRC4
RP11-316M21.4	BLOC1S2
AT4G00020	BRCA2(IV)
AT5G20850	RAD51
AT3G22880	DMC1
TCAG7.985	POP7
AD-008	POP5
RP11-455B2.5	RPP38
RP11-428J1.3	RPP40
RP11-320F15.1	RPP30
DAQB-170I5.4	RPP21
RP1-290F12.2	TSPYL2
RP5-1167H4.6	AURKA
UNQ8200	MLPH
DAAP-97M17.4	DDX39B
RP11-543E8.3	COG2
UNQ3082/PRO10013	COG7
GIG9	STX18
FKSG23	SCFD1
CDA019	SOSTDC1
DASS-97D12.6	SYNGAP1
RP11-56H7.1	NEBL
RP11-544A12.7	NUP214
PP9092	CEBPB
DADB-115L1.4	UBD
RP11-104L21.1	CD247
RP11-318C24.3	RFWD2
RP5-1046G13.1	RIMS1
RP11-173P16.1	HSPH1
SP329	FBXO38
DAAP-188P13.3	GABBR1
RP5-1005F21.1	SS18L1
RP11-98F14.2	MCF2L
HSPC215	FOXP1
RP11-328M4.1	FOXP4
RP23-26L6.6	Per1
RP23-455G15.2	Per3
RP23-316M14.8	Cry2
RP11-81F11.1	STARD13
RP1-154G14.1	MAP3K7
RP11-399C16.1	DNAJC1
GIG24	SERPINA3
RP11-338C15.1	ATF3
RP11-8D7.1	ING1
RP11-150F24.1	RNF128
HSPC263	OTUB1
RP11-62C3.9	NOL8
CGI-37	NIP7
RP11-44N11.3	ZHX2
DAAP-218M18.6	GPSM3
RP4-742C19.7	CBX7
RP11-167I10.1	TRDN
RP11-494N1.1	GNAQ
DADB-159G18.5	PFDN6
RP1-164F3.2	BTK
HUSSY-27	ARIH1
RP11-505F3.5	KLF5
RP11-532F6.1	HUS1B
RP1-30M3.3	TDP2
RP11-346D6.1	PRKG1
TRG9	SNX2
UNQ571/PRO1133	NTNG1
UNQ292/PRO331	LRRC4C
RP3-392M17.3	UBR2
RP11-179F17.3	PAN3
RP3-361I14.2	DST
HSPC261	PNISR
MDS033	PSENEN
PP10566	EPS8L1
PP13181	EPS8L2
RP5-1042K10.11-009	MKL1
RP11-571M6.8	AGAP2
YNL067W	RPL9B
YDL083C	RPS16B
YGR254W	ENO1
RP11-57C19.4	EXOSC2
RP11-569D9.1	UPF3A
YPR124W	CTR1
PRO0391	EIF3J
HCG_1988850	OCLN
RP11-345P4.1	MIB2
RP5-1055C14.2	MORF4L2
RP11-10M8.1	TRPC4
RP5-858B16.1	SFI1
RCG_59132	Epb41l2
UNQ745/PRO1474	SPINK7
DAAP-285E11.4	TUBB
RP11-56D16.3	STXBP1
MY033	CD200
UNQ2522/PRO6015	CD200R1
UNQ219/PRO245	JAM2
UNQ859/PRO1868	JAM3
RP5-1024G6.8	LRP8
RP5-1009H6.1	NFATC2
RP11-529H20.5	ATXN3
YGR112W	SHY1
YER141W	COX15
YIL157C	COA1
YEL024W	RIP1
YFR033C	QCR6
UNQ727/PRO1409	CREG1
RP11-297M9.2	GRIN2A
YGR109W-A	YGR109W-A
DASS-397D15.1	HLA-DRA
DAAP-27A1.4	HLA-DMB
LA16C-321D2.4	CHTF18
UNQ9337/PRO34008	DSCC1
RP11-475E11.4	GPSM2
DADB-104B20.2	POU5F1
RP11-65B23.1	CTSL
RP1-63G5.4	CYTH4
RP1-28C20.2	EPM2A
RP23-139B4.4	Fgd1
PP1096	TBCD
XXBAC-BCX101P6.10-002	CCHCR1
RP4-718J7.3	PMEPA1
RP4-789D17.1	AGO1
RP4-789D17.2	AGO3
RP11-529E10.3	LRPAP1
RP11-320E16.1	VLDLR
CGI-75	TFB1M
HSPC243	ZCCHC17
RP11-271M24.1	MTMR6
CDABP0047	GAPDH
XXYAC-YM68G7.1	SEMA4D
RP11-331F9.9	CD72
YBL060W	YEL1
YOR094W	ARF3
RP11-82L9.1	DOCK1
RP11-517F10.2	NHLH1
DADB-15K14.8	HLA-G
LL22NC03-44A4.1	YWHAH
CGI-39	NDUFA13
RP11-444M10.2	KIRREL
CGI-135	FIS1
RP1-68D15.2	TRPC5
PRO0039	AP3D1
RP11-164O23.2	PFKFB2
DADB-127H9.8	LY6G6F
YKL159C	RCN1
DMEL_CG5686	chico
PSEC0227	SCAP
CTA-250D10.14-005	SREBF2
PIG1	NUFIP2
NBLA00170	NES
RP11-492M19.2	RPS6KA1
RP1-168L15.2	RPS6KA2
RP11-361F15.2	STXBP5
RP11-573G6.1	BMI1
RP1-13D10.1	MYLIP
UNQ1943/PRO4426	CNPY2
HSPC019	OSTM1
RP11-284N8.1	KCNA2
RP11-307C12.6	CKS1B
RP11-215B13.1	DGKH
YOR233W	KIN4
YDL129W	YDL129W
YAR018C	KIN3
YDR421W	ARO80
RP4-776F14.2	NSFL1C
RP11-523H24.2	PSPC1
YGL012W	ERG4
YIL043C	CBR1
RP4-633N17.1	SLC9A1
RP11-176D17.1	PTPN14
YIR019C	FLO11
RP1-120N9.1	SNAP91
RP11-536C5.8	PEA15
RP11-393H10.3	RPS6KA3
RP5-919F19.1	MICAL1
PP3360	GIGYF1
RP1-177P22.2	E2F3
RP11-93H24.2	SUGT1
UNQ296/PRO336	IL27RA
RP4-599I11.1	RASSF2
RP1-188K17.1	SGK1
RP11-382D8.2	ARID4B
CGI-07	NMD3
RP11-153I24.1	TNFSF13B
CTA-250D10.7	TNFRSF13C
TCAG7.1018	PEX1
RP1-125M3.3	PEX6
RP1-261G23.1	VEGFA
RP3-508I15.8	CBY1
RP11-296L22.1	CNTFR
RP4-786G8.2	HIPK1
HUCEP-7	SEPT4
RP11-318G21.1	EDNRB
RP3-509L4.2	PLN
TCAG7.998	UBE3C
RP4-655N15.2	CD2
HSD48	NACA
RP11-169K16.5	FBLIM1
RP11-470J20.3	AKAP2
MSTP045	MAT2B
C22:RP4-579N16.2	SBF1
RP5-1039K5.9	SOX10
RP11-513I15.2	HMGA1
RP5-1107C24.1	TAF4
GHC-521F8.1	TAF7L
RP11-169I2.1	SUPT3H
RP13-39P12.4	DLG5
PIG31	GOLGA5
RP5-1018E9.1	VAPB
RP1-97P20.2	SCYL3
TCAG7.346	ATP6V0A4
RP11-296H2.1	TACC2
RP11-443G18.6	CCT3
CTA-215D11.1	PARK7
RP1-185D5.5	EFCAB6
RP13-377G1__B.1	AKAP4
RP11-262K24.2	MSH4
DAAP-21F2.10-001	MSH5
RP11-4K3__A.6	SYTL1
YOR216C	RUD3
YKL161C	KDX1
UNQ3041/PRO9857	FICD
RP11-264J4.7	ZMYM2
RP4-724E16.3	ZNF217
HKMT1069	WDR77
RP11-326L24.5	GTF3C5
RP11-216N14.6	GATAD2B
PP7073	KAT8
RP1-283E3.2	CDK11A
TCAG7.1041	GRID2IP
DMEL_CG34387	futsch
SPBC1D7.05	byr2
SPAC17H9.09C	ras1
SPAC1565.04C	ste4
SPCC550.13	dfp1
SPCC1672.08C	tfa2
RP4-758J18.1	CCNL2
BM-001	CCNL1
RP23-458A23.7	Cbx2
RP23-396N6.2	Bmi1
HSPC317	BAZ1A
RP3-402G11.7	HDAC10
RP23-209C6.7	Hdac1
RP23-255N16.1	Smarce1
RP11-399C16.2	MLLT10
RP3-340B19.6	FKBP5
RP1-50O24.1	ARID1A
RP5-944N15.1	MIER1
RP23-373H2.2	Ikzf1
RP23-26L6.13-001	Chd3
HCG_1640438	MECOM
RP1-8L15.1	HIPK3
RP11-534G20.1	SVIL
RP23-413I12.1	Rxra
RP23-461C4.2	Hdac5
RP11-57G10.3	SIRT1
RP1-293L8.3	HEY2
RP11-11N7.3	HNRNPU
PNAS-22	EID1
RP11-430C7.1	MDM4
RP11-109A6.1	MGMT
RP11-458I7.3	PLEKHO1
RP5-1009E24.3	CDC25B
RP1-309K20.2	CPNE1
RP23-193A16.5	Ube2o
RP23-312D15.2	Nono
RP23-451N14.1	Bcor
RP23-220D12.6	Cpne1
RP23-189P1.1	Sptbn1
RP1-139D8.5	TRERF1
RP11-150J11.1	KLF4
RP23-306D20.12-001	Notch1
RP5-1177E19.1	PRDM2
YHR117W	TOM71
RP1-3J17.2	SYNCRIP
RP5-875J14.1	ATRX
DASS-97D12.4	PHF1
SC22CB-5E3.5	PPARA
YLR306W	UBC12
SPBC21.04	med8
SPAC17C9.05C	pmc3
SPBC4F6.12	pxl1
RP5-1042K10.7	TNRC6B
SPBC1347.01C	rev1
SPBC12D12.09	rev7
SPCC74.06	mak3
SPBC16E9.14C	zrg17
SPAC17D4.03C	cis4
SPBC1921.05	ape2
SPAC18B11.07C	rhp6
SPCC1919.15	brl1
SPCC970.10C	brl2
SPCC777.08C	bit61
SPAC458.03	tel2
SPCC162.12	tco89
SPCC622.13C	tti1
SPBC1604.17C	tti2
SPBP16F5.03C	tra1
SPAC1F5.11C	tra2
YOL129W	VPS68
YJR044C	VPS55
SPAPB1A10.09	ase1
SPBC19G7.06	mbx1
SPBC4C3.12	sep1
SPBC16G5.15C	fkh2
SPBC337.08C	ubi4
YDR346C	SVF1
YDR160W	SSY1
YLR018C	POM34
SPCC1919.10C	myo52
SPBC146.09C	lsd1
SPCC4G3.07C	phf1
SPAC23E2.02	lsd2
SPAC30D11.08C	phf2
SPBC215.04	git11
SPBC32H8.07	git5
AT5G61380	TOC1
AT2G43010	PIF4
AT3G59060	PIL6
AT2G46790	PRR9
AT2G18915	LKP2
AT1G68050	FKF1
AT5G57360	ZTL
AT5G24470	PRR5
AT5G60100	PRR3
AT1G22770	GI
AT5G15840	CO
AT3G48590	NF-YC1
AT1G08970	NF-YC9
AT2G38880	NF-YB1
AT5G47640	NF-YB2
AT2G18790	PHYB
AT1G09530	PIF3
AT2G46970	PIL1
AT3G04910	WNK1
AT5G42190	ASK2
AT3G11540	SPY
AT2G46830	CCA1
AT3G60250	CKB3
AT5G47080	CKB1
AT5G67380	CKA1
AT5G41315	GL3
AT3G27920	MYB0
AT5G53200	TRY
AT5G24520	TTG1
AT2G25930	ELF3
YOL136C	PFK27
YJR048W	CYC1
UNQ775/PRO1569	LGI1
AT4G02570	CUL1
AT5G20570	RBX1
AT2G02560	CAND1
AT4G02510	TOC159
AT1G06950	TIC110
AT5G16620	TIC40
AT1G02280	TOC33
AT4G23430	AT4G23430
AT2G39940	COI1
AT1G75950	SKP1
AT2G25490	EBF1
AT4G34210	SK11
AT4G34470	SK12
AT3G60010	SK13
AT3G61590	HWS
AT2G25700	SK3
AT1G10230	SK18
AT5G49610	AT5G49610
AT2G03170	SK14
AT2G02360	PP2-B10
AT4G08920	CRY1
AT5G05000	TOC34
RP4-626J7.1	RYR2
AT5G61270	PIF7
AT2G01570	RGA1
AT1G09570	PHYA
AT1G02340	HFR1
AT4G25560	MYB18
AT2G32950	COP1
AT1G10470	ARR4
AT3G21510	AHP1
AT1G04400	CRY2
AT2G46370	JAR1
AT1G28200	FIP1
AT2G37680	AT2G37680
AT5G02200	FHL
AT2G46340	SPA1
AT4G02440	EID1
AT1G20140	SK4
AT3G62980	TIR1
AT2G02950	PKS1
AT5G63310	NDPK2
AT2G20180	PIL5
YKR077W	MSA2
RP4-564M11.1	PIGK
CGI-06	PIGT
AT5G35840	PHYC
AT4G16250	PHYD
AT4G18130	PHYE
AT5G11260	HY5
AT5G64920	CIP8
AT3G22170	FHY3
AT4G15090	FAR1
AT3G20050	TCP-1
AT5G14250	COP13
AT3G61140	FUS6
AT1G71230	CSN5B
AT1G03360	RRP4
AT3G61620	RRP41
AT3G23050	IAA7
YGR094W	VAS1
YER168C	CCA1
AT5G65930	ZWI
AT3G52890	KIPK
AT3G62800	DRB4
AT5G20320	DCL4
AT3G09840	CDC48
AT1G71830	SERK1
AT3G19290	ABF4
AT3G57530	CPK32
AT5G35410	SOS2
AT4G33000	CBL10
AT2G01980	SOS1
AT1G32230	RCD1
AT2G26300	GP ALPHA 1
AT1G48270	GCR1
AT3G09920	PIP5K9
AT1G35580	CINV1
AT4G18960	AG
AT3G12145	FLR1
RP11-212B22.1	DIAPH2
RP1-93L7.1	CHM
AT5G27600	LACS7
AT5G56290	PEX5
AT1G64280	NPR1
AT5G06960	OBF5
AT5G65210	TGA1
AT5G06950	AHBP-1B
AT1G22070	TGA3
AT3G12250	TGA6
AT4G16280	FCA
AT5G13480	FY
AT4G33950	OST1
AT4G26080	ABI1
AT3G11410	PP2CA
AT4G22200	KT2/3
AT5G10450	GRF6
AT5G19280	KAPP
AT2G27600	SKD1
AT4G26750	AT4G26750
AT1G02840	SR1
AT5G55990	CBL2
AT3G17590	BSH
AT2G33610	SWI3B
AT1G21700	SWI3C
AT2G47620	SWI3A
AT2G23430	ICK1
AT3G48750	CDC2
AT4G34160	CYCD3;1
AT5G24270	SOS3
AT1G05055	GTF2H2
AT1G03190	UVH6
AT3G29160	KIN11
AT3G52180	SEX4
AT2G45820	AT2G45820
AT5G42970	COP8
AT5G56280	CSN6A
AT1G01510	AN
AT4G27780	ACBP2
AT3G16770	EBP
AT1G53720	CYP59
AT4G35800	NRPB1
AT3G59220	PRN
AT1G66340	ETR1
AT5G03730	CTR1
AT2G40030	NRPD1B
AT2G27040	AGO4
AT5G37055	SEF
AT3G33520	ARP6
AT2G21660	CCR2
AT4G39260	CCR1
AT2G35190	NPSN11
AT1G08560	SYP111
AT5G65430	GRF8
AT1G75080	BZR1
AT1G22300	GRF10
AT4G18710	BIN2
AT4G33430	BAK1
AT4G39400	BRI1
AT3G21640	TWD1
AT1G30400	MRP1
AT5G02030	RPL
AT4G08150	KNAT1
AT1G23380	KNAT6
AT1G62360	STM
PIG4	IMMT
RP11-401E9.1	ATP5C1
RP11-573M23.5	FAM219A
DC6	ENY2
PP648	EGFL6
RP4-655J12.1	ATP1A1
CGI-301	FBXO34
CGI-136	PAM16
HCG_1792470	PNMA6A
DC7	VPS29
GS1-120K12.1	RNF2
TCBAP0781	RPL15
RP11-375E1__A.4	RPS10
RP11-181K3.1	LAMC1
CUA003	CCDC90B
RP4-537K23.16-001	UTP14A
GK003	YAE1D1
PSEC0121	DNAJB11
RP11-96K19.1	LRIF1
H14	DENR
RP1-68O2.1	MYH9
RP5-977B1.9	MYL9
OK/SW-CL.26	RPS3
RP11-413M3.3	SDCCAG3
RP1-230G1.2	SYN1
RP3-480J14.1	PTPRK
RP11-334J6.5	UCK1
RP11-47A8.3	ARL3
RP11-175B12.1	DLEU1
HSPC204	MRPL42
RP11-291L19.4	PRDX1
DAAP-278B20.1	DDR1
RP5-908M14.8	RPS21
AD-011	C14orf1
HT005	ARIH2
RP11-402G3.1	ATP6V1G1
RP1-142L7.4	LAMA4
RP11-3J11.4	IKBKAP
RP4-597N16.2	TOMM20
YIL073C	SPO22
YHR153C	SPO16
AT3G04680	CLPS3
AT4G04885	PCFS4
AT3G14230	RAP2.2
AT3G58040	SINAT2
AT5G55630	ATKCO1
AT1G04550	IAA12
AT1G15750	TPL
AT1G14920	GAI
AT1G13980	GN
AT2G30360	SIP4
YGL203C	KEX1
YOR016C	ERP4
YMR010W	YMR010W
YBL028C	YBL028C
YBL029C-A	YBL029C-A
YDL222C	FMP45
YBL042C	FUI1
YBR002C	RER2
YBR004C	GPI18
YIL027C	EMC5
YBR006W	UGA2
YHR142W	CHS7
YBR068C	BAP2
YER056C	FCY2
YHR094C	HXT1
YDR297W	SUR2
YGL055W	OLE1
YPR156C	TPO3
YJR117W	STE24
YBR214W	SDS24
YBR222C	PCS60
YBR244W	GPX2
YBR256C	RIB5
YCR021C	HSP30
YDR063W	AIM7
YPR129W	SCD6
YER035W	EDC2
YML038C	YMD8
YHR096C	HXT5
YDL236W	PHO13
YDR100W	TVP15
YLR084C	RAX2
YIL048W	NEO1
YOR104W	PIN2
YDR284C	DPP1
YDR331W	GPI8
YHR188C	GPI16
YLR088W	GAA1
YDR352W	YPQ2
YNL313C	EMW1
YIL127C	RRT14
YDR434W	GPI17
YPL058C	PDR12
YGL029W	CGR1
YPR138C	MEP3
YJL192C	SOP4
YER113C	TMN3
YLR326W	YLR326W
YFL021W	GAT1
YFL047W	RGD2
YGL002W	ERP6
YGL077C	HNM1
YMR269W	TMA23
YKR088C	TVP38
YKL004W	AUR1
YJL117W	PHO86
YPL227C	ALG5
YGR106C	VOA1
YOR273C	TPO4
YGR133W	PEX4
YMR212C	EFR3
YGR271W	SLH1
YGR277C	CAB4
YPL145C	KES1
YGR281W	YOR1
YPL221W	FLC1
YKR003W	OSH6
YHR039C	MSC7
YHR063C	PAN5
YOR004W	UTP23
YHR104W	GRE3
YHR123W	EPT1
YNL130C	CPT1
YHR175W	CTR2
YIL009W	FAA3
YIL047C	SYG1
YIL121W	QDR2
YJL153C	INO1
YJL068C	YJL068C
YMR134W	ERG29
YMR004W	MVP1
YJR118C	ILM1
YKL165C	MCD4
YKL171W	NNK1
YKR080W	MTD1
YLL028W	TPO1
YLL031C	GPI13
YLR083C	EMP70
YLR110C	CCW12
YLR257W	YLR257W
YPR079W	MRL1
YNL283C	WSC2
YLR413W	INA1
YML075C	HMG1
YML058W-A	HUG1
YMR105C	PGM2
YMR221C	YMR221C
YMR250W	GAD1
YMR292W	GOT1
YOR165W	SEY1
YMR300C	ADE4
YPL119C	DBP1
YPL127C	HHO1
YOR087W	YVC1
YPL263C	KEL3
YPL265W	DIP5
YPR113W	PIS1
AT2G31380	STH
AT3G17609	HYH
RP3-330M21.2	CUL9
CITF22-45C1.4	CSF2RB
RP23-374O4.2	Nfe2l2
RP11-102M16.1	IL12RB2
RP1-159A19.2	FGR
RP11-115D7.1	CAP1
LL22NC03-10C3.2	PDGFB
RP11-116G8.1	NET1
XX-FW81657B9.1	GDI1
CTA-941F9.7	FBLN1
GIG2	CD9
RP1-127C7.5	NCF2
RP11-261N11.1	ARFGAP1
AAG5	AGPS
RP5-876B10.1	GNPAT
RP11-380J17.1	PTPRE
HCG_2002013	IMPDH2
RP23-184N11.8	Lrp8
RP23-356E21.1	Dab1
RP11-536C5.3	IGSF8
RP5-1119A7.17	CACNG2
PRO1470	BRF2
RP5-1170K4.6	IL2RB
RP1-302G2.2	NFKBIE
UNQ174/PRO200	PDGFC
RP23-382O24.1	Rpgr
RP1-191N21.2	PDCD2
RP1-118J21.4	MYCL
PIG32	EPRS
RP11-472F14.1	GLDC
FKSG25	OXCT2
RP11-5K23.6	FCGR2A
RP23-436K3.1	Flna
CGI-110	SF3B6
RP11-141M15.2	RERE
RP11-104M22.1	MUSK
RP11-589B3.2	SFTPA1
RP11-481L19.1	DMBT1
582J2.1	IL4R
RP11-348N5.2	SHOC2
RP13-364K23.1	TSC22D3
DADB-17J1.3	BRD2
RP11-510J16.3	PLCG2
RP1-63M2.1	NECAB3
RP11-145M9.4	GNB4
RP1-283E3.7	GNB1
CDABP0131	EHD1
RP11-354P17.2	IFNA2
RP11-72J7.1	IPO5
RP11-294K24.3	PTPN7
RP11-2P5.1	ELF1
RP23-209C6.8	Lck
WUGSC:H_RG437L15.1	RIPK2
RP11-8N6.1	MELK
RP1-80N2.1	LY86
UNQ674/PRO1308	FSTL3
UNQ545/PRO836	SIL1
RP3-462O23.1	GRHL3
RP3-511B24.1	TOP1
AL133330.1	CD44
GIG20	ALB
RP11-352E13.1	UTRN
RP1-179P9.1	ROS1
TCAG7.1085	PCLO
RP3-393D12.2	FHL5
RP11-324I22.1	CREM
RP11-318L16.2	TRAF5
RP11-181P4.1	WASF1
RP5-914P20.2	DPM1
RP11-540D14.7	DPM3
RP11-228B15.2	ENG
RP11-22I24.1	POLH
HCG_25181	SPI1
RP23-198C2.1	Hdac6
RP23-282E10.1	Plaa
RP11-472K8.4	CDH23
RP23-373N8.2	Abcd1
RP3-499B10.1	PPEF1
RP11-114M11.1	DYNLT1
RES4-23	SH3BP2
RP11-574K11.6	CAMK2G
RP11-153M24.3	FLT3
RP11-342D11.1	NRP1
RP4-534B8.1	PTPRA
FKSG13	PTRF
RP1-177P10.1	CFH
HSPC017	POLDIP2
RP11-137P24.1	HAX1
CGI-149	CHMP3
RP11-564C4.2	A1CF
RP11-350O14.1	GRIN1
RP11-380J17.2	MKI67
RP11-563J2.1	PRKCQ
RP11-262N9.1	IL10
RP11-710A11.3	PRF1
RP11-216L13.1	EDF1
RP23-362N19.3	Tsc1
DAMA-25N12.13-004	LTA
RP23-172M21.9	Dlg4
HSPC139	CRIPT
HCG_23853	SCNN1B
RP1-196E23.1	VGLL1
RP11-435O5.3	PTCH1
RP1-309I22.1	TIMP3
UNQ2786	HIP1
RP11-343H5.1	RASSF5
PP1446	IGF2
TCAG7.702	IGFBP1
RP4-669P10.13-001	TCF20
RP11-26P21.1	DIAPH3
RP11-378J18.2	TAF1A
NPD010	PIGP
RP11-66D17.12-002	SH2D2A
RP11-397G5.3	AMD1
RP3-467L1.3	PER3
RP23-446N16.1	Hspa5
RP23-349H7.4	Dnajc1
RP11-261P4.2	IL3RA
XXBAC-BCX195L8.1	KIR2DL1
XXBAC-BCX101P6.2	HLA-C
UNQ407/PRO1199	RETN
RP11-54K16.1	DNAJA1
RP23-170A23.5	Kpna2
RP23-291M22.2	Inadl
RP23-117K15.2	Grin2c
RP23-132N23.20-010	Grin1
RP3-426I6.4	STX12
RP11-78B10.1	CR2
RP11-98L5.3	PAEP
RP11-120D5.1	MID1
RP6-191P20.2	MID2
RP11-47A8.4	TRIM8
DAAP-200B17.5	TRIM26
UNQ391/PRO726	TNFSF14
RP11-232H4.1	F13A1
HSPC165	RANGRF
RP4-669K10.2	RCC1
RP23-272N19.4	Errfi1
RP11-142L4.1	RGS18
RP11-3J10.3	SHB
RP1-81D8.1	PLG
RP11-164O23.4	C4BPA
RP11-349N19.3	GRIA3
HCG_24006	DGAT1
HCG_1781939	NPR3
RP11-550P23.1	HMGB1
RP11-18A3.3	PTPN3
RP5-977B1.6	DLGAP4
HCG_1997849	ATRIP
RP5-997D24.2	SSBP3
RP11-56D16.1	SH2D3C
RP11-128N14.2	RAP2A
TCAG7.582	SHH
CTA-223H9.7	TOB2
RP11-40O20.1	SGCG
DAAP-218M18.5	PBX2
RP23-272D10.5	Maged1
PP14212	ASB8
UNQ146/PRO172	DLL1
RP11-71A24.1	ANXA1
RP11-476B13.3	BICD2
GS1-273L24.4	MTCP1
RP3-473J16.4	MAP3K4
RP11-560I21.1	STX7
RP5-1172N10.4	USP9X
RP11-316M1.2	CERS2
RP11-211N11.6	CASP7
RP4-682C21.3	RABGGTB
RP5-1066H13.1	NFYC
RP11-556K13.2	OLFM3
RP11-544P1.2	CELF2
RP5-1033H22.1	BCAR3
HCG_2044836	TNFRSF6B
RP3-395M20.6	TNFRSF14
RP6-88D7.2	MCF2
RP11-318E3.2	GDI2
RP11-269F19.6	PLK3
RP11-284N8.3	KCNA3
RP1-233K16.1	KCNAB2
RP11-510N19.1	ELF3
PP10141	RILP
RP11-295J3.5	ADAM12
RP11-558F24.3	PIK3CD
RP11-395P17.6	LCN2
FKSG86	KCTD13
CGI-61	SH3GLB1
RP23-345A23.1	Tek
RP23-355L10.11-001	Grb7
RP23-308K19.2	Grb14
RP23-118A9.1	Id3
RP1-309K20.4	SPAG4
RP3-339A18.2	HSD17B10
RP23-161N17.2	Srsf10
RP23-468A19.7	Srsf2
RP11-63P12.1	GDA
RP11-482O9.1	SLC26A8
RP11-115J22.1	CTNNAL1
RP5-1119D9.3	PAK7
TCAG7.1034	RAPGEF5
RP11-336K24.9	LAMTOR2
PRO2783	LAMTOR3
RP11-420G6.2	WRNIP1
RP1-138F4.2	COL9A1
AT2G27100	SE
AT1G01040	DCL1
AT1G09700	HYL1
AT4G14880	OASA1
AT1G55920	SERAT2;1
AT5G23880	CPSF100
AT1G30460	CPSF30
AT5G51660	CPSF160
AT1G61010	CPSF73-I
AT2G01730	CPSF73-II
AT1G75820	CLV1
AT4G01900	GLB1
AT3G05120	GID1A
AT3G63010	GID1B
AT5G27320	GID1C
AT4G24210	SLY1
AT3G27310	PUX1
AT3G15540	IAA19
AT1G19850	MP
AT5G20730	NPH4
AT4G05420	DDB1A
AT3G13550	FUS9
AT5G46210	CUL4
AT4G10180	DET1
RP1-206D15.1	BLZF1
UNQ5357/PRO1078	TMED3
PP7684	SRA1
RP11-350O14.5	ANAPC2
RP3-447F3.1	UBE2C
AT1G75850	VPS35B
AT3G47810	MAG1
AT1G78870	UBC35
AT1G23260	MMZ1
AT3G52560	UEV1D-4
AT1G16890	UBC36
AT1G70660	MMZ2
AT5G56760	SERAT1;1
AT3G59760	OASC
AT3G25250	AGC2-1
AT1G06700	AT1G06700
AT2G30740	AT2G30740
AT3G59350	AT3G59350
AT5G04510	PDK1
AT3G52420	OEP7
AT4G35450	AKR2
AT1G09020	SNF4
AT5G21170	AKINBETA1
AT4G16360	AT4G16360
AT3G01090	KIN10
AT3G55840	AT3G55840
AT2G40000	HSPRO2
AT3G23250	MYB15
AT3G26744	ICE1
RP23-109C16.5	E2f1
RP11-49P4.3	MKNK1
CTA-447C4.1	MAFF
RP1-92O14.1	MPL
AT4G21100	DDB1B
AT5G58760	DDB2
RP23-112C19.1	Sgca
RP23-43C21.1	Sgcd
DADB-129D20.4	PPP1R10
RP11-312J18.1	LY9
RP23-106A3.4	Bcl2l1
RP11-817I4.1	BICD1
RP11-375E1__A.3	SPDEF
RP11-176F3.4	UBE2R2
RP11-168K11.4	RGS3
RP5-902P8.3	TNFRSF4
XXBAC-BCX403H19.4	LAIR1
RP3-375P9.1	SNRPC
RP23-189N15.7	Bub1
RP4-800J21.2	RAE1
BM-040	EAF2
RP23-121D17.3	Dffa
RP23-254N4.2	Dffb
RP11-460I13.4	EYA3
RP5-890O15.2	EYA2
GHC-521F8.2	DRP2
RP11-269P11.1	MAPKAP1
RP11-513M16.6	RPS6
PSEC0106	COASY
RP1-222E13.9	POLDIP3
RP23-464C2.1	Traf2
RP24-388N11.1	Polr1b
RP23-423L9.1	Mtor
RP11-173B14.3	UCHL3
RP11-452K12.10-003	ZDHHC16
RP3-503F13.3	IFNGR1
RP11-33M12.1	NPHP4
RP23-59O12.1	Mpdz
RP11-536C5.1	KCNJ9
MIG19	NBR1
RP11-244N20.5	REXO4
RP11-545E17.1	PKN3
RP11-529I10.1	POLL
PSEC0216	SHARPIN
RP11-157P1.6	LAMA5
RP11-261P9.3	STX16
RP11-25C19.2	VTI1A
RP11-16H23.2	COL17A1
RP3-337H4.1	TJAP1
RP11-82L18.3	SHC3
CGI-11	ATP6V1H
RP11-229P13.1	NPDC1
UNQ5855/PRO34487	SEMA4C
MSTP059	TCEB3
HCG_1984576	ARHGAP17
RP11-298A17.1	DAB2IP
RP11-263K15.1	NTRK2
RP11-17H4.1	TSNAX
HT028	ATP6AP2
RP11-267N12.3	RGS5
DADB-159G18.7	TAPBP
YKL141W	SDH3
YDR178W	SDH4
YDR050C	TPI1
RP11-272L14.1	EFNB2
RP11-2K15.3	REPS2
RP11-392A23.1	GSTA1
DADB-118P11.5	IER3
RP11-328D5.2	CD34
RP11-112J3.1	TLN1
UNQ1873/PRO4316	PIGS
CGI-60	DYNC2LI1
CU464054.1	KIR2DL3
HCG_2044128	AHRR
SPCC663.05C	cia1
YGR099W	TEL2
RP3-509I19.2	REPS1
RP3-526I14.4	TSPO
CH29-120A16.2	Ctla4
RP4-657D16.2	NRD1
RP1-93K22.1	IBTK
RP11-342H3.1	STOM
UNQ3002	DBF4B
DAAP-222I20.1	NEU1
RP3-362J20.2	SLC25A17
RP11-4K3__A.7	MAP3K6
GHC-618H1.1	NXF2
PRO2743	AHSG
RP11-805H4.3	CCNB3
RP23-214E3.6	Gstm1
RP11-6J24.1	SLC1A1
HSPC127	ARL6IP5
RP3-527F8.4	ARHGEF6
HCG_1685807	PEG3
RP11-247A12.4	PPP2R4
RP5-902P8.2	TNFRSF18
RP5-1086K13.2	CD58
RP11-261N11.7	BIRC7
PRO1038	STRADB
RP11-421M1.5	PAK1IP1
RP11-94H3.1	MBL2
RP5-1068H6.2	PRNP
DADB-112B14.11-001	C4B
DADB-122G4.1	C2
UNQ175/PRO201	SH2D3A
RP11-172F4.1	CDC14B
RP1-179N16.4	MAPK13
RP6-27P15.3	FGF13
UNQ2428/PRO4988	CLASRP
RP11-517O1.1	STAG2
RP11-357H24.1	TCF7L2
RP13-46G5.1	IGBP1
RP6-213H19.1	STK26
RP5-1000E10.4	SIKE1
HSPC123	FGFR1OP2
PP2593	PPME1
RP11-366O20.1	PPP6C
RP11-196G18.2	FCGR1A
XXBAC-BCX195L8.9	FCAR
RP5-908M14.2	CABLES2
RP5-914P14.1	DCX
AT3G04280	RR22
AT3G29350	AHP2
AT5G39340	AHP3
AT1G03430	AHP5
AT3G55340	PHIP1
AT3G51300	ROP1
AT5G20020	RAN2
AT5G46330	FLS2
AT4G34110	PAB2
AT2G41430	ERD15
AT2G26280	CID7
AT1G53650	CID8
AT5G10140	FLC
AT2G22540	SVP
AT5G48670	AGL80
AT2G24840	AGL61
AT5G62000	ARF2
AT5G11390	WIT1
AT5G43070	WPP1
AT1G47200	WPP2
AT3G63130	RANGAP1
AT5G19320	RANGAP2
AT2G47450	CAO
AT5G03940	CPSRP54
RP3-496G1.1	EFNB1
RP6-201G10.1	OPHN1
DAAP-90L16.4	LTB
HSPC046	LAT2
UNQ295/PRO334	NPNT
AT3G11730	ATFP8
AT5G43900	MYA2
AT5G03530	RABC2A
AT5G61210	SNAP33
AT3G11820	SYP121
AT1G21750	PDIL1-1
AT4G11310	AT4G11310
AT3G19390	AT3G19390
AT3G23150	ETR2
AT2G37340	RSZ33
AT3G55460	SCL30
AT3G13570	SCL30A
AT1G23860	RSZP21
AT1G55310	SR33
AT3G52450	PUB22
AT1G64520	RPN12a
AT2G35930	PUB23
RP11-395P17.7	CIZ1
RP11-63K6.3	CASP8AP2
AT5G49020	PRMT4A
AT3G06930	PRMT4B
AT3G18690	MKS1
AT2G38470	WRKY33
AT3G24140	FMA
AT5G35750	HK2
YNL142W	MEP2
RP11-112J3.4	TPM2
RP5-914P14.3	PAK3
YDR372C	VPS74
RP5-884M20.3	APEX2
RP11-243J16.10-002	TPX2
RP4-537K17.1	INADL
YPL069C	BTS1
CGI-76	UBE2J1
PSEC0250	TWSG1
UNQ217/PRO243	CHRD
AT2G01830	WOL
AT3G16857	RR1
AT1G59940	ARR3
AT3G48100	RR5
AT1G19050	ARR7
AT2G41310	RR3
AT3G57040	ARR9
AT4G16110	RR2
AT2G01760	RR14
SPBC16C6.10	chp2
SPBC16A3.15C	nda2
SPBC577.09	ckn1
SPAC12G12.10	wdr21
SPAC26A3.09C	rga2
SPAC26H5.03	pcf2
SPAC25H1.06	pcf3
SPAC11H11.06	arp2
CTA-216E10.8	NHP2L1
PRO1400	TF
YPR060C	ARO7
YFL017C	GNA1
YPR037C	ERV2
SPAC1250.01	snf21
SPAC1071.06	arp9
SPAC23D3.09	arp42
SPCC1620.14C	snf22
SPBC26H8.09C	snf59
SPAC26H5.06	pot1
SPCC188.07	ccq1
AT1G19180	JAZ1
AT3G17860	JAZ3
AT1G70700	TIFY7
AT1G32640	MYC2
RP3-337H4.5	XPO5
AT3G59420	CR4
YPR062W	FCY1
YLR351C	NIT3
YML079W	YML079W
SPAC637.12C	mst1
SPAC343.11C	msc1
AT1G02090	FUS5
AT4G14110	COP9
AT2G44950	HUB1
AT5G16840	BPA1
AT3G13720	PRA8
AT2G34690	ACD11
SPAC25A8.01C	fft3
SPAC1805.15C	pub2
AT3G05420	ACBP4
AT5G08130	BIM1
AT1G12980	ESR1
AT1G30490	PHV
AT2G27960	CKS1
AT2G27970	CKS2
AT2G20580	RPN1A
AT2G22490	CYCD2;1
AT5G40460	AT5G40460
AT3G19150	KRP6
AT1G23190	AT1G23190
AT5G63610	CDKE;1
AT5G65420	CYCD4;1
AT5G10440	CYCD4;2
AT1G10690	AT1G10690
AT2G32710	KRP4
AT3G49240	emb1796
AT3G17020	AT3G17020
AT3G54180	CDKB1;1
AT1G66750	CAK4
AT5G27620	CYCH;1
AT4G30820	AT4G30820
AT4G16143	IMPA-2
AT4G28980	CAK1AT
AT1G67580	AT1G67580
AT4G14310	AT4G14310
AT3G53880	AT3G53880
AT1G76540	CDKB2;1
AT5G02220	AT5G02220
AT4G38580	FP6
SPBC28E12.03	rga4
RP5-1054A22.2	TGM2
PP10631	WIPF2
AT4G11110	SPA2
AT3G15354	SPA3
AT1G53090	SPA4
AT2G16070	PDV2
AT5G42480	ARC6
SPBC3D6.11C	slx8
YLR136C	TIS11
SPAC6F12.13C	fps1
SPBC36.06C	spo9
RP4-531M19.1	GBP3
RP1-56L9.4	WTAP
UNQ2448/PRO5727/PRO34080	EDA2R
SPBC3E7.02C	hsp16
SPCC962.02C	bir1
SPAC15A10.15	sgo2
SPAC19A8.10	rfp1
SPBC2D10.13	est1
SPBC29A3.14C	trt1
RP11-529E10.1	RGS12
RP5-889J22__B.2	CARD10
SPBC365.06	pmt3
RP13-349O20.1	NGFRAP1
SPBC725.09C	hob3
GHC-698D2.1	PLP1
UNQ9415	CASP12
LL22NC03-28H9.1	SYN3
UNQ779/PRO1573	CLDN8
DAAP-57C1.5	TAP1
RP11-280O24.2	NFIB
PP3476	VPS11
RP11-12M19.2	VPS16
MTBP @ LOVD	MTBP
RP23-135A21.5	Jun
XX-FW83563B9.1	RPL10
CGI-03	FAF1
RP11-413M3.9	CARD9
RP1-137H15.3	ZIC3
RP11-179B2.1	PAX2
RP23-334I5.3	Pax7
RP5-1065O2.3	PAX1
RP23-335N12.7	Mybl2
DAAP-57C1.2	TAP2
PSEC0004	DEDD2
KE05	DEDD
RP23-452D3.5	Rbck1
RP4-576H24.1	SIRPB1
RP3-477O4.2	CEP250
UNQ9361/PRO34150	CLEC4C
RP1-134E15.1	PRDM1
RP3-398I9.1	RUNX3
RP4-591C20.2	TPD52L2
PRO2222	RBP4
RP11-45A16.1	PAPPA
RP1-313L4.1	MPZL1
RP4-684O24.2	SIRPA
RP4-534D1.2	MUTYH
RP3-383J4.2	DARS2
UNQ1845/PRO3573	PEF1
DLNB27	PDZD3
RP23-382O11.1	Melk
CGI-151	PALLD
L9	PDLIM5
RP23-169M4.1	Src
RP23-353J21.1	Cbx1
RP11-465E19.1	RRAGB
RP11-164C1.3	LARP4B
RP11-56N19.3	AGTRAP
RP11-369J21.10-010	ANXA11
RP23-349H7.1	Mllt10
RP1-101K10.5	FBXO5
HCG_2027080	COG8
RP11-304M3.3	COG6
RP4-670F13.1	EDARADD
UNQ434/PRO865	ERO1L
UNQ532/PRO1075	ERP44
RP5-985L19.2	ERO1LB
RP11-13B9.1	ALG2
RP11-537A6.8	ANXA7
UNQ2971/PRO7431	TAOK2
PP203	SHKBP1
UNQ6505/PRO21383	BSG
RP4-580L15.1	SLC16A1
CDA13	BACE2
RP11-723P2.1	PDHA1
HCG_1643458	PDHA2
BOS_23969	RAB4A
BOS_22871	RABEP2
RP11-458I7.2	VPS45
RP1-122P22.2	RIN2
RP11-4K3__A.8	FCN3
RP23-414M10.3	Eps15
RP23-381B19.6	Ap2b1
LL22NC03-28H9.2	FBXO7
RP11-88M19.2	FBXW2
RP3-330O12.2	FBXO44
LA16C-313D11.6	STUB1
RP5-1112D6.1	REV3L
RP11-536K7.6	FBXO18
RP4-736L20.1	KIF1B
RP11-436O19__A.1	PLEKHA1
RP23-279L23.4	Stat5a
RP11-756A22.2	CENPJ
RP1-197L1.2	SF3B5
RP11-414H17.9	RBM17
HSPC315	DNAJC8
BOS_12661	DNAJC3
RP11-311C24.1	NFAT5
RP11-269F19.1	KIF2C
HSPC218	PAIP2
RP1-71D21.3	CDC40
TCAG7.884	AGFG2
HSD25	SSR2
RP11-520M5.1	ADD1
RP3-404K8.1	PRL
UNQ3099/PRO10096	IL22
UNQ383/PRO715	TNFSF13
RP23-383D12.7	Lrrc41
RP11-400G3.4	CYP2C19
RP11-208C17.6	CYP2C9
RP1-261K5.2	DDO
RP11-38F19.1	RCAN2
TCAG7.39	DLD
RP23-351C7.3	Tcp1
RP24-143D17.2	Cct4
RP23-295C20.6	Tal1
RP3-347H13.9	POLR3H
MY010	POLR3K
HCG_2016179	DNAJC14
RP23-121J14.1	Cap1
RP11-14H3.2	CAP2
RP11-398C13.5	DCLRE1C
UNQ2498/PRO5798	IL23A
RP11-184A2.1	KLF6
RP11-472N13.4	ZEB1
RP1-187J11.1	NCOA7
HCG_45299	PURA
RP23-78H4.1	Ywhae
RP23-65P13.3	Abl1
OK/SW-CL.8	BTF3
RP11-3L8.1	TYRP1
RP11-484I6.5	ERCC5
RP23-153G17.3	Ctnnbip1
RP11-433J16.1	CTNNA3
PRO2061	FGG
RP11-332H14.1	TGFBRAP1
RP1-61A9.3	EPHA8
RP11-60I3.3	NR4A3
RP23-81E16.3	Git1
BOS_17597	CRX
DMEL_CG13221	Vhl
DMEL_CG2304	Trc8
RP3-337O18.1	CTSA
RP23-46N3.2	Ppp2ca
WI1-2389C6.1	Mid1
RP11-316M1.6	PRUNE
RCG_23159	Dcx
RP23-45O6.1	Pak3
RP23-15J3.1	Ikbkg
RP11-210N13.4	IRAK4
RP13-55H22.1	PJA1
RP23-436I3.2	Reps2
RP11-101E13.2	UCHL5
RP1-125I3.5	STMN1
RP11-82I1.3	ORM1
RP11-155N3.2	DOCK9
XXBAC-BCX535A19.5	CDC42EP5
LA16C-314G4.1	ARHGDIG
RP11-245B11.3	RASA3
RP23-313G3.1	Traf6
RP11-500C11.2	KIF13A
RP1-112K5.1	FGD1
RP3-408N23.5	ST13
HSPC322	AHSA1
RP11-298J20.4	ZRANB1
RP11-307K19.1	SNAPC3
RP11-178G16.4	AP3M1
RP11-98F14.9	F10
XXYAC-YX65C7_A.1	THBS2
RP11-553N16.2	EXO1
RP3-510O21.2	ELF4
RP11-533E19.1	TOR1AIP1
AT4G01370	MPK4
AT4G26070	MEK1
AT4G29810	MKK2
AT4G08500	MEKK1
AT1G69600	ZFHD1
P/OKCL.19	UBE2V1
RP11-61L14.5	ADAR
RP23-447J12.1	Map3k7
DMEL_CG3234	tim
RP1-90J20.6	SERPINB6
RP23-81G14.5	Map3k3
AL031709.1	BAIAP3
AT4G38800	MTN1
AT4G26570	CBL3
AT4G28540	CKL6
AT4G14960	TUA6
AT5G62700	TUB3
AT4G34530	CIB1
AT4G26090	RPS2
AT3G25070	RIN4
AT3G01290	AT3G01290
AT2G04550	IBR5
AT2G46070	MPK12
RP11-66D17.4	CRABP2
CU464060.1	KIR2DS2
AD-002	CWC15
OK/SW-CL.46	RPL13
RP11-474I16.2	FCGR2B
XXBAC-BCX105G6.12-005	LILRB2
RP4-613A2.4	TAF5L
RP1-9E21.4	TADA1
AT5G16000	NIK1
AT1G14320	SAC52
AT2G38170	CAX1
AT3G51860	CAX3
AT5G10380	RING1
AT5G17690	TFL2
AT3G63140	CSP41A
AT1G09340	CRB
AT4G27960	UBC9
AT5G44030	CESA4
AT4G18780	IRX1
AT5G17420	IRX3
AT5G47120	BI1
AT2G32720	CB5-B
AT4G20870	FAH2
BOS_18773	POLR2A
AT4G27630	GTG2
AT1G64990	GTG1
YAL012W	CYS3
YMR181C	YMR181C
YAL044W-A	YAL044W-A
YAL055W	PEX22
YAR027W	UIP3
YAR028W	YAR028W
YBR153W	RIB7
YBR242W	YBR242W
YCR024C	SLM5
YDL073W	YDL073W
YDL144C	YDL144C
YDR374C	PHO92
YDR399W	HPT1
YDR441C	APT2
YML022W	APT1
YER024W	YAT2
YAR035W	YAT1
YER043C	SAH1
YGR027C	RPS25A
YCL056C	PEX34
YIR036C	IRC24
YJL189W	RPL39
YKL069W	YKL069W
YLR011W	LOT6
YLR227C	ADY4
YDR208W	MSS4
YNR029C	YNR029C
YML082W	YML082W
YEL048C	TCA17
YNR027W	BUD17
YEL029C	BUD16
YOL089C	HAL9
YBR150C	TBS1
YNR032C-A	HUB1
YPL108W	YPL108W
YLR405W	DUS4
YPL260W	YPL260W
YPR085C	ASA1
YPR158W	CUR1
CTD-2530H13.3	RLIM
AT1G35670	CDPK2
AT1G56280	DI19
YML070W	DAK1
PRED28	N6AMT1
YOR008C	SLG1
YLR390W-A	CCW14
YGR023W	MTL1
YJL078C	PRY3
YNR044W	AGA1
YJL217W	REE1
MY038	RBBP6
MDS019	APOBEC3G
RP11-15I11.1	DTL
OK/SW-CL.20	SLC11A2
PSEC0192	NDFIP1
DMEL_CG16982	Roc1a
DMEL_CG1877	Cul1
DMEL_CG1512	Cul2
DMEL_CG42616	Cul3
DMEL_CG16988	Roc1b
DMEL_CG8998	Roc2
DMEL_CG1401	Cul5
RP23-290B5.3	Eme1
RP11-346K17.1	MAP1LC3A
RP3-527F8.3	CD40LG
HSPC057	CYLD
RP11-334P12.2	DDX58
RP11-71H17.7	KALRN
L5	KIAA0101
FKSG34	ADAM19
RP23-323L8.2	Npm1
RP23-319B15.3	Sqstm1
YLR406C	RPL31B
RP23-56I20.1	Trp53
YMR174C	PAI3
RP11-63K6.2	BACH2
CGI-102	EXOSC3
DMEL_CG13929	metl
DMEL_CG18803	Psn
AT5G05410	DREB2A
AT1G06770	DRIP1
RP1-53C18.4	ABTB2
YBL030C	PET9
YDL174C	DLD1
YDR529C	QCR7
YGL191W	COX13
YHR001W-A	QCR10
RP11-437A18.1	CCAR1
PP3971	FBXW5
RP11-342J4.2	BORA
YDR177W	UBC1
RP23-243J8.1	Akap1
UNQ128/PRO1063	SEL1L
YDL197C	ASF2
RP5-852M4.4	RBCK1
BOS_14437	HSPA8
CGI-101	DERL2
RP23-330N10.2	Ncor1
HRIHFB2122	TRIOBP
RP11-69J16.1	HECTD3
DMEL_CG4166	not
DMEL_CG13379	Sgf11
RP1-122O8.2	ANKRD6
YOR128C	ADE2
AT4G33650	DRP3A
AT5G42080	DL1
CTD-2522E6.1	UBA1
RP23-136D4.1	Mapt
RP23-28I8.3	Bag1
RP11-345K20.1	PPP3CB
RCJMB04_17E13	FANCC
RCJMB04_33E6	FANCG
AT2G28800	ALB3
AT2G18710	SCY1
AT4G38430	ROPGEF1
AT1G75840	ARAC5
AT1G01700	ROPGEF2
AT3G48040	ROP10
HSPC239	TBC1D7
AT4G24240	WRKY7
AT2G27030	CAM5
AT5G66030	ATGRIP
AT2G24765	ARF3
AT5G59380	MBD6
AT5G66750	CHR1
AT3G15730	PLDALPHA1
AT3G63400	AT3G63400
AT3G50670	U1-70K
AT5G18810	SCL28
AT3G54340	AP3
AT5G20240	PI
AT1G04250	AXR3
AT3G56100	MRLK
AT4G24540	AGL24
AT3G14180	AT3G14180
AT2G04630	NRPB6B
AT2G37630	AS1
AT1G65620	AS2
AT1G21250	WAK1
AT1G06680	PSBP-1
AT4G32850	nPAP
AT2G36270	ABI5
AT1G62960	ACS10
AT5G05760	SYP31
AT4G17750	HSF1
AT1G55520	TBP2
AT3G14110	FLU
AT1G58290	HEMA1
AT1G10840	TIF3H1
AT5G27640	TIF3B1
AT4G11420	EIF3A
AT3G56150	EIF3C
AT3G57290	EIF3E
AT5G53360	AT5G53360
AT1G56010	NAC1
AT3G53610	RAB8
AT4G23630	BTI1
AT4G11220	BTI2
AT5G41600	BTI3
AT3G61860	RSP31
AT1G10290	ADL6
AT1G18040	CDKD1;3
AT1G73690	CDKD1;1
AT2G26990	FUS12
AT5G28770	BZO2H3
AT4G20380	AT4G20380
AT1G70210	CYCD1;1
AT2G23380	CLF
AT5G51230	EMF2
AT1G31340	RUB1
YDR183W	PLP1
HSPC238	RNF181
YGR146C	ECL1
YGL209W	MIG2
YDR249C	YDR249C
YKR052C	MRS4
YMR122W-A	YMR122W-A
YJR115W	YJR115W
YER064C	VHR2
YDL224C	WHI4
YNR014W	YNR014W
YDR072C	IPT1
YBL089W	AVT5
YOL128C	YGK3
YLR034C	SMF3
YIL006W	YIA6
YNL327W	EGT2
YHL008C	YHL008C
YNL268W	LYP1
YOR052C	TMC1
YJL056C	ZAP1
YLR414C	PUN1
YKR075C	YKR075C
YGL028C	SCW11
YHL036W	MUP3
YNL328C	MDJ2
YOR172W	YRM1
AT5G51700	PBS2
AT4G23570	SGT1A
AT4G11260	SGT1B
AT1G05760	RTM1
AT1G31440	AT1G31440
AT4G12780	AT4G12780
AT5G41410	BEL1
AT1G70510	KNAT2
AT4G32040	KNAT5
AT3G24650	ABI3
AT4G17615	CBL1
AT5G01810	CIPK15
AT1G01140	CIPK9
YDR258C	HSP78
YFR016C	YFR016C
YPL212C	PUS1
YPR163C	TIF3
YJR073C	OPI3
YLR304C	ACO1
YPR095C	SYT1
AT1G69120	AP1
AT1G24260	SEP3
AT5G18410	PIR121
AT2G35110	GRL
AT1G20090	ROP2
AT4G32551	LUG
AT1G43850	SEU
AT3G21870	CYCP2;1
AT2G44740	CYCP4;1
AT5G61650	CYCP4;2
AT3G07880	SCN1
AT5G20910	AT5G20910
AT5G39510	SGR4
AT5G46860	VAM3
AT5G16830	SYP21
AT1G10430	PP2A-2
AT5G53000	TAP46
AT1G29150	ATS9
AT3G05530	RPT5A
YPL177C	CUP9
YPL200W	CSM4
AT3G09880	ATB BETA
AT1G25490	RCN1
YKR095W-A	PCC1
RP23-233B9.9	Nasp
RP11-262P20.3	WHSC1
UNQ9342/PRO34047	WDR82
AT4G15900	PRL1
AT3G45780	PHOT1
AT5G64330	NPH3
AT1G16610	SR45
AT1G30950	UFO
AT2G29960	CYP5
AT3G50630	KRP2
AT3G24810	ICK3
YDL191W	RPL35A
YDL136W	RPL35B
AT1G06040	STO
AT3G20740	FIE
AT1G02580	MEA
AT3G17510	CIPK1
AT4G30960	SIP3
AT5G10930	CIPK5
AT5G07070	CIPK2
AT4G18040	EIF4E
AT3G45140	LOX2
AT3G63420	GG1
AT4G34460	AGB1
AT4G31920	RR10
AT2G34180	CIPK13
AT5G01820	SR1
AT3G54610	HAG1
AT3G07740	ADA2A
AT4G16420	ADA2B
AT4G25490	CBF1
AT1G05560	UGT75B1
AT2G05520	GRP-3
AT3G51260	PAD1
AT5G57900	SKIP1
AT5G67250	SKIP2
AT2G21950	SKIP6
AT1G26310	CAL
AT2G45660	AGL20
AT1G02450	NIMIN1
AT3G25882	NIMIN-2
AT1G09415	NIMIN-3
AT3G22942	AGG2
AT3G52430	PAD4
AT3G48090	EDS1
AT1G16240	SYP51
AT5G26980	SYP41
AT1G28490	SYP61
AT1G26670	VTI1B
AT1G79590	SYP52
AT4G36730	GBF1
AT2G20570	GPRI1
AT2G46270	GBF3
AT4G35000	APX3
AT5G02470	DPA
AT2G36010	E2F3
AT5G03415	DPB
RP1-138B7.1	L3MBTL1
RP3-357D13.2	TTK
AT2G22430	HB6
AT5G57050	ABI2
AT1G23820	SPDS1
AT5G53120	SPDS3
AT1G70310	SPDS2
AT1G19350	BES1
AT1G10210	MPK1
AT2G43790	MPK6
AT1G77000	SKP2B
AT1G47870	ATE2F2
AT3G45640	MPK3
AT2G38020	VCL1
AT3G54860	ATVPS33
AT2G05170	VPS11
AT1G22920	CSN5A
AT1G15100	RHA2A
AT1G52890	NAC019
YCL005W-A	VMA9
AT2G26650	KT1
AT4G32650	KAT3
AT3G61060	PP2-A13
AT1G63090	PP2-A11
AT2G02870	AT2G02870
AT3G59940	AT3G59940
AT2G02230	PP2-B1
AT1G23780	AT1G23780
AT2G17030	AT2G17030
AT1G25280	TLP10
AT2G01620	MEE11
AT5G45360	AT5G45360
AT1G21760	FBP7
AT5G52120	PP2-A14
AT1G76920	AT1G76920
AT1G06110	SKIP16
AT4G08980	FBW2
AT4G05460	AT4G05460
YKR016W	MIC60
AT3G21850	SK9
AT2G03160	SK19
YOR017W	PET127
YDR194C	MSS116
AT5G11300	CYC3B
AT2G34650	PID
AT2G41100	TCH3
AT5G54490	PBP1
AT2G46410	CPC
AT1G63650	EGL3
AT5G58230	MSI1
AT2G04660	APC2
AT3G05870	APC11
AT3G48150	APC8
AT2G18290	APC10
AT3G16320	CDC27a
AT2G36910	ABCB1
AT3G58780	SHP1
AT2G42830	SHP2
AT4G09960	STK
AT1G04240	SHY2
AT1G61520	LHCA3
AT1G31330	PSAF
AT4G12800	PSAL
ARTHCP022	psaA
ARTHCP021	psaB
AT3G47470	LHCA4
AT5G14750	MYB66
AT5G42270	VAR1
AT2G30950	VAR2
AT3G20770	EIN3
AT5G25350	EBF2
AT3G06380	TLP9
AT4G14147	ARPC4
AT1G30825	DIS2
AT5G58550	EOL2
AT5G65800	ACS5
AT3G51770	ETO1
AT5G35550	TT2
AT4G09820	TT8
AT4G27330	SPL
AT2G45190	AFO
AT5G63160	BT1
AT3G01770	BET10
AT5G58220	TTL
AT4G09000	GRF1
AT5G28640	AN3
AT5G17790	VAR3
AT4G19170	NCED4
AT1G56650	PAP1
AT1G66390	MYB90
AT4G00480	ATMYC1
AT2G46020	BRM
AT3G59380	FTA
AT5G40280	ERA1
AT4G10710	SPT16
AT3G28730	HMG
AT4G14560	IAA1
AT4G19660	NPR4
AT1G26830	CUL3
AT1G69670	CUL3B
AT1G01640	AT1G01640
AT2G39760	BPM3
AT1G21780	AT1G21780
AT1G60430	ARPC3
AT2G38440	SCAR2
AT3G07040	RPM1
AT2G20310	RIN13
YHL023C	NPR3
Z69666.1-003	NPRL3
PNAS-118	EGLN1
YJL167W	ERG20
AT5G19000	BPM1
RP3-339A18.4	HUWE1
HCG_26824	WDR82P1
HSPC301	ING3
RP3-524E15.1	BRPF3
RP3-522J7.4	BRD1
AT5G64350	FKBP12
AT3G54170	FIP37
AT5G41070	DRB5
AT5G13820	TBP1
AT4G02150	MOS6
AT4G31580	SRZ-22
AT5G09250	KIWI
AT4G10920	KELP
AT2G40940	ERS1
AT1G47260	GAMMA CA2
AT5G63510	GAMMA CAL1
AT3G48680	GAMMA CAL2
AT5G16490	RIC4
AT5G13300	SFC
AT3G18730	TSK
AT1G52410	TSA1
AT2G43370	AT2G43370
AT4G03190	GRH1
AT5G39660	CDF2
AT3G47500	CDF3
AT5G62430	CDF1
AT5G14930	SAG101
AT5G15800	SEP1
AT3G02310	SEP2
AT2G45650	AGL6
AT5G54160	OMT1
AT3G23030	IAA2
AT5G43700	ATAUX2-11
AT4G34430	CHB3
AT5G23260	TT16
AT1G65480	FT
AT4G35900	FD
AT3G03950	ECT1
AT5G20010	RAN-1
AT1G07140	SIRANBP
AT5G55190	RAN3
YHR014W	SPO13
AT4G23140	CRK6
AT5G61850	LFY
AT4G24972	TPD1
AT5G07280	EMS1
AT2G05620	PGR5
AT4G22890	PGR5-LIKE A
AT1G60950	FED A
AT2G19430	DWA1
AT2G27250	CLV3
AT5G08120	MPB2C
AT5G24020	MIND
AT1G69390	MINE1
AT5G55280	FTSZ1-1
AT2G36250	FTSZ2-1
AT3G26650	GAPA
AT3G62410	CP12-2
AT1G32060	PRK
AT4G32410	CESA1
AT5G64740	CESA6
AT5G05170	CEV1
AT4G23810	WRKY53
AT1G21980	PIP5K1
AT5G64070	PI-4KBETA1
AT1G54040	ESP
YIL146C	ATG32
AT4G25230	RIN2
AT5G51450	RIN3
AT1G52920	GPCR
AT2G42620	MAX2
AT1G54140	TAFII21
AT1G04950	TAFII59
AT4G31720	TAFII15
AT5G25150	TAF5
AT4G34340	TAF8
AT5G13530	KEG
AT3G13300	VCS
AT5G13570	DCP2
AT1G08370	DCP1
AT1G30970	SUF4
AT4G00650	FRI
AT5G16320	FRL1
AT4G02560	LD
AT5G47100	CBL9
AT2G36680	AT2G36680
AT3G12400	ELC
AT4G21560	VPS28-1
AT4G29350	PFN2
AT1G24150	FH4
AT4G29130	HXK1
AT1G09100	RPT5B
AT1G76030	AT1G76030
AT5G45110	NPR3
AT3G20600	NDR1
AT2G43350	GPX3
AT3G57560	NAGK
AT3G08730	PK1
AT3G08850	RAPTOR1
AT1G50030	TOR
AT4G02640	BZO2H1
AT4G21070	BRCA1
AT1G04020	BARD1
AT1G64750	DSS1(I)
AT5G45010	DSS1(V)
AT5G01630	BRCA2B
AT2G27820	PD1
AT1G21410	SKP2A
AT1G30270	CIPK23
AT5G42750	BKI1
AT3G62420	BZIP53
AT5G24800	BZIP9
AT3G54620	BZIP25
AT5G49450	bZIP1
AT4G34590	GBF6
AT1G75390	bZIP44
YNL119W	NCS2
YGL211W	NCS6
AT2G45640	SAP18
AT4G38130	HD1
AT1G50640	ERF3
AT3G15210	ERF4
AT3G02520	GRF7
AT1G75410	BLH3
AT4G32980	ATH1
AT4G39990	RABA4B
AT2G20890	PSB29
AT5G19620	OEP80
AT4G31800	WRKY18
AT1G80840	WRKY40
AT2G25000	WRKY60
AT3G07370	CHIP
AT1G13320	PP2AA3
AT1G50250	FTSH1
AT5G45390	CLPP4
AT5G10480	PAS2
AT1G02970	WEE1
AT2G39810	HOS1
AT2G35940	BLH1
AT2G16400	BLH7
AT1G62990	KNAT7
AT5G01840	OFP1
AT1G06920	OFP4
YKR096W	ESL2
RP11-258C19.2	KDM5C
JM2	FOXP3
AT3G61120	AGL13
AT5G60910	AGL8
AT5G13790	AGL15
SPAC11E3.03	csm1
SPBC6B1.04	mde4
RP13-886N14.3	KDM6A
YGR055W	MUP1
SPBC16E9.01C	php4
SPBC26H8.06	grx4
YNL014W	HEF3
YOR369C	RPS12
YPR145W	ASN1
YPL028W	ERG10
AT1G17140	ICR1
AT3G53350	RIP4
AT5G03280	EIN2
AT3G15150	HPY2
AT3G57870	SCE1
AT2G26540	HEMD
AT2G47220	DUF5
AT3G62300	DUF7
AT1G26110	DCP5
RP11-181E22.3	ZMYM4
AT1G64060	RBOH F
AT5G06410	AT5G06410
AT4G22220	ISU1
AT5G13290	CRN
AT1G65380	CLV2
YDR481C	PHO8
YLR073C	RFU1
AT4G20780	CML42
AT2G46600	AT2G46600
AT4G12560	CPR30
AT3G21860	SK10
AT2G03190	SK16
AT2G33460	RIC1
AT4G35020	RAC3
AT5G53160	RCAR3
YOL071W	SDH5
YKL148C	SDH1
AT2G19560	EER5
AT3G10650	AT3G10650
AT2G39340	AT2G39340
AT3G06290	AT3G06290
AT4G37010	CEN2
AT3G50360	CEN2
AT1G75990	AT1G75990
AT1G20200	EMB2719
YOL025W	LAG2
AT1G22190	AT1G22190
AT1G78080	RAP2.4
AT1G64480	CBL8
AT4G01420	CBL5
DMEL_CG31992	gw
DMEL_CG5119	pAbp
AT2G24490	RPA2
AT2G06510	RPA1A
YKL209C	STE6
YPL192C	PRM3
AT1G12110	NRT1.1
AT2G43760	AT2G43760
AT4G10100	CNX7
AT4G17870	PYR1
YJL088W	ARG3
YPL111W	CAR1
AT2G38310	PYL4
AT5G05440	PYL5
AT1G01360	RCAR1
AT2G40330	PYL6
AT4G01026	PYL7
AT4G27920	PYL10
AT5G46790	PYL1
AT1G72770	HAB1
AT2G33560	BUBR1
AT3G19590	BUB3.1
AT3G25980	MAD2
AT5G04990	SUN1
AT3G10730	SUN2
YBL080C	PET112
YMR293C	HER2
YGR102C	GTF1
YPL052W	OAZ1
YKL184W	SPE1
YBL064C	PRX1
YKL086W	SRX1
SPAC11E3.01C	swr1
SPAPB8E5.09	rvb1
SPBC83.08	rvb2
SPBP23A10.08	alp5
SPCC550.12	arp6
SPBP35G2.13C	swc2
SPAC9G1.13C	swc4
SPCC338.08	ctp1
SPAC3H5.10	rpl3202
YPL158C	AIM44
YDR081C	PDC2
Q0105	COB
RP1-249I4.1	FIG4
YNL054W	VAC7
YKL005C	BYE1
YER051W	JHD1
YGL131C	SNT2
YHR199C-A	NBL1
YDR014W	RAD61
SPAC25G10.04C	rec10
SPAC17A5.18C	rec25
SPBC1718.02	hop1
AT5G56750	NDL1
AT5G16820	HSF3
YMR286W	MRPL33
YIL002W-A	YIL002W-A
YKL138C	MRPL31
YJL096W	MRPL49
YNL122C	YNL122C
YKL006W	RPL14A
YGL202W	ARO8
YJL198W	PHO90
YHR136C	SPL2
YER088C	DOT6
SPBC1289.04C	pob1
YDR342C	HXT7
YBR191W	RPL21A
YER077C	YER077C
AT3G01320	SNL1
AT3G05380	ALY2
YGL119W	COQ8
YOR084W	LPX1
YMR115W	MGR3
YDL010W	GRX6
AT5G13060	ABAP1
AT4G14700	ORC1A
AT2G31270	CDT1A
AT1G30210	TCP24
YPL017C	IRC15
YDR367W	KEI1
YLR387C	REH1
SPBC1861.01C	cnp3
SPAC26A3.16	dph1
SPAC4F8.13C	rng2
YNL279W	PRM1
YDR497C	ITR1
YNL321W	VNX1
AT3G18890	AT3G18890
AT5G66190	FNR1
AT1G73080	PEPR1
AT3G12580	HSP70
AT3G05800	AIF1
AT1G74500	BS1
YGL045W	RIM8
YNL294C	RIM21
AT5G62500	EB1B
MSTP039	USP16
RP11-403E24.2	AMER1
RP5-1042K10.8	ADSL
XX-FW89031B12.1	UBL4A
RP11-298J23.4	USP49
RP11-297K8.3	USP21
RP11-45G17.1	FUCA1
HUCEP-6	BAP1
RP3-451B15.2	HIVEP1
RP11-98I9.5	USP45
RP3-401D24.1	PRIM2
HCG_1807742	USP17L9P
OK/SW-CL.40	ABCE1
SBBI54	JOSD2
GHC-857G6.2	TCEAL4
RP11-121O19.1	USPL1
RP4-657D16.1	OSBPL9
RP5-1129A6.3	SCML2
RP11-480K16.2	TUBGCP3
RP11-298P3.3	N4BP2L2
TCAG7.880	USP42
RP4-776P7.1	WDR3
RP11-4K3__A.1	WDTC1
OK/SW-CL.74	KLHL18
CDABP0061	UTP18
AD-006	CRBN
CGI-20	GET4
RP5-963E22.1	YTHDF1
PP8407	CEP192
RP4-678E16.1	RNF220
FP757	SUPT20H
CGI-77	OTUD6B
RP11-212K13.2	OTUD7B
RP11-380P16.6	KLHL9
RP11-59I9.2	BEND3
CGI-80	AASDHPPT
RP11-356B19.6	FAM129B
UG063H01	FBXO11
GL014	DCAF11
RP11-98D18.12-005	SNX27
MSTP028	KCTD10
UNQ496/PRO1013	FAM175A
RP11-703H16.1	PPIL4
RP3-322I12.1	BTBD9
MY048	TCEAL2
RP11-218D6.5	MPP7
RP11-358N2.1	ASXL1
RP1-298J15.1	KDM1B
UNQ340/PRO539	KIF7
RP11-57K17.2	CEP85L
RP11-208F1.2	TEX10
RP5-1099D15.1	SLX4IP
RP4-579N16.5	PPP6R2
UNQ5837	ANKRD52
HDCMA18P	LARP7
RP4-686C3.1	NOP56
RP13-122B23.2	TUBB4B
L3	HEXIM2
RP4-677H15.1	LRRC40
RP1-310O13.8	PDRG1
CDA12	ACTR6
RP4-570L12.2	TAF9B
RP4-683H9.1	PHGDH
HSPC120	NOP58
AD-009	GPN3
RP11-379F12.5	TAF3
RP4-635E18.2	TARDBP
RP3-412I7.4	KPNA5
CGI-99	C14orf166
RP11-426L16.2	MOV10
RP11-216N14.2	INTS3
XXBAC-BCX105G6.6	RPS9
HSPC235	MRPL37
YHR036W	BRL1
YGL247W	BRR6
RP23-252M19.8	Mecp2
RP23-170G19.5	Atrx
HSPC216	ZC3HC1
DAMA-213L4.5	TCF19
AT1G32130	IWS1
AT5G58140	PHOT2
RP1-245G19.3	CDKL5
AT4G28270	RMA2
AT4G02980	ABP1
RP11-540B6.6	FAN1
AT3G19720	ARC5
AT3G47430	PEX11B
AT1G01820	PEX11C
AT2G45740	PEX11D
AT1G47710	AT1G47710
AT1G47128	RD21
RP5-1166H10.3	LAPTM5
AL022311.2	MICALL1
UNQ737/PRO1431	FCHSD1
RP11-262H5.1	CENPF
YDR410C	STE14
NPD020	GTF3C6
AT1G56170	NF-YC2
AT4G14540	NF-YB3
AT3G10800	BZIP28
AT1G17760	CSTF77
YBL059C-A	CMC2
YKL137W	CMC1
RP1-34B20.8	HIST1H3E
RP11-396C23.1	H3F3A
RP13-444K19.2	PHF8
AT1G59610	DL3
YBR015C	MNN2
RP23-322K15.1	Rnf220
RP11-173D14.2	PHIP
RP4-745I14.1	DCAF6
RP23-419G22.4	Smc1a
YIL162W	SUC2
SPBP8B7.28C	stc1
AT5G46240	KAT1
YCR037C	PHO87
HHV1GP016	UL9
HHV1GP046	UL30
HHV1GP076	UL52
RP5-976O13.1	MTF2
RP23-253E9.4	Suz12
RP23-391E6.3	Rbbp4
AT5G25480	DNMT2
AT5G22650	HD2B
YGR038W	ORM1
RP3-468K18.1	PLAGL1
RP11-188C12.1	EHMT1
RP11-118F2.1	SPTLC1
YLR134W	PDC5
YBL075C	SSA3
YNL280C	ERG24
YHR190W	ERG9
YCL025C	AGP1
YDR046C	BAP3
YKL065C	YET1
YGL054C	ERV14
YHL048W	COS8
YML123C	PHO84
YMR215W	GAS3
YOL030W	GAS5
YDR414C	ERD1
YOR287C	RRP36
AT4G28910	NINJA
AT5G20900	JAZ12
SPBC1105.02C	lys4
SPAC1D4.11C	lkh1
DMEL_CG32211	Taf6
DMEL_CG40411	Parp
HSPC064	DCAF13
SPCC1753.03C	rec7
SPAC1952.15C	rec24
SPAC17A5.11	rec12
SPBC32F12.02	rec14
SPBC31F10.08	mde2
AT4G15802	HSBP
AT1G71930	VND7
AT5G13180	NAC083
YDL072C	YET3
AT1G80370	CYCA2;4
AT3G02280	AT3G02280
AT5G18400	AT5G18400
AT2G16390	DRD1
AT3G22680	RDM1
AT3G49250	DMS3
AT4G37630	CYCD5;1
AT1G15570	CYCA2;3
AT1G49620	ICK5
AT5G48820	ICK6
AT5G06150	CYC1BAT
AT3G50070	CYCD3;3
AT5G43080	CYCA3;1
AT1G47230	CYCA3;4
AT5G67260	CYCD3;2
AT4G03270	CYCD6;1
AT5G25380	CYCA2;1
AT1G16330	CYCB3;1
AT2G38620	CDKB1;2
AT4G37490	CYCB1;1
AT1G20930	CDKB2;2
AT5G13840	FZR3
AT5G22220	E2F1
AT3G12280	RBR1
SPAC6F12.16C	mtr4
SPBP35G2.08C	air1
SPBC1D7.04	mlo3
SPBC651.01C	nog1
SPBP8B7.20C	nop2
SPBP8B7.16C	dbp2
SPAC6F6.03C	SPAC6F6.03c
AT3G44110	ATJ3
AT2G39660	BIK1
RP24-209H15.1	Tlr4
RP23-252M19.7	Irak1
YBR185C	MBA1
RP11-131P10.1	UFM1
RP11-401M16.2	MUL1
LP2254	RNF167
HSPC087	LTN1
RP11-472F14.2	UHRF2
RP11-91K11.1	RNF186
RP4-636O23.1	UBE2U
AT1G05385	LPA19
ARTHCP002	psbA
RP11-32D17.1	ASPM
RP11-84P7.4	RNF38
DMEL_CG11186	toy
F29B9.6	ubc-9
AT3G61740	SDG14
AT2G26150	HSFA2
YDL215C	GDH2
AT2G40180	PP2C5
YML111W	BUL2
YJR057W	CDC8
YGR109C	CLB6
YHL032C	GUT1
YDL173W	PAR32
YDR466W	PKH3
YDR251W	PAM1
YGL059W	PKP2
YNR032W	PPG1
YOR090C	PTC5
YLR067C	PET309
HSD4	RNF138
RP11-163B6.3	RC3H2
UNQ328/PRO444	RSPRY1
RP11-543N17.3	MARCH5
RP5-902P8.8	UBE2J2
AT5G57740	XBAT32
AT2G22810	ACS4
AT4G26200	ACS7
AT4G26840	SUMO1
SPCC736.12C	mmi1
SPBC16E9.12C	pab2
AT3G06730	TRX z
AT1G69200	FLN2
RP11-520H16.1	PYHIN1
DMEL_CG6605	BicD
DMEL_CG6582	Aac11
DMEL_CG10473	Acn
DMEL_CG11727	Evi5
DMEL_CG33967	kibra
DMEL_CG18543	mtrm
DMEL_CG2248	Rac1
DMEL_CG2049	Pkn
DMEL_CG14216	Ssu72
DMEL_CG30115	GEFmeso
DMEL_CG7948	spn-A
DMEL_CG30169	Brca2
DMEL_CG43398	scrib
DMEL_CG3921	CG3921
DMEL_CG17082	conu
DMEL_CG34422	CG34422
DMEL_CG1956	R
DMEL_CG42312	cno
DMEL_CG9375	Ras85D
DMEL_CG6827	Nrx-IV
DMEL_CG8865	Rgl
DMEL_CG8843	Sec5
DMEL_CG1599	Vamp7
DMEL_CG12210	Syb
DMEL_CG15792	zip
DMEL_CG9423	Kap-alpha3
DMEL_CG9738	Mkk4
DMEL_CG42279	Nedd4
DMEL_CG14895	Pak3
DMEL_CG17245	PlexB
DMEL_CG16928	mre11
DMEL_CG6339	rad50
DMEL_CG15104	Topors
DMEL_CG32150	CG32150
DMEL_CG6829	Ark
DMEL_CG10703	GCC88
DMEL_CG4656	Rassf
DMEL_CG4840	cbs
DMEL_CG8014	Rme-8
DMEL_CG7507	Dhc64C
DMEL_CG4114	ex
DMEL_CG15319	nej
DMEL_CG42274	RhoGAP18B
DMEL_CG8900	RpS18
DMEL_CG5341	Sec6
DMEL_CG18405	Sema-1a
DMEL_CG9936	skd
DMEL_CG2272	slpr
DMEL_CG12770	Vps28
RP23-124L1.5	Vcp
YLL023C	POM33
AT1G78000	SULTR1;2
AT1G76260	DWA2
AT1G74950	TIFY10B
AT1G52240	ROPGEF11
AT5G13630	GUN5
AT5G20270	HHP1
BOS_22847	RABGEF1
CGI-145	VPS36
PP2386	FBXO31
RP11-483H20.7	ASB6
TCAG7.876	TECPR1
JM5	WDR45
HCG_22771	KIAA0226
RP11-144G16.2	NRBF2
RP11-247M1.4	KIAA0226L
PP894	ATG101
RP11-386D8.2	KIAA0368
RP11-548K23.6	PI4K2A
GENX-3414	STBD1
HSPC094	RABGAP1
RP4-603I14.2	NSUN4
UNQ563/PRO1125	TBL2
RP1-102G20.1	RABGAP1L
MSTP029	HADHB
HSPC262	MRPL38
RP11-103J18.3	CAB39L
RP11-285G1.4	RASSF4
YLR419W	YLR419W
YGL147C	RPL9A
YOL121C	RPS19A
YNL302C	RPS19B
YKL156W	RPS27A
YJL136C	RPS21B
AT5G56130	TEX1
AT5G09860	THO1
AT1G24706	THO2
AT5G42920	THO5
AT5G16790	THO7
AT3G02950	THO7
AT2G30410	KIS
AT4G20890	TUB9
AT3G52850	VSR1
AT5G61900	BON1
AT3G61190	BAP1
AT1G27840	ATCSA-1
AT1G19750	AT1G19750
AT5G65700	BAM1
AT3G49670	BAM2
YPL060W	MFM1
YOR334W	MRS2
SPBC146.01	med15
SPAC9G1.06C	cyk3
SPBC1778.08C	arc3
RP23-366M19.3	Cltc
RP23-289H16.1	Vdac1
RP23-9F23.5	Ndufb6
SPAC27F1.02C	cdc8
AT3G23980	BLI
AT1G35720	ANNAT1
AT2G38750	ANNAT4
AT3G18290	BTS
AT4G14410	bHLH104
AT5G54680	ILR3
AT1G51070	bHLH115
AT3G47640	PYE
AT3G51920	CAM9
AT4G18020	APRR2
B0014	dnaK
SPAC1805.12C	uep1
YPR068C	HOS1
AT3G57860	UVI4-LIKE
AT3G21140	AT3G21140
AT5G25060	AT5G25060
AT1G55890	AT1G55890
AT1G01880	AT1G01880
AT5G02530	AT5G02530
AT4G11920	CCS52A2
AT1G18890	CDPK1
AT4G14830	AT4G14830
AT3G02000	ROXY1
AT5G14070	ROXY2
AT5G67570	DG1
AT2G36990	SIGF
AT2G42160	BRIZ1
AT2G26000	BRIZ2
YKL207W	EMC3
YCL045C	EMC1
YJR088C	EMC2
YDR056C	YDR056C
AT1G07370	PCNA1
AT2G29570	PCNA2
AT5G63960	EMB2780
AT1G57720	AT1G57720
AT2G46280	TRIP-1
AT1G07890	APX1
AT5G16970	AER
AT1G61870	PPR336
AT1G27630	CYCT1;3
AT5G10270	CDKC;1
AT5G64960	CDKC2
AT2G20140	AT2G20140
AT1G45000	AT1G45000
AT5G23540	AT5G23540
AT5G09900	EMB2107
AT4G24820	AT4G24820
AT1G53750	RPT1A
AT5G58290	RPT3
AT3G11270	MEE34
AT1G04810	AT1G04810
AT4G19006	AT4G19006
AT5G19990	RPT6A
AT5G05780	RPN8A
AT2G32730	AT2G32730
AT5G45620	AT5G45620
AT4G24680	MOS1
AT4G33270	CDC20.1
AT2G42260	UVI4
AT5G44635	MCM6
AT4G02060	PRL
AT2G16440	MCM4
AT2G07690	MCM5
RP11-12M5.5	TOR1AIP2
RP23-188H3.1	Kif3a
YLR154W-C	TAR1
YDL039C	PRM7
AT1G07880	ATMPK13
AT5G56580	MKK6
CELE_T23D8.9	sys-1
CELE_C08C3.1	egl-5
B0336.1	wrm-1
CELE_F11C1.6	nhr-25
C54D1.6	bar-1
SPAC2C4.14C	ppk11
CELE_R13H4.4	hmp-1
CELE_K05C4.6	hmp-2
DMEL_CG3883	Saf6
DMEL_CG17689	Spt20
DMEL_CG9866	Atxn7
AT5G56030	HSP81-2
AT1G80490	TPR1
AT3G16830	TPR2
AT4G19640	ARA7
AT3G19770	VPS9A
AT1G62830	LDL1
AT5G04340	ZAT6
RP23-333E24.4	Smn1
RP23-99G21.2	Dmap1
DMEL_CG31611	His4:CG31611
DMEL_CG31613	His3:CG31613
RP5-1185N5.1	TMEM189
AT1G77760	NIA1
AT1G37130	NIA2
AT1G17840	WBC11
AT3G51550	FER
SPAC227.07C	pab1
CELE_R10E11.1	cbp-1
C37A5.9	pry-1
Y18D10A.5	gsk-3
CELE_K04G2.8	apr-1
AT4G19700	RING
AT3G06490	MYB108
YJL062W-A	COA3
RP5-1087E8.4	CDC42BPA
RP11-203M2.2	SETX
RP11-806J18.2	POGZ
RP11-498P10.1	RGL1
L19	SIK3
RP13-25C19.1	WDR44
DC28	WHSC1L1
RP11-165J3.2	WNK2
RP5-862P8.2	KIAA1804
UNQ3124	TOM1L2
F52F12.3	mom-4
C44H4.5	tap-1
SPBC25B2.01	SPBC25B2.01
MNCB-1706	Chtop
RP24-252K15.1	Hnrnpu
L16	ATAD2
DMEL_CG12153	Hira
DMEL_CG34412	tlk
DMEL_CG9088	lid
DMEL_CG15356	CG15356
DMEL_CG3815	CG3815
DMEL_CG5330	Nap1
DMEL_CG16975	Sfmbt
DMEL_CG9802	Cap
DMEL_CG6057	SMC1
DMEL_CG17436	vtd
DMEL_CG3423	SA
T19B4.7	unc-40
CELE_C39F7.2	trim-9
CELE_F55C7.7	unc-73
HHV1GP070	UL48
AT1G51710	UBP6
AT2G41110	CAM2
AT2G26070	RTE1
CELE_R10E4.2	sup-26
CELE_Y106G6H.2	pab-1
DMEL_CG12340	wde
CELE_C01G6.8	cam-1
CELE_K02B12.4	axl-1
CELE_W02B9.1	hmr-1
RP23-247J12.4	Ddx5
DMEL_CG10262	CG10262
RP23-198C2.6	Gata1
RP23-426N4.2	Kdm1a
RP23-36P22.1	Hnf4a
RP23-346H6.1	Nr0b1
RCJMB04_4N20	SSRP1
AT2G26570	AT2G26570
AT1G66480	PMI2
RP1-267P19.1	PDS5B
NBLA10143	HELLS
DMEL_CG12238	e(y)3
DMEL_CG11375	polybromo
DMEL_CG3274	Bap170
DMEL_CG7704	Taf5
DMEL_CG7128	Taf8
AT3G49660	AT3G49660
AT2G31650	ATX1
DASS-97D12.7	ZBTB9
RP11-489N22.3	LMX1B
RP11-57C19.3	FUBP3
RP5-831D17.3	ZFP64
RP6-162O13.1	HDX
RP11-465L10.6	NCOA5
DAAP-200B17.1	TRIM15
DN-160I24.4	Bcl6b
RP23-328K2.8	Brca1
RP23-15I21.4	Rad51
RP23-20F9.1	Spi1
RP23-298E4.4	Ski
RP23-333A18.1	Mafb
RP23-261L3.1	Lmo2
RP23-97J2.1	Ssbp3
RP23-457H10.1	Zeb2
RP23-354G20.5	Nr5a1
RP23-333D2.3	Rara
RP23-36D5.1	Sox9
RP23-279L23.5	Stat3
RP23-461C4.7	Ubtf
RP23-218A4.4	Polr1e
RP24-535M24.1	Tle1
RP23-254N4.10-001	Trp73
RP23-114M15.1	Ssbp2
CELE_F52B5.5	cep-1
C34E10.5	prmt-5
RP23-120P1.1	Ncoa3
RP23-139J21.11-001	Fbxo2
PRO0852	WDR26
DMEL_CG9874	Tbp
F23B12.9	egl-1
T07C4.8	ced-9
RP3-353H6.2	SMARCA1
AT5G63860	UVR8
AT5G52250	AT5G52250
AT5G23730	AT5G23730
FKSG8	SENP8
SNR17A	snR17a
RP23-92G13.2	Gmnn
RP11-546N22.1	MLANA
F33G12.4	lrr-1
CELE_ZK520.4	cul-2
RP23-230F2.4	Fhl3
T05A6.1	cki-1
HIV1GP4	vpr
HIV1GP5	tat
AT4G34000	ABF3
RP23-354I18.1	Sall4
RP23-436I3.1	Rbbp7
RP23-328F3.2	Wdr5
AL606746.1	Sox2
RP23-252M19.5	Hcfc1
RP23-395O2.2	Rif1
RP23-49C8.1	Ogt
RP23-333M1.1	Med1
RP23-358I10.1	Ehmt1
RP23-281C18.5	Ezh1
RP23-193O17.3	Cul4b
RP23-135L5.1	Dnaja1
RP23-265A5.3	Kat7
RP23-113D4.1	Rpa1
RP23-232L15.5	Ssrp1
RP23-463N9.3	Arid1a
Y69A2AR.29	ngn-1
CELE_M05B5.5	hlh-2
CELE_ZK593.5	dnc-1
C26B2.1	dnc-4
PP7130	SUV420H2
DMEL_CG33825	His1:CG33825
DMEL_CG4742	mRpL22
DMEL_CG4897	RpL7
RP1-134M13.1	SENP6
SPCC24B10.07	gad8
RP23-437L13.2	Trp53bp1
RP23-32O9.2	Ncoa6
YNR048W	YNR048W
YMR162C	DNF3
AT5G61230	AT5G61230
AT5G24120	SIGE
YLR193C	UPS1
YKL053C-A	MDM35
YLR168C	UPS2
DMEL_CG17743	pho
DMEL_CG31212	Ino80
YDR185C	UPS3
RP11-335G20.5	RHD
YKL084W	HOT13
RP24-225K18.1	Rptor
DMEL_CG13329	cid
YGR225W	AMA1
RP4-592A1.1	MYSM1
RP23-105O4.4	Ngfrap1
TRG15	PTCD3
SPBC21B10.13C	yox1
SPBC947.08C	hip4
SPBP35G2.02	txc1
SPBC577.08C	txl1
HRIHFB2072	SCOC
SPBC4C3.05C	nuc1
SPBP23A10.07	rpa2
SPBP8B7.21	ubp3
SPBP8B7.11	nxt3
SPBC18H10.08C	ubp4
SPAC7D4.02C	sfp47
SPCC188.08C	ubp5
SPAC17A5.16	ftp105
SPAC13A11.04C	ubp8
SPBC1703.12	ubp9
SPAC31A2.14	bun107
SPAC12B10.03	bun62
SPBC19C2.04C	ubp11
SPAC6B12.12	tom70
SPBC106.16	pre6
SPAC24C9.14	otu1
DMEL_CG6964	Gug
RP3-429G5.1	NR2E1
SPAC1783.04C	hst4
RP24-151H6.1	Cebpb
YGR221C	TOS2
RP23-405B8.1	Ar
PRO2451	SMARCD2
YPL110C	GDE1
RP11-392A14.5	DNAJB5
HHV4_BRLF1	BRLF1
AT1G52380	AT1G52380
SPAC20G4.06C	adf1
HCG_1783907	MTA3
DMEL_CG3241	msl-2
DMEL_CG3025	mof
RP23-19I2.1	Aurkb
RP23-261D24.1	Set
HCVGP1	HCVgp1
RP11-506K6.1	TUBB2B
AT1G03590	AT1G03590
AT4G18390	TCP2
AT2G37000	AT2G37000
AT1G32100	PRR1
AT1G69690	AT1G69690
AT1G01060	LHY
M04B2.1	mep-1
F26F12.7	let-418
RP11-69L16.1	RREB1
CELE_F18C12.2	rme-8
HCG_1646491	ATXN1L
RP23-174M12.1	Mnt
RP23-290B1.2	Atf2
HHV1GP002	RL2
AT4G37850	AT4G37850
AT4G29930	AT4G29930
AT4G26720	PPX1
AT2G42500	PP2A-3
AT1G50420	SCL3
RP23-94N18.7	Pcgf2
RP23-467J23.1	Phc2
RP23-170A3.1	Musk
RP23-242K15.15-003	Dvl1
RP23-292E3.9	Prop1
RP23-172M21.1	Dvl2
RP23-322G1.4	Myt1
RCJMB04_1I20	YY1
AT2G17410	AT2G17410
AT5G60410	SIZ1
AT5G48630	AT5G48630
FKSG82	TSSK6
HIV1GP8	env
HIV1GP1	gag-pol
HIV1GP2	gag
HIV1GP9	nef
HIV1GP7	vpu
HIV1GP3	vif
RP23-238B14.2	Tbl1x
F16B3.1	egl-2
RP3-347H13.8	ACO2
CELE_F09B9.2	unc-115
RP3-454M7.1	OCRL
CTA-250D10.2	FAM109B
CELE_C02C6.1	dyn-1
CELE_Y37A1B.2	lst-4
RP23-252M19.3	Naa10
RP23-328K2.3	Ifi35
RP23-332K7.4	Nmi
AT2G47060	AT2G47060
AT4G13000	AT4G13000
DMEL_CG12892	Caf1-105
DMEL_CG12109	Caf1-180
RP11-10C13.2	JMJD1C
XXBAC-BPG230H20.8	NLRP2
IB3089A	BRINP1
DMEL_CG12165	Incenp
DMEL_CG6620	ial
R06A4.7	mes-2
CELE_F54C1.3	mes-3
C09G4.5	mes-6
DMEL_CG2244	MTA1-like
YGR034W	RPL26B
YJR094W-A	RPL43B
YPR043W	RPL43A
YBR181C	RPS6B
YDR471W	RPL27B
YPR132W	RPS23B
YHR141C	RPL42B
YER056C-A	RPL34A
YIL052C	RPL34B
YBL027W	RPL19B
YOR234C	RPL33B
YMR056C	AAC1
DMEL_CG7413	Rbf
DMEL_CG3480	mip130
DMEL_CG5083	Rbf2
DMEL_CG15119	mip40
DMEL_CG6061	mip120
RP11-552J9.2	SSX2
RP3-349A12.1	UHRF1BP1
DMEL_CG8599	Su(var)3-7
SPAC1006.03C	red1
SPBC646.04	pla1
SPAC1F3.01	rrp6
SPAC23C4.08	rho3
SPCC736.14	dis1
RP23-321M14.1	Ywhab
CELE_F49E11.1	mbk-2
T21E3.1	egg-4
F44F4.2	egg-3
RP3-329A5.7	ZNF76
YNL070W	TOM7
DMEL_CG6297	JIL-1
DMEL_CG8631	msl-3
CELE_R10E11.3	usp-46
C06E1.4	glr-1
CELE_F27D9.8	stn-2
CELE_F15D3.1	dys-1
CELE_F30A10.8	stn-1
CELE_F47G6.1	dyb-1
CELE_C18F3.2	sax-7
HHV1GP082	RL2
RP23-60K23.1	Hsp90aa1
RP24-191C1.1	Aldoa
RCJMB04_12F19	CHAF1A
HRIHFB2411	ZEB2
CELE_F22E12.4	egl-9
F53C11.8	swan-1
DMEL_CG7467	osa
C32F10.2	lin-35
SPAC13C5.02	dre4
RP23-235O1.1	E2f3
BM-309	CENPN
CTA-250D10.18-008	CENPM
RP5-1188J21.1	CENPI
AT2G21240	BPC4
AT5G42520	BPC6
AT2G01930	BPC1
SPBC16C6.12C	las1
SPCC830.03	grc3
RP5-1118M15.1	CTNNBL1
SPBC1861.08C	lea1
SPAC20H4.06C	SPAC20H4.06c
SPAC31G5.18C	sde2
SPAC1486.03C	SPAC1486.03c
SPCC4B3.15	mid1
SPCC663.11	saf1
SPAC2F3.14C	saf2
SPBC1198.12	mfr1
RP11-317B7.1	POLN
DMEL_CG9045	Myb
DMEL_CG5206	bon
AT2G41070	EEL
C32E8.11	ubr-1
RP23-118A2.7	Ube2v1
RP23-310H3.1	Ube2v2
AT4G24990	ATGP4
AT5G41700	UBC8
AT5G60960	AT5G60960
AT1G58100	AT1G58100
YHR073W	OSH3
AT5G35790	G6PD1
AT1G09420	G6PD4
AT4G03520	ATHM2
RP23-268N22.6	Socs3
AT2G30120	AT2G30120
AT2G33835	FES1
AT5G45600	GAS41
AT1G66350	RGL1
RP23-166I8.5	Cdkn2a
F59G1.3	vps-35
CELE_Y47H9C.4	ced-1
YBR243C	ALG7
CELE_R13H8.1	daf-16
DMEL_CG12812	Fancl
DMEL_CG17269	Fancd2
DMEL_CG13745	FANCI
AT1G08720	EDR1
AT1G25540	PFT1
AT3G23220	AT3G23220
AT3G23230	AT3G23230
AT3G23240	ERF1
AT4G18450	AT4G18450
AT4G39070	AT4G39070
AT5G63110	HDA6
AT3G10390	FLD
AT3G44730	KP1
AT5G15090	VDAC3
AT4G17880	AT4G17880
AT5G46760	AT5G46760
DMEL_CG1710	Hcf
DMEL_CG6677	ash2
YHR207C	SET5
YER175C	TMT1
YJL057C	IKS1
YKL091C	YKL091C
AT3G55270	MKP1
AT4G00830	AT4G00830
AT3G04380	SUVR4
AT3G52590	UBQ1
AT2G19520	FVE
YBL011W	SCT1
YDR256C	CTA1
YDL230W	PTP1
YCL047C	POF1
YDR294C	DPL1
RP23-202G21.3	Axin2
AT3G27810	MYB21
AT5G40350	MYB24
RP23-263M10.10	Tax1bp3
YDR257C	RKM4
YBR096W	YBR096W
YJR025C	BNA1
DMEL_CG5825	His3.3A
DMEL_CG17949	His2B:CG17949
DMEL_CG5499	His2Av
YOL138C	RTC1
YBL104C	SEA4
RP24-345B5.1	Wnt5a
RP3-510O21.1	BCORL1
YDR151C	CTH1
RP11-332E3.2	LMO7
RP11-66D17.10-003	HDGF
RP23-466O21.2	Kif5c
SPCC4B3.07	nro1
SPBC6B1.08C	ofd1
CDA07	HDAC8
SPBC947.10	dsc1
SPAC1486.02C	dsc2
SPAC20H4.02	dsc3
SPCC285.11	dsc5
SPAC4D7.11	dsc4
SPBC354.05C	sre2
RP11-48B24.1	WAC
RP5-1121G12.1	PHF20
CGI-72	PHF20L1
RP23-452D3.3	Csnk2a1
RP23-380H19.2	Cdc27
RP23-223A11.5	Skp1a
RP23-106K5.1	Scmh1
RP23-458A23.1	Cbx8
RP23-348L16.2	Mga
RP3-475B7.2	LAS1L
RP23-45J15.1	Kdm4c
AT1G34790	TT1
AT5G13190	AT5G13190
AT1G64690	BLT
AT2G02480	STI
AT5G20480	EFR
AT5G66730	AT5G66730
AT3G03450	RGL2
AT5G17490	RGL3
YOR060C	SLD7
AT1G17380	JAZ5
AT1G72450	JAZ6
AT1G30135	JAZ8
AT5G13220	JAZ10
AT3G43440	JAZ11
AT2G34600	JAZ7
AT1G48500	JAZ4
AT5G27030	TPR3
AT5G21990	AT5G21990
AT3G58350	RTM3
AT2G28160	FRU
AT2G27050	EIL1
AT3G23580	RNR2A
AT1G65740	AT1G65740
AT5G46280	MCM3
AT3G56860	UBA2A
AT3G08505	AT3G08505
AT3G53390	AT3G53390
AT3G60240	EIF4G
AT3G09260	PYK10
AT2G16760	AT2G16760
AT5G13860	ELC-Like
AT3G53120	VPS37-1
AT4G27040	VPS22
AT5G63880	VPS20.1
AT5G04920	AT5G04920
AT5G44560	VPS2.2
AT2G06530	VPS2.1
AT4G19003	VPS25
AT5G09260	VPS20.2
AT2G19830	SNF7.2
AT4G29160	SNF7.1
AT5G22950	VPS24.1
AT2G19670	PRMT1A
AT4G25630	FIB2
AT4G29510	PRMT11
AT1G01560	MPK11
AT3G43210	TES
AT3G06030	NP3
AT3G44200	NEK6
AT3G63280	NEK4
AT3G20860	NEK5
AT1G75540	STH2
AT5G48380	BIR1
YLR137W	RKM5
YGL135W	RPL1B
SPBC25H2.11C	spt7
SPBC14C8.17C	spt8
SPAC1952.05	gcn5
PF11_0336	PF11_0336
PFI0930C	PFI0930c
RP23-137L22.7	Nr0b2
RP23-119N24.1	Grb10
AT3G18010	WOX1
AT3G02470	SAMDC
AT5G27420	CNI1
AT1G73590	PIN1
RP23-16H24.1	Abt1
YBR120C	CBP6
RP23-422L16.15-001	Sox15
AT3G46510	PUB13
SPCC1739.10	mug33
AT2G27350	AT2G27350
AT5G23580	CDPK9
YDR021W	FAL1
YDR451C	YHP1
AT4G14716	ARD1
RP23-436K3.2	Emd
HHV1GP056	UL38
AT4G11140	CRF1
AT4G23750	CRF2
AT5G53290	CRF3
AT4G27950	CRF4
AT2G46310	CRF5
AT3G61630	CRF6
AT1G71130	AT1G71130
AT1G22985	AT1G22985
AT1G66670	CLPP3
AT1G02560	CLPP5
AT1G11750	CLPP6
AT4G17040	CLPR4
AT1G12410	CLP2
AT1G49970	CLPR1
AT1G09130	AT1G09130
AT5G11530	EMF1
AT5G41990	WNK8
AT3G21150	BBX32
AT5G64360	AT5G64360
AT5G62920	ARR6
SNR7-S	snR7-S
SNR47	snR47
RP11-535C21.1	ANP32B
RP11-422P24.3	RPS27
RP11-244N20.10-004	RPL7A
RP11-269F19.3	RPS8
AT1G07400	AT1G07400
AT3G03773	AT3G03773
DMEL_CG4274	fzy
DMEL_CG7838	BubR1
DMEL_CG17498	mad2
RP1-97K10.1	USP26
AT3G61250	MYB17
AT2G40080	ELF4
AT3G46640	PCL1
YKR046C	PET10
YJL082W	IML2
DMEL_CG4548	XNP
LA16C-316G12.1	UNKL
AT1G78300	GRF2
AT1G35160	GF14 PHI
AT5G38480	GRF3
H12I13.4	fbf-1
CELE_Y41D4B.13	ced-2
C02F4.1	ced-5
YGR118W	RPS23A
AT1G09840	SK41
CELE_Y105C5B.21	jac-1
UNQ1821/PRO3434	INTS1
RP11-24B19.2	INTS6
SBBI22	INTS12
MSTP093	INTS4
RP11-432N13.1	DDX26B
LP3587	NABP2
YPR057W	BRR1
HSPC150	UBE2T
AT4G36930	SPT
AT4G16144	AMSH3
AT3G10640	VPS60.1
AT1G63020	NRPD1A
AT3G42670	CHR38
AT4G11130	RDR2
AT2G30280	RDM4
AT1G15215	AT1G15215
AT3G23780	NRPD2A
AT2G15430	NRPB3
AT4G15950	NRPD4
AT2G15400	NRPE3B
AT3G59600	NRPB8B
AT1G11475	NRPB10
CELE_C52E12.2	unc-104
CELE_ZC477.9	deb-1
CELE_F32F2.1	uig-1
CELE_F13C5.6	unc-96
AT3G63060	EDL3
RP23-17P12.6	Cdk9
BOS_16579	UBC
DMEL_CG3619	Dl
RP23-309H19.11-002	Fbxl20
RP23-49A12.2	Lyn
CELE_M142.6	rle-1
M03A8.2	atg-2
CELE_C35E7.6	C35E7.6
RP11-76P2.1	PLCE1
RP4-583P15.3	ZGPAT
CELE_F49E7.1	rme-6
F26H9.6	rab-5
YCR028C	FEN2
YDL177C	YDL177C
YDR120C	TRM1
YDR516C	EMI2
YER101C	AST2
YGR292W	MAL12
YHR067W	HTD2
YIR034C	LYS1
YKL121W	DGR2
YMR102C	YMR102C
YNL009W	IDP3
YNL117W	MLS1
YNL219C	ALG9
YNL292W	PUS4
YOL033W	MSE1
YOL066C	RIB2
YOR209C	NPT1
YOR288C	MPD1
HSPC228	VTA1
CGI-34	CHMP5
RP5-1119A7.4	FOXRED2
DMEL_CG17943	comm
C07G1.5	hgrs-1
CELE_C34G6.7	stam-1
PP7910	PYGO2
DMEL_CG7041	HP1b
DMEL_CG6990	HP1c
RP5-1077B9.4	MIIP
AT5G03240	UBQ3
AT1G13440	GAPC2
AT2G04030	CR88
AT4G04640	ATPC1
AT3G60820	PBF1
AT5G14740	CA2
AT1G78900	VHA-A
AT2G27020	PAG1
AT2G31610	AT2G31610
AT2G42600	PPC2
AT1G21720	PBC1
AT2G47510	FUM1
AT2G42740	RPL16A
AT2G01250	AT2G01250
AT5G20000	AT5G20000
AT1G65930	cICDH
AT3G20820	AT3G20820
AT1G47250	PAF2
AT1G50200	ALATS
AT2G26080	GLDP2
AT4G33010	GLDP1
AT2G38230	PDX1.1
AT3G26520	TIP2
AT5G01410	RSR4
AT1G58380	XW6
AT2G41840	AT2G41840
AT3G57490	AT3G57490
AT2G36530	LOS2
AT1G19550	AT1G19550
AT1G19570	DHAR1
AT5G48300	ADG1
AT3G27430	PBB1
AT5G40580	PBB2
AT3G19950	AT3G19950
AT1G13060	PBE1
AT5G60600	HDS
AT3G15950	NAI2
AT5G52640	HSP90.1
AT5G56000	Hsp81.4
AT5G56010	HSP81-3
AT3G47520	MDH
AT2G37270	RPS5B
AT4G15000	AT4G15000
AT3G45970	EXLA1
AT3G04840	AT3G04840
AT5G44340	TUB4
AT4G31300	PBA1
AT5G18380	AT5G18380
AT5G26260	AT5G26260
AT5G26280	AT5G26280
AT1G72730	AT1G72730
AT3G01500	CA1
AT5G10540	AT5G10540
AT3G01340	AT3G01340
AT1G79550	PGK
AT1G63940	MDAR6
AT3G24503	ALDH2C4
AT1G24510	AT1G24510
AT3G22110	PAC1
AT4G24690	AT4G24690
PP7157	LAMTOR1
YMR299C	DYN3
RP11-380N8.5	RNF6
F26D2.2	syp-1
C24G6.1	syp-2
RP23-468K2.1	Trim32
RP11-307C12.9	ZBTB7B
RP23-422L16.22	Spem1
DAAP-21F2.7	HSPA1B
YLR388W	RPS29A
YML026C	RPS18B
YDL061C	RPS29B
SNR30	snR30
SNR4	snR4
SPBC83.18C	fic1
SPBC11C11.02	imp2
YOL026C	MIM1
YBR186W	PCH2
YEL017C-A	PMP2
SPBC106.10	pka1
SPAC8C9.03	cgs1
SPCC737.03C	ima1
SPAC18G6.10	lem2
UNQ2441	ERLIN2
SPAC6B12.11	drc1
RP24-318P17.1	Birc3
RP5-832C2.2	SSU72
LSR1	LSR1
SNR6	snR6
AT5G14620	DRM2
YDR458C	HEH2
YGL216W	KIP3
AT5G60640	PDIL1-4
AT1G25310	MEE8
AT5G03840	TFL1
SB72	UBTD2
HCG_1812857	RNF213
RP5-1126H10.1	UBR4
RP5-983H21.1	PSMB2
RP5-1077B9.3	MFN2
HSD26	CAMP
YJL166W	QCR8
YGR183C	QCR9
SPAC1687.04	mcb1
HSPC020	ANAPC15
AT3G15095	AT3G15095
TCCCTA00141	VPS35
RP11-175I17.5	FAM21C
AT4G15530	PPDK
AT3G21210	AT3G21210
AT4G01200	AT4G01200
DMEL_CG3733	Chd1
SNR17B	snR17b
YPL029W	SUV3
RP11-366I13.1	IDE
AT5G59800	MBD7
AT2G33510	AT2G33510
AT3G61150	HDG1
RP11-353K22.1	GNL3L
OK/SW-CL.73	UBE2S
RP23-158E10.3	Sh3gl2
RP23-362N19.2	Gfi1b
RP11-415H23.1	GFI1B
AT3G27925	DEGP1
ARTHCP017	psbD
AT3G53460	CP29
AT1G44575	NPQ4
AT4G10340	LHCB5
SP2114	ZNF274
HUSSY-05	DIMT1
HUSSY-19	DDX52
GK002	MRPS22
CGI-17	PELO
UNQ556/PRO1113	GPR125
PSEC0249	CD276
RP5-1163J1.5	CELSR1
NBLA00548	FAT4
RP11-335P18.3	PCDH9
RP11-90L20.4	IPO9
RP4-686C3.2	IDH3B
MSTP070	TRMT1L
YLR185W	RPL37A
SPAC17C9.13C	cut8
RP4-694E4.2	PRR14L
RP11-502H18.1	CEP350
RP11-15J22.5	ZCCHC8
RP11-101P17.12-002	SKA3
PP4583	IER5
AT4G13940	MEE58
AT3G09820	ADK1
AT3G20650	AT3G20650
AT2G34150	WAVE1
AT1G68640	PAN
RP23-294E23.3	Myh3
RP11-552M11.5	ATP5F1
MY032	ATP5H
UG0751C10	GTPBP10
HSPC230	C6orf203
HT020	NGRN
BM-022	MRPL1
CGI-113	MRPL11
HSPC145	MRPL15
PNAS-111	MRPL16
HSPC071	MRPL18
RP11-342K6.1	MRPL19
CGI-22	MRPL2
HSPC158	MRPL22
HSPC250	MRPL27
Z97634.1-001	MRPL28
HSPC283	MRPL32
MSTP003	MRPL39
CDABP0091	MRPL4
PIG3	MRPL41
RP11-108L7.13-001	MRPL43
CGI-204	MRPL47
CGI-118	MRPL48
OK/SW-CL.67	MRPL49
CDA09	MRPL51
UNQ5835/PRO19675	MRPL55
RP11-98D18.5	MRPL9
MSTP040	MRPS10
HCC2	MRPS11
CGI-132	MRPS16
RP1-261G23.2	MRPS18A
CGI-91	MRPS2
CGI-138	MRPS23
HSPC335	MRPS24
HSPC007	MRPS28
BM-047	MRPS30
HDCMD11P	MRPS35
CGI-12	MTERF3
RP11-413M3.1	PMPCA
HCG_20417	MRPL20
RP4-559A3.4	PYCR2
HC90	RNMTL1
DC23	SLIRP
HSPC108	STOML2
RP11-528D24.2	SUCLA2
RP11-227H15.2	SUPV3L1
RP11-339B21.1	TRUB2
RP11-108L7.2	C10orf2
DADB-160J14.3	VARS2
RP11-27I1.1	PHF19
CELE_T03D8.1	num-1
CELE_Y49E10.11	tat-1
HUSSY-18	ABCF2
AT5G49160	MET1
AT4G00120	IND
AT3G56710	SIB1
RP24-313J18.2	Mapk13
PTD004	OLA1
PP2259	ABTB1
RP3-447F3.5	DNTTIP1
DMEL_CG9124	eIF-3p40
LP4941	DGCR8
DN-183N8.15-001	Pfn1
RP23-33L19.3	Nckap1
RP23-161B9.8	Dnm1
RP23-132C19.2	Syn1
AT1G09000	NP1
AT1G18370	HIK
AT4G20130	PTAC14
AT2G34640	PTAC12
XX-FW83563B9.4	ATP6AP1
RP11-6P10.1	RPS24
RP11-393H10.1	EIF1AX
RP23-84C12.3	Arhgdia
RP3-324M8.1	SPSB1
RP23-32C12.6	Slc9a1
RP23-183D11.7	Mib2
RP5-902P8.9	SCNN1D
RP11-4M23.5	PNRC2
MSTP015	ITGB1BP2
AT1G73030	VPS46.2
AT1G17730	VPS46.1
AT2G25620	DBP1
AT5G03210	AT5G03210
AT3G26790	FUS3
HSPC187	PRKD2
RP11-190A12.1	DUSP23
RP11-462F15.1	CAMK1D
RP23-181A7.1	Tab3
XXBAC-BPG161M6.1	HLA-DRB1
RP11-164O23.1	YOD1
YNL218W	MGS1
AT3G19220	SCO2
AT2G34420	LHB1B2
YCL057C-A	MIC10
YNL100W	MIC27
YGR235C	MIC26
YBR262C	MIC12
YBR212W	NGR1
YBR196C	PGI1
YAL048C	GEM1
RP23-207E14.3	Xiap
RP1-20C7.3	KLHDC3
RP11-325E14.4	BRWD3
CDA06	JKAMP
RP3-327J16.5	CBX6
GIG46	ACTA2
RP23-396M19.4	Ndel1
AT4G12720	NUDT7
AT1G18080	ATARCA
AT3G48080	AT3G48080
DC10	FBXO8
RP11-554C12.3	XPNPEP3
RP3-470L14.2	STAU1
RP11-428O18.5	RPL21
RP11-334P12.1	ACO1
YMR145C	NDE1
HSPC032	MTCH2
RP11-396M20.1	WAPAL
RP11-184B22.1	GAPVD1
RP24-225N8.1	Hnrnpm
RP4-593C16.1	RASAL2
RP5-1104E15.5	MIEF1
UNQ2766/PRO7133	SH3BP5L
RP11-312O7.2	SRGAP2
RP4-740B20.2	DOCK7
AT1G46480	WOX4
AT3G04730	IAA16
AT2G28550	RAP2.7
AT4G32295	AT4G32295
AT1G04100	IAA10
AT5G60120	TOE2
AT4G28640	IAA11
AT4G36920	AP2
AT2G33310	IAA13
AT2G33550	AT2G33550
AT2G38300	AT2G38300
AT5G25890	IAA28
AT5G16560	KAN
RP1-181C9.3	PRR5
YMR241W	YHM2
RP23-440M18.7	Tubg1
RP3-402G11.6	TUBGCP6
RP23-368I1.2	Cep152
HSD11	KNSTRN
RP23-204G5.1	Bub1b
RP23-145E1.5	Cdc20
RP23-430P1.3	Soga1
RP23-15I21.2	Casc5
MNCB-2778	Anapc5
CGI-124	PPIL1
RP23-55I14.4	Nup214
RP11-296P7.3	HAUS6
RP23-139J21.8	Mad2l2
DN-393H17.5	Mis12
RP23-194P5.2	Pafah1b1
RP11-296L22.3	DCTN3
HSPC115	NUDT5
RP23-176N9.2	Ckap5
RP23-395P6.3	Nup188
GM117	C1orf52
RP11-11C5.2	MZT1
RP23-307G22.3	Cetn2
RP11-77F13.2	PAPSS2
RP23-390D17.8	Rab5c
RP11-8C21.2	CKS2
HCG_21531	MICAL3
OK/KNS-CL.5	PATL1
MSTP108	AHCTF1
RP11-462D18.3	RRBP1
RP5-1002M8.1	CRNKL1
RP23-15I21.5	Rmdn3
RP11-167N5.2	NUP188
RP23-37J21.1	Cep131
CGI-16	ACOT9
RP11-396A22.1	NAA16
HSD33	ASAH1
RP23-87L24.1	Itch
AT2G29680	CDC6
AT1G06760	AT1G06760
AT3G09390	MT2A
AT2G31570	GPX2
AT5G02500	HSC70-1
AT4G29730	NFC5
AT4G35650	IDH-III
AT1G04410	AT1G04410
AT5G43330	AT5G43330
YHR008C	SOD2
YNL231C	PDR16
AT2G20880	AT2G20880
AT5G14420	RGLG2
RP1-56L9.2	SOD2
XXBAC-BCX195L8.3	KIR2DL4
RP23-12I13.1	Ksr1
YLR038C	COX12
YNR018W	RCF2
RP11-316M21.1	ERLIN1
RP4-570L12.1	PGK1
RP11-452K12.8	PGAM1
NME1	NME1
C7_00110W_A	SOD3
NAG6	CCDC136
RP5-876C12.1	PDE4B
NPD012	CCSER2
RP23-110H24.4	Rnf11
YJR080C	AIM24
RP5-1056L3.2	MINOS1
RP1-126A5.3	DNAJC11
RP11-263K19.5	MTX1
RP24-424G16.1	Dyrk1a
RP23-337J7.3	Hspa4
RP23-390H16.1	Baiap2
BM-012	EXOC1
AT2G38650	GAUT7
AT3G61130	GAUT1
AT1G27730	STZ
AT1G06530	AT1G06530
AT3G58840	AT3G58840
DMEL_CG8445	calypso
DMEL_CG8787	Asx
PP642	PTOV1
SPBC428.18	cdt1
SPAC4A8.03C	ptc4
SPAC6F6.16C	tpz1
SPNCRNA.214	ter1
SPBC25H2.13C	cdc20
SPAC1071.02	mms19
FKSG11	ZFP91
SB144	TMUB1
GK001	CCDC47
UNQ431/PRO792	CLEC4G
RP4-543J19.4	GNAS
SPBC106.20	exo70
RP11-305E6.3	MTPAP
RP4-718J7.1	ZBP1
RP11-710A11.1	PALD1
UNQ2514/PRO6003	PLXDC2
MY039	IRF2BPL
RP1-132F21.1	SAMHD1
P/OKCL.4	OAS3
SB92	FTSJ3
MY021	GHITM
XXBAC-BCX105G6.4	MBOAT7
RP11-244N20.4	SURF4
RP11-716A19.4	TXLNG
RP11-34E5.1	TM9SF3
PP12723	YIPF5
AT5G67140	AT5G67140
AT3G52930	AT3G52930
AT5G03690	AT5G03690
AT3G42960	ATA1
AT1G01210	AT1G01210
AT1G31880	BRX
AT1G52830	IAA6
AT4G29080	PAP2
AT3G03960	AT3G03960
AT3G11830	AT3G11830
AT2G26560	PLA2A
AT4G13640	UNE16
AT2G37180	RD28
AT4G23400	PIP1;5
AT1G28480	GRX480
AT2G47880	AT2G47880
AT1G69810	WRKY36
AT3G13175	AT3G13175
AT3G29270	AT3G29270
AT4G22745	MBD1
AT4G35100	PIP3
AT4G26110	NAP1;1
AT3G18060	AT3G18060
AT5G09810	ACT7
AT5G20890	AT5G20890
AT1G28360	ERF12
AT3G48880	AT3G48880
AT3G07750	AT3G07750
AT4G02840	AT4G02840
AT5G44500	AT5G44500
AT1G53510	MPK18
AT5G22570	WRKY38
AT3G50060	MYB77
AT3G12720	MYB67
AT5G57860	AT5G57860
AT2G03870	AT2G03870
AT3G59810	AT3G59810
AT4G37460	SRFR1
AT4G20440	smB
AT4G04950	AT4G04950
AT5G09830	AT5G09830
AT1G15130	AT1G15130
AT3G23880	AT3G23880
AT1G01260	AT1G01260
AT2G05840	PAA2
AT3G21175	ZML1
AT5G11270	OCP3
AT1G09500	AT1G09500
AT5G03970	AT5G03970
AT1G30880	AT1G30880
AT2G04230	AT2G04230
AT1G57790	AT1G57790
AT4G00430	PIP1;4
AT2G18110	AT2G18110
AT2G18730	DGK3
AT4G10400	AT4G10400
AT5G64813	LIP1
AT1G01620	PIP1C
AT3G54820	PIP2;5
AT3G06430	EMB2750
AT4G32570	TIFY8
AT2G44130	AT2G44130
AT1G59900	E1 ALPHA
AT5G50850	MAB1
AT1G68450	AT1G68450
AT5G41570	WRKY24
AT1G72830	NF-YA3
AT1G49850	AT1G49850
AT3G12480	NF-YC11
AT1G01100	AT1G01100
AT3G44590	AT3G44590
AT2G16850	PIP2;8
AT5G52210	GB1
AT1G26460	AT1G26460
AT4G35850	AT4G35850
AT3G15660	GRX4
AT1G51600	ZML2
AT3G01990	ACR6
AT2G43970	AT2G43970
AT4G26430	CSN6B
AT2G40010	AT2G40010
AT5G47700	AT5G47700
AT2G16370	THY-1
AT3G18140	AT3G18140
AT5G08330	AT5G08330
AT5G51910	AT5G51910
AT3G16580	AT3G16580
AT1G72030	AT1G72030
AT3G60630	HAM2
AT4G39240	AT4G39240
AT3G11400	EIF3G1
AT5G22310	AT5G22310
AT5G50680	SAE1B
AT1G51950	IAA18
AT2G02710	PLPB
AT5G55120	VTC5
AT1G02690	IMPA-6
AT5G62880	RAC10
AT2G39010	PIP2E
AT2G45960	PIP1B
AT2G13570	NF-YB7
AT5G19150	AT5G19150
AT5G10350	AT5G10350
AT5G51120	PABN1
AT4G17720	AT4G17720
AT4G18800	RABA1d
AT3G17600	IAA31
AT4G30080	ARF16
AT2G30540	AT2G30540
AT2G20130	LCV1
AT1G14740	AT1G14740
AT3G07780	OBE1
AT2G26770	AT2G26770
AT1G07980	NF-YC10
AT1G29900	CARB
AT3G27740	CARA
AT2G38490	CIPK22
AT1G51660	MKK4
AT5G58380	SIP1
AT5G57630	CIPK21
AT3G21200	PGR7
AT1G55000	AT1G55000
AT3G18190	AT3G18190
AT1G52340	ABA2
AT4G22720	AT4G22720
AT3G21215	AT3G21215
AT5G04430	BTR1L
AT2G32840	AT2G32840
AT1G09760	U2A
AT2G30260	U2B
AT2G22670	IAA8
AT1G23390	AT1G23390
AT1G01160	GIF2
AT3G52910	GRF4
AT1G20780	SAUL1
AT5G03050	AT5G03050
AT2G38270	CXIP2
AT4G26850	VTC2
AT2G36580	AT2G36580
AT5G56350	AT5G56350
AT1G03900	NAP4
AT3G47620	TCP14
AT3G54900	CXIP1
AT3G11630	AT3G11630
AT5G06290	2-Cys Prx B
AT5G35620	LSP1
AT5G57870	eIFiso4G1
AT4G27450	AT4G27450
AT5G43830	AT5G43830
AT4G16520	ATG8F
AT2G23290	MYB70
AT2G43060	IBH1
AT2G37620	ACT1
AT2G24090	AT2G24090
AT1G21690	EMB1968
AT3G29090	PME31
AT1G61340	AT1G61340
AT5G15650	RGP2
AT5G16510	AT5G16510
AT4G09060	AT4G09060
AT5G52650	AT5G52650
AT3G02420	AT3G02420
AT5G49540	AT5G49540
AT3G58930	AT3G58930
AT1G73100	SUVH3
AT2G01710	AT2G01710
AT1G06790	AT1G06790
AT5G62950	AT5G62950
AT2G44050	COS1
AT3G63210	MARD1
AT5G23750	AT5G23750
AT5G44090	AT5G44090
AT3G15450	AT3G15450
AT5G54750	AT5G54750
AT5G58030	AT5G58030
AT1G72360	HRE1
AT5G41560	AT5G41560
AT3G46060	RAB8A
AT4G15560	CLA1
AT1G69010	BIM2
AT5G24660	LSU2
AT2G27110	FRS3
AT1G79730	ELF7
AT5G61150	VIP4
AT2G24250	AT2G24250
AT1G76900	TLP1
AT1G54830	NF-YC3
AT2G34720	NF-YA4
AT3G59200	AT3G59200
AT2G42870	PAR1
AT4G36540	BEE2
AT3G01670	AT3G01670
AT5G54190	PORA
AT1G50170	SIRB
AT4G22910	FZR2
AT4G33040	AT4G33040
AT2G25650	AT2G25650
AT1G74910	AT1G74910
AT2G39770	CYT1
AT2G32960	AT2G32960
AT4G04620	ATG8B
AT2G24570	WRKY17
AT1G05710	AT1G05710
AT2G46870	NGA1
AT3G02150	PTF1
AT5G16070	AT5G16070
AT1G14830	DL1C
AT5G58950	AT5G58950
AT1G31240	AT1G31240
AT3G10480	NAC050
AT4G20400	JMJ14
AT3G27580	ATPK7
AT4G02720	AT4G02720
AT4G33690	AT4G33690
AT1G31780	AT1G31780
AT4G24840	AT4G24840
AT3G16980	NRPB9A
AT2G22880	AT2G22880
AT4G14710	ATARD2
AT1G11810	AT1G11810
AT3G26090	RGS1
AT3G18130	RACK1C_AT
AT2G27860	AXS1
RP11-58A11.4	ZBTB48
RP1-198P4.1	BEX1
CDA08	ITFG1
RP11-455B2.2	NMT2
RP11-2K17.2	SUV39H2
RP11-535K18.1	FHL1
PP591	FLAD1
RP11-140A10.4	DPYSL4
S863-2	ARMC8
RP11-378J18.7	AIDA
MDS022	COMMD8
RP11-573G6.3	COMMD3
RP11-101K10.7	PSMB7
CELE_C09D1.1	unc-89
CELE_B0379.4	scpl-1
AT5G45250	RPS4
AT4G31700	RPS6
AT4G16890	SNC1
AT1G59990	AT1G59990
AT3G53020	STV1
AT3G45610	AT3G45610
AT3G11020	DREB2B
AT2G40340	DREB2C
RP23-142F14.2	Snap25
RP23-33L3.3	Dnajc5
RP23-26L6.8	Vamp2
RP23-400P17.9	Tex19.1
RP23-120A4.1	Csnk1e
RP23-298E4.6	Prkcz
UNQ868/PRO1885	ACE2
PRO1362	EIF2AK1
HRIHFB2206	THAP11
PP624	LIMA1
RP11-413M3.2	DNLZ
RP23-413K16.1	Stam2
AT3G53340	NF-YB10
AT5G63470	NF-YC4
AT5G50480	NF-YC6
AT5G50470	NF-YC7
AT5G27910	NF-YC8
AT5G38140	NF-YC12
AT1G09030	NF-YB4
AT2G47810	NF-YB5
AT5G47670	NF-YB6
AT2G37060	NF-YB8
AT1G21970	LEC1
AT3G05690	NF-YA2
AT1G17590	NF-YA8
AT3G20910	NF-YA9
AT5G12840	NF-YA1
AT1G30500	NF-YA7
AT3G26810	AFB2
RP23-401L17.2	Kcnq2
RP11-48C7.5	ARRDC1
PP2703	ARRDC2
RP23-342L24.4	Slc9a3r1
SNR14	snR14
RCG_51568	E2f4
AT5G65670	IAA9
AT5G60450	ARF4
AT4G23980	ARF9
AT3G61830	ARF18
AT1G30330	ARF6
AT1G59750	ARF1
RP23-157O10.3	Socs7
RP23-329M9.2	Dusp9
Z69720.1-002	MPG
HHV1GP084	RS1
RP23-295E4.1	Egfr
CELE_T05G5.8	vps-53
CELE_T21C9.2	vps-54
RCJMB04_29L6	CMTM3
RP4-751H9.1	UBE3D
RP13-228J13.7	CLIC2
CELE_C23G10.4	rpn-2
RP23-393F23.4	Plcg1
DADB-220I18.2	FKBPL
RP11-545I5.1	SHPRH
PRO1855	LRRC59
OK/SW-CL.48	SLC25A3
OK/SW-CL.85	IQCB1
HSPC132	TRIAP1
RP23-392H19.10-007	Sumo2
RP4-596C3.1	MAGEE1
HSPC333	NSMCE1
AT2G26330	ER
AT5G62230	ERL1
RP11-363G10.1	MAGED4B
PP4762	NSMCE4A
RP11-472K17.2	COL4A1
RP11-90L1.2	COL4A2
OK/SW-CL.82	RPS15A
SPAC23A1.19C	hrq1
SPBC649.03	rhp14
SPAC3G9.01	nsk1
AT4G34390	XLG2
AT1G49480	RTV1
AT4G11890	AT4G11890
AT4G04490	CRK36
AT4G04540	CRK39
MCG_124354	Rfwd2
RP3-351K20.1	RNF146
SPBC27B12.04C	far11
SPBC3H7.13	far10
RP11-658F2.8	RBM4
AT4G26455	WIP1
AT5G56210	WIP2
RP11-374P20.3	BRD3
UNQ3040/PRO9856	BRD9
RP11-203J24.1	AK1
RP1-233K16.2	CHD5
BM-011	RSRC1
RP5-965L7.1	PRPF38A
PP239	RBM23
SPAC2F3.15	lsk1
YDR375C	BCS1
DMEL_CG4206	Mcm3
YOR045W	TOM6
SPBC3H7.15	hhp1
HHV8GK18_GP80	HHV8GK18_gp80
RP23-173D8.1	Ube4b
RP23-390D17.1	Dnajc7
AT3G55000	TON1A
AT3G02170	LNG2
RDN25-1	RDN25-1
RDN58-1	RDN58-1
RP23-100C5.6	Ubox5
RP23-125A1.4	Crnkl1
YLL041C	SDH2
YLR164W	SHH4
RP23-368I1.3	Cops2
DDB_G0279407	calA
F42E11.4	tni-1
F54C1.7	pat-10
ZK721.2	unc-27
T20B3.2	tni-3
ZK673.7	tnc-2
W03F8.1	tni-4
F59F5.6	syd-2
RP23-263C23.2	Ube2b
AT1G09960	SUT4
AT5G53560	CB5-E
AT1G67370	ASY1
AT2G46980	AT2G46980
AT1G63700	YDA
RCG_43821	Flna
RP23-1O11.2	Psmd14
CELE_Y52D3.1	strd-1
CELE_Y59A8B.14	par-4
RP4-594I10.1	RCAN3
UNQ515/PRO1030	AGR2
UNQ491/PRO1007	LYPD3
CELE_Y55B1AL.3	helq-1
C41D11.8	cps-6
DMEL_CG2213	msd5
DMEL_CG13914	msd1
AT3G26470	AT3G26470
AT1G22280	PAPP2C
AT1G18260	AT1G18260
AT5G35080	AT5G35080
DMEL_CG8828	dgt5
DMEL_CG3221	dgt3
AT1G06290	ACX3
AT4G32180	PANK2
AT2G41220	GLU2
AT1G15690	AVP1
AT1G55860	UPL1
AT2G41620	AT2G41620
AT5G63570	GSA1
AT1G80660	HA9
AT5G20830	SUS1
AT4G23100	GSH1
RP23-16P3.2	Adrm1
RPR1	RPR1
PIG19	LDHA
YKL194C	MST1
SPAC57A10.03	cyp1
YLR077W	FMP25
YML030W	RCF1
YBR255C-A	YBR255C-A
TLC1	TLC1
TCAG7.1258	NCAPG2
AT3G63500	AT3G63500
AT5G48160	OBE2
AT5G13800	PPH
AT4G22920	NYE1
AT4G37000	ACD2
AT3G44880	ACD1
AT4G13250	NYC1
AT5G04900	NOL
YOL086W-A	MHF1
YDL160C-A	MHF2
YCL019W	YCL019W
RP23-428M13.1	Cd40
AT5G61060	HDA05
AT5G03740	HD2C
RP11-452J6.1	CNST
RP11-350O14.7	TPRN
DAAP-285E11.2	PPP1R18
SPBC36B7.06C	mug20
DDB_G0272825	rps4
SPAC22E12.19	snt1
SPCC1235.09	hif2
SPAC23D3.01	pdp3
SPBC17D11.04C	nto1
SPAC17G8.13C	mst2
SPAC22H12.02	tfg3
SPAC823.14	ptf1
SPAC6F6.09	eaf6
SPBC16G5.13	ptf2
SPBC1734.15	rsc4
RP11-19J3.3	CENPP
SPBC359.03C	aat1
AT1G53230	TCP3
AT2G31070	TCP10
SPBC337.13C	gtr1
SPCC777.05	gtr2
SPAC23H4.14	vam6
SPBC29A3.13	pdp1
RP23-191E3.4	Drg1
RP23-111F12.2	Zc3h15
HSPC303	ZC3H15
RP11-160E12.5	PHF10
SPAC664.02C	arp8
SPAC29B12.01	ino80
SPAC12G12.03	cip2
RP23-393G10.2	Taf3
RP23-395E10.6	Thra
AT1G07430	HAI2
AT4G09550	GIP1
AT5G05620	GCP2
AT5G06680	SPC98
AT3G61650	TUBG1
AT1G73790	AT1G73790
SPAC823.15	ppa1
SPAC1782.05	ypa2
SPCC13B11.01	adh1
SPBC2D10.10C	fib1
SPBC19C2.07	fba1
RDN25-2	RDN25-2
RP23-135F6.1	Drg2
SPAC31A2.16	gef2
YDR452W	PPN1
YLR065C	ENV10
SPAC8C9.14	prr1
SPCC1919.03C	amk2
SPCC74.03C	ssp2
SPAC1556.08C	cbs2
AT1G76710	SDG26
AT1G77300	EFS
AT5G50200	WR3
AT1G08090	NRT2:1
AT1G08100	NRT2.2
AT5G60780	NRT2.3
AT5G60770	NRT2.4
AT1G12940	NRT2.5
AT3G45060	NRT2.6
SPBC887.14C	pfh1
RP23-27I6.3	Was
HHV5WTGP032	UL27
AT2G34260	AT2G34260
AT5G36250	AT5G36250
AT2G45430	AHL22
AT3G44680	HDA9
AT5G49880	AT5G49880
AT1G79280	NUA
RP23-170A23.3	Smurf2
AT3G01680	AT3G01680
AT1G15580	IAA5
YPL015C	HST2
RP23-304D11.1	Rapgef1
C17G1.7	cysl-1
HIV2GP1	gag-pol
CELE_T05H10.5	ufd-2
CTA-150C2.19-001	APOBEC3F
DMEL_CG4699	nsl1
DMEL_CG10042	MBD-R2
AT2G45890	ROPGEF4
DMEL_CG6302	l(3)01239
DMEL_CG6719	mgr
DMEL_CG5081	Syx7
DMEL_CG12323	Prosbeta5
DMEL_CG9327	Prosalpha3
DMEL_CG5266	Prosalpha2
DMEL_CG18495	Prosalpha1
DMEL_CG10938	Prosalpha5
DMEL_CG3422	Prosalpha4
DMEL_CG4463	Hsp23
DMEL_CG4183	Hsp26
DMEL_CG7359	Sec22
DMEL_CG4412	ATPsyn-Cf6
DMEL_CG4307	Oscp
DMEL_CG8189	ATPsyn-b
DMEL_CG8705	pnut
DMEL_CG6030	ATPsyn-d
DMEL_CG4692	CG4692
DMEL_CG2968	l(1)G0230
DMEL_CG11154	ATPsyn-beta
DMEL_CG3612	blw
DMEL_CG2621	sgg
DMEL_CG11523	CG11523
DMEL_CG4214	Syx5
DMEL_CG9032	sun
DMEL_CG1515	Ykt6
DMEL_CG12008	kst
DMEL_CG1977	alpha-Spec
DMEL_CG15009	ImpL2
DMEL_CG8167	Ilp2
DMEL_CG11278	Syx13
DMEL_CG13900	CG13900
DMEL_CG11985	CG11985
DMEL_CG3988	gammaSnap1
DMEL_CG8877	Prp8
DMEL_CG4849	CG4849
DMEL_CG2807	CG2807
DMEL_CG4422	Gdi
DMEL_CG9575	Rab35
DMEL_CG3738	Cks30A
DMEL_CG2072	Mad1
DMEL_CG40452	Snap25
DMEL_CG30152	CG30152
DMEL_CG5714	ecd
DMEL_CG14224	Ubqn
DMEL_CG8092	row
DMEL_CG5931	l(3)72Ab
DMEL_CG6105	l(2)06225
DMEL_CG18000	sw
DMEL_CG10751	robl
DMEL_CG31137	twin
DMEL_CG5684	Pop2
DMEL_CG5965	woc
DMEL_CG13400	D12
DMEL_CG15678	pirk
DMEL_CG3321	CG3321
DMEL_CG5940	CycA
DMEL_CG4930	EndoGI
DMEL_CG8862	EndoG
DMEL_CG4336	rux
DMEL_CG12031	MED14
DMEL_CG5935	Dek
DMEL_CG1558	Kmn1
DMEL_CG18156	Mis12
DMEL_CG5378	Rpn7
DMEL_CG32505	Pp4-19C
DMEL_CG2890	PPP4R2r
DMEL_CG12352	san
DMEL_CG30390	Sgf29
DMEL_CG30176	wibg
DMEL_CG3319	Cdk7
DMEL_CG7614	Mat1
DMEL_CG7445	fln
DMEL_CG17927	Mhc
DMEL_CG7405	CycH
DMEL_CG34407	Not1
DMEL_CG11992	Rel
DMEL_CG10545	Gbeta13F
DMEL_CG8261	Ggamma1
DMEL_CG4528	snf
DMEL_CG1406	U2A
DMEL_CG9958	Snapin
DMEL_CG9200	Atac1
DMEL_CG10370	Rpt5
DMEL_CG9588	CG9588
DMEL_CG7528	Uba2
DMEL_CG12276	Aos1
DMEL_CG16940	CG16940
DMEL_CG1091	CG1091
DMEL_CG13645	Nmnat
DMEL_CG6192	Reps
DMEL_CG13298	CG13298
DMEL_CG6413	Dis3
DMEL_CG14786	CG14786
DMEL_CG8021	CG8021
DMEL_CG14222	NAA20
DMEL_CG4845	psidin
DMEL_CG9242	bur
DMEL_CG1490	Usp7
DMEL_CG4978	Mcm7
DMEL_CG10414	Atac2
DMEL_CG13434	Nnf1a
DMEL_CG17248	nSyb
DMEL_CG4260	AP-2alpha
DMEL_CG1664	sbr
DMEL_CG12752	Nxt1
DMEL_CG10520	tub
DMEL_CG2078	Myd88
DMEL_CG11856	Nup358
DMEL_CG7643	ald
DMEL_CG9206	Gl
DMEL_CG8269	Dmn
DMEL_CG17492	mib2
DMEL_CG2503	atms
DMEL_CG11990	hyx
DMEL_CG1483	Map205
DMEL_CG3717	bcn92
DMEL_CG12264	CG12264
DMEL_CG7940	Arp5
DMEL_CG12659	CG12659
DMEL_CG11148	CG11148
DMEL_CG33100	4EHP
DMEL_CG7452	Syx17
DMEL_CG6703	CASK
DMEL_CG1258	pav
DMEL_CG13345	tum
DMEL_CG8764	ox
DMEL_CG4169	CG4169
DMEL_CG7057	AP-2mu
DMEL_CG33101	Nsf2
DMEL_CG9042	Gpdh
DMEL_CG1721	Pglym78
DMEL_CG6148	Past1
DMEL_CG4184	MED15
DMEL_CG17002	CG17002
DMEL_CG7597	Cdk12
DMEL_CG6197	fand
DMEL_CG3508	Hexim
DMEL_CG42569	Larp7
DMEL_CG11132	DMAP1
DMEL_CG9667	CG9667
DMEL_CG7913	PP2A-B
DMEL_CG3279	Vti1
DMEL_CG10712	Chro
DMEL_CG7752	pzg
DMEL_CG6750	CG6750
DMEL_CG2943	CG2943
DMEL_CG1891	sax
DMEL_CG14026	tkv
DMEL_CG4857	tyf
DMEL_CG5166	Atx2
DMEL_CG5118	CG5118
DMEL_CG34132	CG34132
DMEL_CG2368	psq
DMEL_CG6174	Arp1
DMEL_CG10447	Nf-YB
DMEL_CG31852	Tap42
DMEL_CG2525	Hus1-like
DMEL_CG3240	Rad1
DMEL_CG44425	Bx
DMEL_CG4039	Mcm6
DMEL_CG8821	vis
DMEL_CG8819	achi
DMEL_CG17437	wds
DMEL_CG2916	Sep5
DMEL_CG15481	Ski6
DMEL_CG17947	alpha-Cat
DMEL_CG2910	nito
DMEL_CG7358	CG7358
DMEL_CG7538	Mcm2
DMEL_CG6444	Dpy-30L1
DMEL_CG1908	Lint-1
DMEL_CG9493	Pez
DMEL_CG4460	Hsp22
DMEL_CG8950	CG8950
DMEL_CG31658	Nnf1b
DMEL_CG14641	CG14641
DMEL_CG9799	CG9799
DMEL_CG8064	CG8064
DMEL_CG14220	CG14220
DMEL_CG12357	Cbp20
DMEL_CG15445	CG15445
DMEL_CG14614	wap
DMEL_CG42273	mnb
DMEL_CG3320	Rab1
DMEL_CG7787	CG7787
DMEL_CG5851	sds22
DMEL_CG14804	Vps26
DMEL_CG3710	TfIIS
DMEL_CG17118	CG17118
DMEL_CG4400	Brms1
DMEL_CG16788	RnpS1
DMEL_CG5303	mei-S332
DMEL_CG4379	Pka-C1
DMEL_CG7345	Sox21a
DMEL_CG1484	fliI
DMEL_CG8578	CG8578
DMEL_CG12325	CG12325
DMEL_CG5837	Hem
DMEL_CG4636	SCAR
DMEL_CG7435	Arl2
DMEL_CG7261	CG7261
DMEL_CG4931	Sra-1
DMEL_CG2161	Rga
DMEL_CG30173	HSPC300
DMEL_CG3715	Shc
DMEL_CG8233	Rcd1
DMEL_CG8426	Not3
DMEL_CG3458	Top3beta
DMEL_CG13472	Tdrd3
DMEL_CG15106	Jheh3
DMEL_CG9186	CG9186
DMEL_CG9754	CG9754
DMEL_CG4118	nxf2
DMEL_CG8491	kto
DMEL_CG3945	Rad9
DMEL_CG12320	CG12320
DMEL_CG14029	vri
DMEL_CG7074	mio
DMEL_CG8722	Nup44A
AT3G04660	AT3G04660
AT3G62230	AT3G62230
AT1G78100	AT1G78100
MCG_134223	Zfp932
LA16C-314G4.2	PDIA2
CDABP0092	B2M
AT5G06850	AT5G06850
AT5G04560	DME
AT2G30620	AT2G30620
YDL223C	HBT1
AT5G13270	RARE1
AT3G15000	AT3G15000
AT5G37780	CAM1
AT3G48670	IDN2
AT1G15910	AT1G15910
AT4G00380	AT4G00380
RP23-44L6.1	Ctcfl
RP11-339B21.11	URM1
AT4G13520	SMAP1
AT2G39840	TOPP4
AT4G40100	AT4G40100
AT2G22475	GEM
AT2G37678	FHY1
AT4G35790	PLDDELTA
AT3G04120	GAPC1
AT5G49230	HRB1
AT5G63870	PP7
DMEL_CG15835	Kdm4A
AT4G28110	MYB41
RP23-94L18.2	Ptprf
DMEL_CG32343	Atac3
DMEL_CG16973	msn
AT1G12360	KEU
AT2G05210	AtPOT1a
AT3G57150	NAP57
AT1G16970	KU70
AT1G48050	KU80
HHV8GK18_GP64	vIRF-3
HIV2GP3	HIV2gp3
RP23-151A15.11-002	Khdrbs1
YKR017C	HEL1
CELE_F29B9.4	psr-1
CELE_Y106G6E.5	ced-12
YPL098C	MGR2
YHR162W	MPC2
YGL080W	MPC1
YGR243W	MPC3
RP23-308N2.10-003	Zbtb17
B2592	clpB
RCJMB04_7G5	HSPD1
RCJMB04_5E12	YWHAG
RCJMB04_3L24	LIN7B
SPCC1393.05	ers1
SPAC6F12.09	rdp1
SPBC26H8.07C	nda3
SPAC3G9.07C	hos2
SPAC22E12.11C	set3
SPBC9B6.05C	lsm3
SPBC20F10.09	lsm5
SPCC285.12	lsm7
YNL196C	SLZ1
HCG_2033729	RAVER1
RP11-165N19.1	PTBP3
HSPC206	PPHLN1
RP11-288G3.1	RIOK1
HCG_20114	RBM33
RP1-118B18.1	GMDS
HUSSY-12	BRSK2
RP23-71K8.3	Rlim
SPBC13E7.01	cwf22
SPAC19G12.07C	rsd1
SPBC11G11.06C	sme1
SPBC30D10.06	lsm4
SPBC1773.01	far8
SPAC1F5.02	pdi1
AT3G22380	TIC
AT3G12360	ITN1
AT1G50240	FU
AT4G14150	PAKRP1
AT3G23670	KINESIN-12B
DMEL_CG8873	jet
DMEL_CG3772	cry
AT3G62720	XT1
AT4G02500	XT2
AT1G74380	XXT5
AT3G06400	CHR11
AT1G28420	HB-1
AT5G44180	AT5G44180
RP5-876B10.3	SPRTN
AT1G50370	AT1G50370
AT5G63980	SAL1
AT5G57090	EIR1
AT4G08480	MAPKKK9
DMEL_CG7619	Rpn10
SPAPB17E12.06	sos7
AT2G46500	PI4K GAMMA 4
AT4G38630	RPN10
AT2G21270	UFD1
AT3G23430	PHO1
AT2G33770	PHO2
UNQ539/PRO1082	CLEC7A
YHR087W	RTC3
AT1G12480	OZS1
HSPC014	POMP
AT1G35470	AT1G35470
AT1G61150	AT1G61150
AT3G55070	AT3G55070
AT4G37880	AT4G37880
AT5G08560	AT5G08560
DAAP-57C1.3	PSMB8
DADB-223G19.3	PSMB9
PP1158	ANGPTL4
DMEL_CG5591	Lpt
SIVGP3	vpx
RP23-23G3.6	Psma7
RP23-387C21.3	Mavs
SPAC607.05	rpn9
HHV5WTGP100	UL114
HHV5WTGP048	UL44
SPBC16C6.07C	rpt1
SPAC1687.13C	csn5
RP23-120N11.1	Rad23b
RP1-309K20.5	RBM12
RP23-9N11.3	Phf19
RP23-94N18.3	E130012A19Rik
AT1G72750	TIM23-2
AT2G42210	OEP16-3
HHV8GK18_GP54	K8
BOS_19254	PSMC5
SPCC188.13C	dcr1
UNQ3027/PRO9828	FGF23
RP23-382C19.1	Nbr1
PIG14	SERPINH1
HHV8GK18_GP81	HHV8GK18_gp81
AT4G21980	APG8A
RP1-164F3.1	RPL36A
RP11-485H8.1	NHLH2
AT5G58080	RR18
AT1G02205	CER1
AT5G57800	CER3
AT2G46650	CB5-C
AT5G48810	CB5-D
DMEL_CG1749	CG1749
RP11-266I14.1	SGIP1
DMEL_CG43479	nwk
DMEL_CG1099	Dap160
RP23-48A2.3	Mybbp1a
RP23-456O18.1	Srebf1
RP3-389A20.1	SCML1
SPAC139.06	hat1
RP23-199A2.1	Vezf1
RP11-205M20.6	NDUFB6
RP23-480B19.14-001	Hist1h1a
MIG1	VPS4B
UNQ6188/PRO20213	RLN3
PRO3094	UBE2Q1
RP11-178C10.1	UBAC2
HSPC035	SARAF
AT4G23650	CDPK6
AT4G22540	ORP2A
AT2G39050	AT2G39050
AT4G35570	HMGB5
RP23-135A21.2	Mysm1
PP12899	ANKRD27
CDABP0067	HLA-B
RP11-523H24.1	MPHOSPH8
RP11-229A19.2	TRIM45
CELE_F27D9.1	unc-18
CELE_F56A8.7	unc-64
CELE_C38H2.1	tbc-8
C32E8.7	ric-19
Y47G6A.4	rde-10
B0564.11	rde-11
CELE_F52G2.2	rsd-2
R09A1.1	ergo-1
MCG_22690	Dlg2
RP23-125F21.1	Fgr
RP23-142M12.1	Dlg3
RP23-326K2.3	Nsf
RP23-340E18.5	Camk2b
RP23-149O3.6	Psmd10
DMEL_CG6531	wgn
RP5-1000E10.3	CSDE1
SPBC25D12.02C	dnt1
AT4G00220	JLO
RP4-691N24.2	GINS1
AT1G06160	ORA59
AT1G55600	WRKY10
AT2G26950	MYB104
AT2G31230	ERF15
AT1G68880	bZIP
CELE_K09G1.4	dop-2
CELE_B0207.3	gpa-14
RP11-63L7.1	GABRR1
RP5-956O18.1	GALNT2
AT2G26040	PYL2
AT1G73000	PYL3
AT5G45860	PYL11
AT5G45870	PYL12
AT5G59220	HAI1
AT2G29380	HAI3
HHV4_LMP-1	LMP1
PSEC0133	SHISA5
RP23-153M14.2	Sfpq
Y47D3A.27	teg-1
CELE_Y92C3B.2	uaf-1
F18C5.2	wrn-1
RP23-461C4.8	Slc4a1
RP23-281C18.14-001	Psme3
RP11-459E2.1	TDRD3
RP23-136K12.1	Crk
RP11-571F15.1	UBAP1
DMEL_CG7037	Cbl
PP5644	MAFIP
SPBC1711.14	rec15
SPBC21B10.12	rec6
DMEL_CG12072	wts
HSD8	CCDC91
XX-FW83563B9.3	TAZ
RP23-370H21.3	Dnttip1
CD4.4	vps-37
C09G12.9	tsg-101
CELE_Y87G2A.10	vps-28
C06A6.3	mvb-12
RP11-181G12.3	C1orf86
CELE_C09G12.8	ced-10
C35C5.4	mig-2
PRO1933	SCD
CELE_Y94H6A.9	ubxn-2
CELE_F48A11.5	ubxn-3
H06H21.6	ubxn-6
CELE_F19B6.2	ufd-1
T01E8.9	ubxn-5
RP11-624L12.2	MYOF
BOS_18906	UBB
F26H9.7	uev-3
CELE_F42G8.4	pmk-3
PRO0684	SERPINA1
UNQ1846/PRO3574	LAPTM4A
PSEC0001	LAPTM4B
RP11-63P12.8	ZFAND5
DMEL_CG7186	SAK
RP23-87L24.4	Map1lc3a
RP23-303F24.1	Irf1
BOS_7381	PRKACA
RP11-18I14.1	FBXL15
RP3-330O12.3	FBXO6
D2045.6	cul-1
DMEL_CG16932	Eps-15
DMEL_CG8532	lqf
RP11-529I10.3	FBXW4
SPAC1805.05	cki3
DMEL_CG9699	Sep4
DMEL_CG10523	park
DMEL_CG5659	ari-1
RP23-226J16.7	Aff4
RP23-324H24.1	Aff2
CELE_H15N14.1	adr-1
W02G9.2	kel-8
RP23-336G7.2	Jak1
DMEL_CG8337	E(spl)malpha-BFM
DMEL_CG6099	E(spl)m4-BFM
RP23-379M5.2	Optn
RP11-404F11.2	TBC1D2
FP2461	TBC1D10B
RP3-417M14.2	MAK
RP23-193O17.2	Lamp2
UNQ1878/PRO4321	ERLEC1
RP23-446N16.3	Fbxw2
AT5G43470	RPP8
AT3G50080	VFB2
RP23-118G3.1	Tollip
CELE_F35D6.1	fem-1
T19C3.8	fem-2
CELE_C01F6.4	fem-3
C08B11.1	zyg-11
HHV6GP083	U90
MNCB-0190	Usp2
RP11-476I15.3	PCMTD2
PP7759	LRRC41
HCG_40978	ZNRF3
RP11-566C13.1	RSPO1
HHV5WTGP026	UL21A
AT4G31160	DCAF1
Y108G3AL.1	cul-3
RP23-399D3.1	Ppp2r4
RP23-46P4.8	Dll4
RP4-680D5.5	DDI2
AT2G25090	CIPK16
AT3G01130	AT3G01130
AT4G31570	AT4G31570
AT1G19220	ARF19
RP4-650H14.3	PLEKHG5
RP1-295F6.1	ZFAND3
RP11-536C5.4	ATP1A2
HMFN2073	PID1
RP5-1013A10.1	ECI2
MSTP053	SEC23IP
DAQB-143M3.4	NOTCH4
DN-491F10.4	Arrb2
PP10187	CCM2
AT2G42400	VOZ2
RP11-767N6.6	IPP
CGI-73	KBTBD2
RP11-54O7.6	KLHL17
RP1-108K11.2	KCTD20
HCG_18301	NUDCD3
HSPC200	ANKRD39
AC004383.6	PHF6
RP11-5F19.1	KCTD3
RP11-316M1.10	MLLT11
RP5-902P8.6	SDF4
PSEC0230	SRPRB
RP11-344N10.1	P4HA1
PRO1677	ZC3HAV1
HCG_2011013	MTMR3
UNQ1941/PRO4424	SDF2L1
UNQ2423/PRO4981	FAR1
CGI-25	NOSIP
199G4	RBM22
RP4-583P15.2	RTEL1
RP11-342J4.3	DIS3
RP1-37M3.7	ATXN10
RP11-185C18.1	RCBTB1
PSEC0262	SSR1
RP1-236A3.1	FARS2
HSPC117	RTCB
RP1-14O9.1	MAGED2
RP11-175D17.6	RPL35
RP11-54A4.9	TARS2
RP4-659I19.2	NTPCR
RP1-292B18.2	MTHFD1L
RP11-452K12.13-007	RRP12
RP5-832C2.1	ATAD3A
DADB-159G18.1	RPS18
LA16C-398G5.1	RAB40C
RP3-442A17.1	TULP4
RP11-545I5.4	FBXO30
HCG_2011110	FBXO10
RP3-508I15.1	GTPBP1
DADB-333F21.5	HSPA1L
HOYS7	UBE2Z
HHV4_BPLF1	BPLF1
F11F1.7	ttr-52
RP4-769N13.4	GPRASP2
CELE_T07A5.6	unc-69
CELE_C01G10.11	unc-76
DMEL_CG10667	Orc1
DMEL_CG3041	Orc2
YPR199C	ARR1
RP23-392I3.6	Jup
RP23-291K6.1	Slit3
RP5-1052M9.2	TENM1
HSPC286	NHP2
DMEL_CG5366	Cand1
B0547.1	csn-5
CELE_Y67H2A.6	csn-6
DMEL_CG4466	Hsp27
AT1G79650	RAD23B
AT2G17200	DSK2
AT2G26590	RPN13
F45H11.2	ned-8
D2013.7	eif-3.F
RP23-39I7.6	Sh3kbp1
RP23-463K8.9	Wipf1
YFL042C	YFL042C
YBL022C	PIM1
YCR024C-A	PMP1
YHR037W	PUT2
YLR066W	SPC3
YKL120W	OAC1
YLL048C	YBT1
YLR104W	LCL2
YLR348C	DIC1
YGR282C	BGL2
YLR404W	FLD1
YML120C	NDI1
YNL322C	KRE1
UNQ758	CLDN17
RP23-427P14.3	Wrnip1
T09B4.10	chn-1
F25H2.8	ubc-25
RP23-355L10.8	Erbb2
RP11-54H19.7	SMG5
RP11-67C2.1	MARCH8
HHV1GP079	UL54
RP23-99M13.4	Gps1
RP1-193B12.1	HIST1H3I
RP23-464C2.8	Rabl6
AC004754.2	RGS11
YKL072W	STB6
YJL049W	YJL049W
DADB-129D20.3	DHX16
CGI-84	CHMP2B
RP5-975D15.2	GNG12
DMEL_CG5370	Dcp-1
RP23-67E18.3	Spop
HHV8GK18_GP61	ORF57
RP3-322G13.10-004	GZF1
RP11-57G10.4	HERC4
HSPC042	COMMD2
HT002	COMMD5
RP11-173B14.2	COMMD6
RP11-503P21.3	COMMD7
HSPC305	COMMD10
HHV5WTGP076	UL82
HCG_38480	KCTD1
HHV5WTGP108	UL123
HHV5WTGP107	UL122
UNQ651/PRO1281	CHPF
RP23-61O3.7	Pcif1
DN-279H6.1	Rabep1
RP11-336K24.1	KIAA0907
RP11-66D17.11-004	PRCC
HHV4_BBLF2/BBLF3	BBLF2-BBLF3
RP23-338A17.3	Tro
RP23-157J11.1	Tnfrsf1b
HCG_21984	CSNK2A3
UNQ5814	ARID5A
YDL022W	GPD1
RP11-350E12.2	CDK20
RP5-1189B24.5	THOC2
PSEC0006	THOC6
MSTP054	KIAA1429
DMEL_CG18271	slx1
RP1-230G1.3	TIMP1
FKSG26	TCF25
RP11-465F21.2	PDCL
CELE_Y69A2AR.7	CELE_Y69A2AR.7
D2007.5	atg-13
RP23-71G11.1	Fhl1
RP23-9N11.6	Traf1
AT2G26670	TED4
AT5G20140	AT5G20140
AT2G41240	BHLH100
AT5G04150	BHLH101
RP23-382C18.1	Ccng1
BOS_15860	GNB1
RP23-14F5.6	Gnb2l1
RP23-183D11.1	Gnb1
RP4-635A23.5	IVNS1ABP
BM-013	MEX3C
RP23-20F9.8	Ddb2
RP11-276E15.2	INIP
RP3-429G5.4	SNX3
RP23-133A3.3	Cep57
XXBAC-BCX535A19.3	LENG8
RP1-300G12.3	FAM46A
RP11-344H11.8	FAM46B
HCG_1641409	ZG16
RP11-463P17.6	ZNF488
RP4-663D7.1	GMEB2
RP11-137L10.4	USP54
HSPC002	ELP5
BLOCK24	HNRNPLL
RP1-64K7.1	RALY
RP1-171N11.1	KIAA1244
AT2G26975	AT2G26975
RP11-94I2.2	NBPF11
AT1G04510	MAC3A
AT1G09770	CDC5
RP23-29K12.8	Vps16
RP23-46P4.6	Vps18
RP23-162M7.1	Pls3
RP23-436J19.3	Abi1
RP23-341B14.1	Wasf2
RP23-370F7.1	Cyfip2
DMEL_CG5483	Lrrk
AGAP_AGAP006958	HSP83_ANOGA
DMEL_CG12101	Hsp60
AT3G17930	AT3G17930
ARTHCP054	petD
BOS_21205	ZFYVE20
F58G6.1	amph-1
RP5-1002M8.3	NAA20
RP3-438D16.1	RAB33A
YOL073C	DSC2
YOR223W	DSC3
RP23-250F8.3	Prame
RP23-195K8.11-001	Tln1
RP23-359O5.1	Fermt2
RP6-14C6.1	TRO
AT3G04610	FLK
RP23-441I8.2	Trim17
RP11-714M16.1	GRK5
AT5G48150	PAT1
AT2G04890	SCL21
MNCB-2243	Bag3
RP23-247I1.3	Capzb
UNQ695/PRO1340	CDH16
RP11-165P4.4	RAB14
HLC10	MAEA
RCOM_2159910	RCOM_2159910
UNQ9427/PRO34683	DNAJB14
T1	TRAPPC9
CGI-87	TRAPPC12
CGI-104	TRAPPC4
RP11-291L19.3	MMACHC
HSPC161	MMADHC
HHV8GK18_GP52	ORF50
PP13624	VPS53
DADB-91M20.1	VPS52
PP5382	VPS51
RCG_20808	Calm1
SPAC23C4.03	hrk1
YCR010C	ADY2
YNR002C	ATO2
RP1-106H8.3	DNM3
HRIHFB2017	BMP2K
RP11-427H3.3	AAK1
RP11-349J5.1	HBS1L
HHV1GP107	US11
RP11-412P1.1	CDK5RAP2
RP11-8I8.2	ROR2
CELE_M03A1.6	ipla-1
RP1-37C10.4	ATP13A2
DMEL_CG4523	Pink1
CELE_F10E9.6	mig-10
B0336.6	abi-1
WUGSC:H_GS034D21.1	DOCK4
RP23-283N14.17-001	Hist1h1e
HHV5WTGP040	UL35
RP11-395P17.9	SWI5
RP11-373N18.1	SFR1
DMEL_CG3869	Marf
DMEL_CG11624	Ubi-p63E
TCCCIA00113	IP6K2
RP23-110A15.1	Efnb1
AT4G31730	GDU1
AT3G09770	AT3G09770
AT4G25760	GDU2
AT5G57685	GDU3
AT2G24762	GDU4
AT5G24920	GDU5
AT3G30725	GDU6
AT5G38770	GDU7
YOR030W	DFG16
UNQ743/PRO1471	DNAJB9
AT3G51820	G4
AT5G37770	TCH2
AT4G03415	AT4G03415
AT4G34040	AT4G34040
UNQ437/PRO868	TNFRSF21
SIVGP5	rev1
RP1-95L4.1	AIG1
RP11-274J16.4	FGD3
PSEC0241	COLGALT1
TCAG7.927	GUSB
RP3-510D11.3	H6PD
RP5-1077B9.2	PLOD1
PSEC0245	NUP210
RP3-508I15.17-002	JOSD1
RP6-232G24.1	MAGEC1
RP23-401J24.1	Prnp
RP23-422H14.2	Clstn1
RP23-389M3.1	Plp1
RP23-130J1.1	Mid1ip1
CELE_C50E10.4	sop-2
RP23-192G18.4	Plagl2
Y105E8B.4	bath-40
F37A4.9	bath-41
C52B11.2	inso-1
CELE_D2045.8	D2045.8
CELE_B0281.5	CELE_B0281.5
CELE_W01A11.3	unc-83
RP23-237P10.2	Canx
SBBI68	PGLYRP1
AT1G05000	AT1G05000
AT1G66160	CMPG1
DDB_G0288065	cdcD
AT1G07000	EXO70B2
AT5G10720	HK5
Y45F10D.9	sas-6
CELE_F35B12.5	sas-5
RP23-54C14.4	Syp
RP23-272N19.5	Park7
AT1G71030	MYBL2
K03H1.2	mog-1
EEED8.5	mog-5
CELE_C04H5.6	mog-4
RP11-54A4.10-004	ENSA
UNQ6308/PRO20933	BDH2
AT5G55160	SUMO2
YML061C	PIF1
DC37	MRPS15
YPL236C	ENV7
MDS029	CISD1
SPBC19C7.10	bqt4
SPAC19G12.13C	poz1
BOS_19653	CALM
AT5G21326	AT5G21326
SPAC19D5.04	ptr1
SPAC140.03	arb1
SPAC13G7.07	arb2
SPAC4F10.18	nup37
SPBC3B9.16C	nup120
SPBC29A10.06C	ely5
SPBC27B12.08	sip1
SPBC947.02	apl2
SPCP1E11.06	apl4
SPBC582.04C	dsh1
RP1-117P20.1	SELL
SPBC1718.07C	zfs1
SPCC1494.03	arz1
SPBC8E4.12C	ecl3
SPAC6B12.02C	mus7
SPAC589.03C	SPAC589.03c
SPCC1223.13	cbf12
SPAC1002.08C	mtf1
SPAC12G12.04	mcp60
SPBC2G2.14	csi1
RP3-495O10.2	PACRG
RP23-275N2.2	Elk1
MNCB-0301	Parva
RP3-453C12.9	DBNDD2
LA16C-313D11.4	RHOT2
SPBC18H10.15	cdk11
YNL169C	PSD1
AT4G37930	SHM1
AT4G24560	UBP16
AT4G13930	SHM4
AT1G04620	AT1G04620
RP23-443G7.6	Sptan1
RP23-163L4.1	Slc1a2
DN-183N8.13-001	Slc25a11
TCAG7.575	RNF32
HT031	CHTOP
RP24-319D9.2	Cnp
RP23-17P12.13-002	Stxbp1
DN-183N8.17-002	Eno3
RP23-264D16.5	Cacna1b
CGI-45	ADIPOR1
RP3-511E16.1	EEF1E1
RP11-346K17.2	PIGU
RP11-348J12.4	EXOC6
CTD-2522E6.3	NDUFB11
HCG_25505	TRMT61A
CGI-09	TRMT6
PP9932	RPL32
RP11-411B6.5	NDUFB8
HSPC173	FARSB
FP585	ETFB
RP11-298E9.2	PFKP
RP11-305E17.3	DBT
RP11-54K16.3	SMU1
RP11-217H1.1	MAGT1
MDS016	MRPS21
RP11-36D19.2	MAT1A
RP11-802E16.3	TCIRG1
AD-014	TOMM7
AL022237.1	MCAT
CGI-51	SAMM50
RP11-176F3.6	UBAP2
RP11-690G19.3	FBXL20
RP11-534L20.3	EIF2D
RP11-397D12.2	GRHPR
RP5-1043G4.2	TTC4
RP11-451M19.1	XPNPEP1
SBBI10	PRDX5
GS3786	FAM3C
RP1-126E20.1	TXNDC5
RP5-930J4.3	HP1BP3
RP11-24J20.2	SEPHS1
RP11-390P24.1	CDK12
RP11-342M3.4	PPIF
RP11-172H24.2	IFT88
PSEC0263	EMC1
RP3-417M14.1	TMEM14B
CGI-117	NOP16
RP11-274K13.3	MMGT1
RP3-510H16.1	HMGXB4
RP11-56A21.1	FAM21A
MIG8	API5
DC16	FAM162A
HSPC119	UQCR10
RP11-108L7.3	SFXN3
DADB-87H23.3	PRR3
RP4-800M22.5	BTF3L4
JM3	TIMM17B
RP11-367H5.1	PPA1
DAAP-394O23.2	GNL1
RP11-518L10.4	ADSS
MSTP006	PGM2
RP11-68I18.9	PIP5K1A
RP11-297O4.2	PSRC1
HCG_17428	NNT
OK/SW-CL.21	UMPS
RES4-25	NOP14
RP11-78J21.1	HNRNPA1L2
RP11-215I23.1	SOAT1
FKSG7	EHD4
RP5-845O24.4	HNRNPCL1
RP5-1198E17.5	RC3H1
RP1-65J11.4	PUM1
RP11-147L20.1	ESD
RP1-90K10.1	MTCH1
RP11-261P4.6	SLC25A6
RP11-57G10.2	DNAJC12
AD-001	TRMT112
RP3-324O17.6	HM13
MCG_13589	Rpl5
RP23-421E12.9	Rpl22
YBR129C	OPY1
CGI-65	NDUFAF1
YDR374W-A	WIP1
RP3-383J4.1	CENPL
RP11-216B9.5	WDR34
SPBC1A4.05	blt1
SPAC144.13C	srw1
SPCC290.04	ams2
RP23-269N23.4	Psme2
RP23-377H12.3	Meis1
RP23-313J15.6	Hoxd13
RP23-349B4.3	Ehmt2
RP23-457P12.1	Tgfbr1
RP23-334M3.1	Nr6a1
RP23-70E1.3	Bloc1s6
RP23-207C2.1	Lin7c
RP23-278L4.1	Cask
RP23-133A3.2	Mtmr2
RP23-82I5.6	Nploc4
SPBC530.13	lsc1
RP23-191E3.3	Eif4enif1
YOR154W	SLP1
YER140W	EMP65
RP23-37B4.2	Sirpa
AT1G29260	PEX7
AT4G17490	ERF6
PSEC0098	THEM6
RP23-135L5.6	B4galt1
RP23-399H5.8	Ift20
RP23-416H4.1	Ift74
RP1-127C7.1	SMG7
RP23-284C20.1	Plekhg5
RP23-432M14.2	Capn3
RP23-192L3.1	Snta1
AT4G14713	PPD1
RP23-89H14.3	Dnmt3b
YDR333C	RQC1
YMR247C	RKR1
BOS_19941	TPPP
BOS_5957	GAPDH
RP23-99G21.1	Eri3
RP23-432M14.3	Zfp106
YLR445W	GMC2
AT3G20550	DDL
F38H4.9	let-92
CELE_C25A1.9	rsa-1
F48E8.5	paa-1
DAMA-277I14.1	HLA-E
TCAG7.1311	CHN2
RP23-58B9.1	Dmd
RP23-279L23.6	Ptrf
NBLA00307	OXR1
CGI-49	SCCPDH
RP11-326C3.2	ATHL1
RP23-54C14.1	Foxp3
RP23-276D17.1	Gata3
RP23-355L10.12-001	Ikzf3
SPAC13G7.10	teb1
RP11-508N12.1	ZNF462
RP1-159A19.1	AHDC1
SPCC1840.03	sal3
SPBC15D4.01C	klp9
RP23-313J15.9	Hoxd10
AT2G17870	CSP3
AT4G10970	AT4G10970
AT5G65260	AT5G65260
AT1G28050	AT1G28050
AT2G36170	AT2G36170
AT5G51590	AT5G51590
AT4G25320	AT4G25320
AT4G26560	CBL7
RP11-442N24__A.1	PHACTR4
HSPC099	RPRD2
HRIHFB2436	ZNF318
RP23-99M13.6	Fasn
YBL024W	NCL1
YBR078W	ECM33
YBR162C	TOS1
YBR286W	APE3
YCL040W	GLK1
YCL042W	YCL042W
YDR033W	MRH1
YDR524C-B	YDR524C-B
YEL046C	GLY1
YER073W	ALD5
YGR079W	YGR079W
YGR124W	ASN2
YGR143W	SKN1
YGR189C	CRH1
YGR279C	SCW4
YHL021C	AIM17
YHL040C	ARN1
YHR143W	DSE2
YHR179W	OYE2
YJL159W	HSP150
YJR016C	ILV3
YKL068W-A	YKL068W-A
YKL096W-A	CWP2
YKR042W	UTH1
YLR286C	CTS1
YLR297W	YLR297W
YLR300W	EXG1
YLR355C	ILV5
YMR011W	HXT2
YNL045W	LAP2
YNL160W	YGP1
YNL300W	TOS6
YPL207W	TYW1
YPR149W	NCE102
AT5G45900	APG7
AT5G61500	ATG3
HCG_33036	USP24
RP11-140H17.1	CYB5B
AT2G25170	PKL
AT4G32010	HSL1
AT5G22750	RAD5
HSPC240	MARCH2
MSTP019	STOML1
RP11-339B21.2	CERCAM
RP11-102K13.4	DCUN1D2
RP11-690D19.3	DCUN1D5
SPAC12B10.10	nod1
RP23-252K7.4	Brcc3
RP11-220B22.3	FAM154A
RP11-422N19.4	PCSK5
GIG43	PLSCR4
SPBC18E5.11C	edc3
SPAC17A5.14	exo2
SPAC20G4.08	pdc1
SPBC776.09	ste13
RP23-378I13.3	Spag9
AT2G36460	AT2G36460
AT4G38600	KAK
YOL080C	REX4
RDN37-1	RDN37-1
RP3-390O13.2	WNK3
HCG_2016942	DPP3
AT1G11130	SUB
RP5-1104E15.4	RPS19BP1
RP11-568G11.1	RAB3GAP2
MSTP134	VKORC1
RP23-73K21.5	Csrp2bp
RP23-390D17.6	Kat2a
DMEL_CG43122	cic
BOS_16484	PPP1CC
BOS_14050	YWHAZ
RP23-64E17.2	Nefh
RP23-64E17.4	Thoc5
AT1G17550	HAB2
RP23-421E12.12-005	Kcnab2
AT3G19980	FYPP3
AT1G80350	ERH3
AT1G70300	KUP6
RP23-340L19.1	Map2k4
RP23-325I3.3	Rag1
AC148174.1	Ighmbp2
RP23-160K5.2	Sycp2
AL023881.1	DECR2
PRO1004	PECR
RP11-247A12.5	CRAT
RP3-337O18.2	ACOT8
UNQ851/PRO1800	DHRS4
RP23-102H8.1	Gria1
RP23-471M13.1	Gria3
CTA-292E10.4	CCDC117
RP11-383C5.6	EDRF1
RP11-6J24.5	CDC37L1
T21B10.7	cct-2
K01C8.10	cct-4
CELE_R10D12.14	sao-1
T27F7.3	eif-1
T23D8.4	eif-3.C
CELE_F27D4.2	lsy-22
Y113G7A.3	sec-23
F12F6.6	sec-24.1
ZC518.2	sec-24.2
Y48C3A.7	mac-1
CELE_Y48A6B.11	rsa-2
F56A3.4	spd-5
Y59A8B.7	ebp-1
CELE_Y54E10A.9	vbh-1
CELE_C12C8.3	lin-41
CELE_Y73B6A.5	lin-45
CELE_Y54E2A.11	eif-3.B
C27D11.1	egl-45
CELE_C25F6.2	dlg-1
F22B5.7	zyg-9
CELE_Y71F9AM.5	nxt-1
C15H11.6	nxf-2
Y71F9B.4	snr-7
Y49E10.15	snr-6
CELE_Y77E11A.13	npp-20
CELE_ZK512.5	sec-16
T05G5.3	cdk-1
T19B4.2	npp-7
CELE_ZK632.1	mcm-6
CELE_Y17G7B.5	mcm-2
CELE_C02F5.12	C02F5.12
AH6.5	mex-6
F56F3.1	ifet-1
CELE_C13F10.2	C13F10.2
C28C12.2	mesp-1
F53F10.5	npp-11
CELE_C56G2.7	C56G2.7
CELE_C50F2.3	C50F2.3
CELE_Y116A8C.34	cyn-13
D1007.6	rps-10
CELE_K08F8.4	pah-1
D2024.6	cap-1
M106.5	cap-2
DY3.2	lmn-1
F10E9.8	sas-4
CELE_F59E12.5	npl-4.2
F21C3.5	pfd-6
C04C3.3	pdhb-1
F25H2.10	rla-0
CELE_F27C1.7	atp-3
CELE_F56D2.2	F56D2.2
F38E11.5	copb-2
T23G11.3	gld-1
F35G12.2	idhg-1
CELE_C14B1.3	C14B1.3
F08A8.7	fbxa-101
C26E6.5	fsn-1
CELE_F46F11.6	F46F11.6
F46F11.5	vha-10
C17H12.14	vha-8
F55C5.4	capg-2
C29E4.2	kle-2
F55F8.4	cir-1
CELE_F56B6.2	rgs-7
F58A4.3	hcp-3
K06A5.4	knl-2
CELE_W10D5.3	gei-17
CELE_M03D4.1	zen-4
CELE_R06C7.5	R06C7.5
R08D7.3	eif-3.D
B0511.10	eif-3.E
RP23-350G1.3	Ccl2
RP24-68C7.1	Adam10
RP23-417K1.1	Kcna4
RP23-145E1.7	Mpl
AT2G42940	AT2G42940
YGR155W	CYS4
AT5G15920	SMC5
SPAC3A11.14C	pkl1
MNCB-0873	Pus1
SPBC887.09C	sog2
RP23-188A4.1	Bmp7
RP13-77O11.6	XAGE3
DMEL_CG43081	vas
RP4-677H15.5	ANKRD13C
RP23-398F7.3	Dusp3
RP23-206D14.6	Dusp2
TCAG7.981	JAZF1
RP23-480B19.5	Hist1h1c
RP23-65A22.2	Nxf2
RP23-19L12.1	Stau1
RP23-32H19.1	Ppp3r1
RP23-202H24.2	Figf
AT5G67300	MYBR1
RP11-269F19.9	TCTEX1D4
RP23-332P8.1	Arid4b
YNL301C	RPL18B
PSEC0109	P3H1
RP11-642N5.1	MLIP
MCG_144967	Dab2
AT4G28190	ULT1
AT2G20825	ULT2
PRO2972	FRA10AC1
H37	RBM5
RP1-20I3.2	RBMX2
CGI-144	FAM32A
RP11-297I6.1	ARGLU1
RP11-442H21.1	DDIT4
RP11-32M23.1	HSDL2
RP5-889N15.2	ATG4A
RP11-145H9.1	MYLK4
RP1-138B7.2	SGK2
FKSG81	TSSK1B
RP11-96L14.4	PDIK1L
RP11-288G13.1	CDK18
RP11-140A10.1	STK32C
F41H10.11	sand-1
Y39A1A.5	rabx-5
F58G11.6	ccz-1
DMEL_CG5271	RpS27A
CELE_Y47D3A.6	tra-1
AN6197.2	AN6197.2
AN6125.2	AN6125.2
PSEC0052	PCSK9
RP11-159J2.3	TBC1D4
RP13-26D14.3	PDZD11
C16C10.7	rnf-5
AT1G07705	AT1G07705
AT5G59710	VIP2
AT5G44200	CBP20
AT2G13540	ABH1
AT5G39610	NAC6
AT5G44190	GLK2
RP23-449F16.1	Mks1
RP23-189N15.5	Nphp1
RP23-352D7.1	Nphp4
HHV1GP41.5	UL29
HHV1GP010	UL5
HHV1GP072	UL49
RP11-394O2.2	ELMO2
RP11-34E5.3	PIK3AP1
HRIHFB2063	GAREML
HCG_2040524	PLEKHA7
RP4-696P19.3	TFEB
RP23-5O23.5	Kdm6b
RP23-71H9.3	Phf20
PP14434	TNS4
OK/SW-CL.108	KIF18A
T20F10.1	wts-1
CELE_F13E6.4	yap-1
CELE_F42G4.3	zyx-1
CELE_C33G3.1	dyc-1
CELE_K04A8.6	dre-1
AT5G53470	ACBP1
RP23-13C17.3	Eef1b2
RP23-20F9.4	Madd
RP23-396M19.2	Myh10
RP23-326J18.1	Pde1a
RP23-112C19.3	Ppp1r9b
RP23-248K2.7	Havcr2
HIV1GP6	rev
AT2G31500	CPK24
RP4-753D5.1	TFAP2B
RP23-418N2.1	Dnajb11
RP1-117P20.4	METTL18
SB153	EEF2KMT
LP8272	METTL22
PRO1073	MALAT1
AT5G46350	WRKY8
AT1G78310	AT1G78310
AT5G37020	ARF8
HHV8GK18_GP62	vIRF-1
CELE_M79.1	abl-1
CELE_Y45F10D.13	sorb-1
CELE_ZK1248.3	ehs-1
DN-452A22.6	Fgf2
PP2500	ANKHD1
RP23-316M14.7	Mapk8ip1
RP11-229P13.6	PTGDS
RP23-304H7.2	Hnf1b
RP23-82I5.1	Actg1
RP11-307C12.2	PBXIP1
UNQ471	APLN
RP4-545K15.2	ARMCX3
RP23-217I18.5	Stxbp3a
RP23-246F18.2	Cdc42
RP23-168C20.2	Sept4
UNQ3101/PRO10100	ICE2
RP11-196G4.1	HMGN5
RP23-419G21.4	Nsfl1c
RP23-221O14.4	Asb6
RP23-30F6.2	Shb
RCG_32645	Mapt
RP23-349P20.1	Phyh
RP23-297J14.1	Acsl6
RP23-436E15.2	Klhl41
RP23-386E10.6	Lasp1
RP23-161B9.6	Swi5
SPAC2F7.14C	rrp4
SPBC16G5.10	rrp42
SPBC17D1.03C	rrp43
SPCC757.08	rrp45
SPBC211.08C	mtr3
SPAC22A12.12C	rrp40
SPAC3G9.10C	rrp41
SPBC115.01C	rrp46
SPCC1840.11	csl4
SPCC1739.07	cti1
AD030	MFF
RP23-443E19.2	Pim2
RP23-130L11.3	Trpm7
RP23-294E23.2	Myh2
RP23-78H4.4	Rph3al
RP23-31C9.4	Rab3b
RP23-139F8.3	Acvr2a
RP23-185P20.1	Vim
RP23-336G7.1	Raver2
RP1-146H21.1	NOX1
RP23-190O8.2	Tmod1
RP24-159F5.1	Pdcd6ip
RP23-249G3.1	Kif1b
RP23-9F23.3	Topors
RP23-56A7.2	Cacnb2
AT3G18520	HDA15
AT2G20190	CLASP
AT5G06140	SNX1
RP23-54P14.2	Cdh17
RP23-84C12.5	Anapc11
AC091465.1	Map2
C1_00060W_A	TUP1
RP23-278K23.1	Atp6v0a1
RP23-82F10.1	Rora
RP11-108F13.1	URB2
RP23-132M9.1	Tceal8
RP23-74L11.3	Nap1l3
AT4G35230	BSK1
AT5G59010	AT5G59010
AT3G54030	AT3G54030
AT1G50990	AT1G50990
AT1G06390	GSK1
AT5G41260	AT5G41260
AT4G00710	BSK3
YOL137W	BSC6
YNL024C	YNL024C
YIR014W	YIR014W
YIL039W	TED1
YDR276C	PMP3
YKR049C	FMP46
YJL097W	PHS1
YGL084C	GUP1
YPR128C	ANT1
UNQ3049/PRO9865	CYB5R1
RP11-295M18.1	MARC1
AT1G04750	VAMP721
AT5G53480	AT5G53480
AT3G06720	IMPA-1
AT2G45000	EMB2766
LA16C-444G9.3	NARFL
RP11-9E13.1	DNA2
RP3-395M20.5	HES5
BOS_13027	PRNP
RP11-490D19.1	ALDOB
AT1G02680	TAF13
AT4G02020	SWN
YNR020C	ATP23
YDR493W	MZM1
YLR363C	NMD4
AN3719.2	AN3719.2
AN2290.2	AN2290.2
AN3422.2	AN3422.2
AN2269.2	AN2269.2
AN7252.2	AN7252.2
NCU02250	NCU02250
AT4G35290	GLUR2
AT1G05200	GLR3.4
AT4G13510	AMT1;1
AT3G24300	AMT1;3
HT019	SCYL1
DMEL_CG2331	TER94
RP4-561L24.2	GCLM
AD-013	CHD9
DMEL_CG4719	Tnks
RCJMB04_4O15	NDC80
MSTP158	NOB1
RP1-32B1.2	AHI1
SPBC36B7.09	gcn2
AT4G11280	ACS6
JM1	CCDC22
HSPC166	COMMD9
RP3-355C18.4	MLC1
SPBC337.12	red5
SPAC22F3.05C	alp41
SPAC328.08C	tbc1
RP11-120K24.1	ATP11A
RP11-197K18.1	ATP11C
RP23-49E16.1	Rpl11
RP23-227J8.1	Gabrg2
RP23-335G10.1	Gabrb2
C2_06830C_A	FHL1
C5_02650C_A	IFH1
C2_04200W_A	TBF1
SPBC2D10.09	snr1
SPAC3A12.10	rpl2001
SPBC2D10.11C	nap2
SPAP27G11.09C	SPAP27G11.09c
SPBC428.14	SPBC428.14
SPCC31H12.03C	tho1
SPBC25H2.09	SPBC25H2.09
SPCC663.04	rpl39
SPAC19G12.04	dal1
SPBC30D10.05C	SPBC30D10.05c
SPAC3H5.05C	rps1401
SPCC830.11C	fap7
SPBC428.05C	arg12
SPBC21C3.10C	SPBC21C3.10c
SPCC18.07	rpc53
SPCC330.13	rpc37
SPAC13G7.02C	ssa1
SPBC3B9.01	fes1
SPAC27D7.04	omt2
SPAC1142.06	get3
SPBC4C3.06	syp1
SPBC1773.05C	tms1
SPAC7D4.04	atg11
RP23-12H6.1	Arhgap1
RP23-27I6.7	Rbm3
CDA02	EIF2A
RP23-248J10.1	Fmn1
RP23-282A22.2	Prpf40a
RP23-300F1.1	Scn2a1
RP23-397A11.3	Scn9a
RP11-68I18.1	GABPB2
RP23-388H13.5	Eif6
RP23-423G13.3	Efhd2
AL589650.1	Cacng2
RP23-312D15.3	Itgb1bp2
RP11-22I24.2	GTPBP2
RP11-73O6.2	SAMD3
CGI-52	STARD10
RP5-976O13.2	TMED5
RP4-756N5.1	MYH7B
RP11-78A18.1	ATE1
RP5-1057J7.3	ZNF436
RP11-432E18.11-001	MNDA
RP23-81D2.3	Kpnb1
SPBC1711.08	aha1
RP23-431C3.1	Pax6
RP23-441I8.6	Trim11
RP23-183L1.6	Crocc
UNQ2976/PRO7455/PRO7476	SOST
CELE_C52A11.4	mpz-1
CELE_T08H4.1	rhgf-2
CELE_Y51H4A.3	rho-1
AT5G24030	SLAH3
AT4G04720	CPK21
RP11-264C14.2	ITIH2
RP4-815O16.3	C1QB
DMEL_CG12423	klhl10
DMEL_CG6303	Bruce
DMEL_CG14122	Smyd4
DMEL_CG2128	Hdac3
AT1G16010	MGT2
DMEL_CG2028	CkIalpha
C6_04430W_A	CST5
C2_03770C_A	STE11
CR_03900W_A	HST7
C4_06480C_A	CEK1
C2_09230C_A	KIS1
C6_03920W_A	SNF4
CR_05940W_A	CEK2
C2_10210C_A	RAS1
C7_03070C_A	CYR1
C6_02570C_A	SEC20
C5_05110C_A	TIP20
C2_04930C_A	CRK1
C6_02610C_A	CDC37
CR_07890W_A	EFG1
CR_04130C_A	EAF7
CR_00100C_A	EPL1
C2_03430W_A	NBN1
C2_09770C_A	INP51
C3_03660W_A	IRS4
C3_07020W_A	SSN6
C3_07560W_A	TCC1
CR_01680C_A	CDC4
C7_00930W_A	GPH1
C5_00650C_A	THR1
C3_02240C_A	GPA2
C5_01250W_A	GPR1
C1_03010W_A	RPP1A
C3_04680W_A	RPP2B
C2_04530W_A	MED8
C3_02440C_A	C3_02440C_A
RP11-354A16.3	NPR1
SPCC285.16C	msh6
SPBC19G7.01C	msh2
SPBC1861.02	abp2
SPCC1753.01C	ssb2
SPBC16G5.11C	bag101
SPAC2F3.04C	rim1
YBL059W	YBL059W
YBL107C	MIX23
YBR022W	POA1
YBR192W	RIM2
YCL036W	GFD2
YCR023C	YCR023C
YDL001W	RMD1
YDL107W	MSS2
YDL110C	TMA17
YDL157C	YDL157C
YDL183C	YDL183C
YDL205C	HEM3
YDL206W	YDL206W
YDR031W	MIX14
YDR079W	PET100
YDR104C	SPO71
YDR125C	ECM18
YDR286C	YDR286C
YDR316W	OMS1
YDR376W	ARH1
YDR380W	ARO10
YDR487C	RIB3
YDR511W	SDH7
YER026C	CHO1
YER058W	PET117
YER093C-A	AIM11
YER170W	ADK2
YER182W	FMP10
YFL027C	GYP8
YFL034C-A	RPL22B
YFR007W	YFH7
YGL056C	SDS23
YGL057C	GEP7
YGL107C	RMD9
YGL143C	MRF1
YGL236C	MTO1
YGR017W	YGR017W
YGR021W	YGR021W
YGR037C	ACB1
YGR147C	NAT2
YGR161W-C	YGR161W-C
YGR171C	MSM1
YGR194C	XKS1
YHL014C	YLF2
YHR038W	RRF1
YHR116W	COX23
YHR137W	ARO9
YHR155W	YSP1
YIL077C	YIL077C
YIL134W	FLX1
YIR024C	INA22
YJL003W	COX16
YJL046W	AIM22
YJL066C	MPM1
YJL071W	ARG2
YJL087C	TRL1
YJL102W	MEF2
YJL133W	MRS3
YJL144W	YJL144W
YJL205C	NCE101
YJL209W	CBP1
YJR013W	GPI14
YJR110W	YMR1
YJR122W	IBA57
YJR133W	XPT1
YKL170W	MRPL38
YKL222C	YKL222C
YKR056W	TRM2
YLR090W	XDJ1
YLR204W	QRI5
YLR218C	COA4
YLR253W	MCP2
YLR283W	YLR283W
YLR390W	ECM19
YLR443W	ECM7
YLR454W	FMP27
YML078W	CPR3
YML087C	AIM33
YMR157C	AIM36
YMR166C	YMR166C
YMR225C	MRPL44
YMR282C	AEP2
YMR318C	ADH6
YNL010W	YNL010W
YNL073W	MSK1
YNL249C	MPA43
YOL023W	IFM1
YOL059W	GPD2
YOL077W-A	ATP19
YOR021C	SFM1
YOR093C	YOR093C
YOR131C	YOR131C
YOR143C	THI80
YOR187W	TUF1
YOR241W	MET7
YOR354C	MSC6
YOR360C	PDE2
YOR382W	FIT2
YPL040C	ISM1
YPL099C	INA17
YPL104W	MSD1
YPL132W	COX11
YPL172C	COX10
YPL183W-A	RTC6
YPL252C	YAH1
YPR004C	AIM45
YPR021C	AGC1
YPR047W	MSF1
YPR067W	ISA2
YPR114W	YPR114W
YPR140W	TAZ1
RP13-15M17.2	TMEM201
RP3-438D16.3	ZNF280C
RP5-1116H23.2	TMEM230
RP11-85G18.2	MASTL
RP11-341A19.1	ARID5B
TCAG7.279	GATAD1
L4	FAM60A
RP5-890O15.1	ZMYND8
HCG_96198	TNRC18
RP11-126K1.3	ZNF687
AT4G32280	IAA29
AT3G18550	BRC1
YDR196C	CAB5
YIL083C	CAB2
AT1G80440	AT1G80440
AT2G25180	RR12
AT2G47430	CKI1
DMEL_CG4432	PGRP-LC
DMEL_CG6103	CrebB
SPBC23E6.02	rrp2
DMEL_CG11793	Sod
DMEL_CG2998	RpS28b
DMEL_CG3725	Ca-P60A
DMEL_CG8937	Hsc70-1
DMEL_CG8231	Tcp-1zeta
DMEL_CG6668	atl
PTD015	AAMDC
RP4-735C1.2	GSTM3
RP11-99N20.1	GSTO1
HSPC124	PPA2
RP11-69J16.2	UROD
CELE_Y116A8C.36	itsn-1
T20B5.1	apa-2
C27A2.3	ify-1
Y47G6A.12	sep-1
W08E12.1	zip-11
C48E7.11	cebp-2
K02F3.4	zip-2
W07G1.3	zip-3
T04C10.4	atf-5
CELE_F29G9.4	fos-1
CELE_T24H10.7	jun-1
AT1G48790	AMSH1
AT5G42350	AT5G42350
AT4G35540	AT4G35540
SNR7-L	snR7-L
AT5G50490	NF-YC5
SPAPB8E5.02C	rpn502
SPBC887.18C	hfi1
SPAC12G12.05C	taf9
SPAC15A10.02	taf12
SPAC4D7.10C	spt20
SPAC57A10.14	sgf11
SPBC1921.07C	sgf29
SPBC21H7.02	taf10
SPBC6B1.12C	sus1
SPCC126.04C	sgf73
SPCC24B10.08C	ada2
SPCC61.02	spt3
SPBC577.15C	sim3
SPCC297.03	ssp1
SPBC1D7.03	mug80
SPCC16C4.11	pef1
DMEL_CG18102	shi
AT5G64060	NAC103
PSEC0197	ACSF3
CGI-152	ATP13A1
RP11-7O11.6	ATP6V0B
ORF1-FL49	CYSTM1
CGI-88	ELOVL1
UNQ832/PRO1759	MFSD5
JC7	NUCKS1
RP11-54H19.6	PAQR6
UNQ1930/PRO4405	PIGG
FP12591	SLC15A4
RP11-9H12.2	SLC31A2
UNQ260/PRO296	TSPAN13
DMEL_CG11680	mle
UNQ492/PRO1008	DKK1
AT4G37130	AT4G37130
SPAC6G9.04	spo7
SPBC1347.03	meu14
SPCC736.15	pil1
SPAC11H11.04	mam2
SPBC24C6.06	gpa1
AT5G13120	CYP20-2
RP11-263F14.1	COL5A1
AT5G55000	FIP2
AT3G25500	AFH1
SPAC6F12.11C	sfc1
SPAC1250.07	sfc7
AT4G28880	ckl3
AT4G28860	ckl4
SPAC589.11	pth4
AT5G20720	CPN20
SPAC15E1.08	naa10
SPCC338.07C	naa15
AT1G45249	ABF2
AT4G20910	HEN1
AT3G23125	MIR173
AT4G13770	CYP83A1
RP23-317F9.3	Bptf
RP24-297H17.9	Qser1
SPAC20G8.10C	atg6
SPAC25A8.02	atg14
AT3G12630	AT3G12630
AT1G52040	MBP1
DMEL_CG4345	grim
CGI-58	ABHD5
RP23-453H19.1	Pctp
RP23-92G13.5	Acot13
HT012	ACOT13
PSEC0238	CREB3L1
L13	RNF135
HHV5WTGP070	UL76
SPAC15E1.04	hal3
RP11-74A12.1	ABCC4
AT1G71820	SEC6
AT4G28590	AT4G28590
AT5G23310	FSD3
FP17548	PNPLA2
SPAC7D4.14C	iss10
AT5G22770	alpha-ADR
AT1G47830	AT1G47830
AT4G11380	AT4G11380
AT5G46630	AT5G46630
AT4G23460	AT4G23460
AT2G01140	AT2G01140
AT1G29930	CAB1
YPL006W	NCR1
YOR328W	PDR10
YNR070W	PDR18
YMR148W	OSW5
YKL146W	AVT3
YDR406W	PDR15
YKR093W	PTR2
YOL075C	YOL075C
YCL035C	GRX1
YGL255W	ZRT1
PIG35	SERPINF1
AT5G24630	BIN4
AT1G20630	CAT1
AT4G35090	CAT2
AT1G20620	CAT3
AT4G27670	HSP21
AT4G13670	PTAC5
ARTHCP014	rpoB
RP3-483K16.1	ELOVL5
AT3G54320	WRI1
AT1G12860	SCRM2
AT5G61920	AT5G61920
AT1G09070	SRC2
AT1G64230	UBC28
AT4G28520	CRU3
AT5G14780	FDH
AT5G44120	CRA1
AT4G30370	AT4G30370
AT4G19690	IRT1
AT4G33200	XI-I
AT2G33120	SAR1
AT1G10730	AT1G10730
AT1G23900	GAMMA-ADAPTIN 1
AT1G60780	HAP13
AT1G47730	AT1G47730
AT2G22030	AT2G22030
AT3G17490	AT3G17490
AT3G21840	SK7
AT2G20160	MEO
AT1G30790	AT1G30790
AT1G47270	TLP6
AT2G47900	TLP3
AT3G03360	AT3G03360
AT5G18680	TLP11
AT3G53060	SK6
AT3G21830	SK8
SPBC18H10.10C	saf4
SPBC2D10.17	clr1
SPBP35G2.10	mit1
SPAC20H4.10	ufd2
AT3G25800	PP2AA2
AT3G26020	AT3G26020
AT1G13460	AT1G13460
AT3G61160	AT3G61160
AT3G21220	MKK5
AT3G12490	CYSB
AT5G62040	AT5G62040
AT3G54090	FLN1
AT5G22780	AT5G22780
AT3G08530	AT3G08530
YNL208W	YNL208W
AT2G03150	emb1579
AT3G06590	AT3G06590
DMEL_CG2013	UbcD6
CITF22-1A6.1	CRELD2
PRO1037	HEMGN
HSPC299	NIPSNAP3A
RP1-75H8.4	MORC4
RP11-74C13.1	SOX13
HCG_2001850	NME1-NME2
RP5-1119A7.13-005	TXN2
FKSG38	PLA2G12A
AT1G75060	AT1G75060
AT1G19330	AT1G19330
AT5G61070	HDA18
AT3G57390	AGL18
AT1G43700	VIP1
AT5G20490	XIK
AT1G08800	AT1G08800
AT1G70750	AT1G70750
DMEL_CG32067	simj
DMEL_CG5133	Doc1
RP23-454A14.2	Ptgs1
RP4-769N13.5	BHLHB9
AT3G13380	BRL3
AT2G37050	AT2G37050
AT4G08850	AT4G08850
AT3G02880	AT3G02880
AT1G51800	AT1G51800
DMEL_CG3571	KLHL18
DMEL_CG10324	CG10324
DMEL_CG5808	CG5808
DMEL_CG10689	l(2)37Cb
DMEL_CG17090	hipk
DMEL_CG10981	dgrn
RP11-5K23.1	FCGR3A
SPAC14C4.06C	nab2
SPAC17H9.02	mtl1
AT3G17970	TOC64-III
AT5G09420	TOC64-V
RP5-952N6.2	PTGER3
AT2G40410	AT2G40410
RP23-440D4.1	Mllt3
BM-037	NUSAP1
RP23-139J21.6	Agtrap
RP11-346B7.2	ERCC6L2
DMEL_CG11330	cort
DMEL_CG8610	Cdc27
HSPC086	ZCCHC7
RP11-523H24.6	ZMYM5
UNQ9384/PRO34209	RSPO2
RP5-824F16.1	RSPO4
RP23-176J13.7	Trim25
RP23-9F23.2	Ddx58
RP11-542K23.6	PTGS1
SPBC29A10.09C	tri1
AT1G66370	MYB113
AT1G66380	MYB114
AT1G31770	ABCG14
AT4G27420	AT4G27420
AT5G54590	AT5G54590
AT1G72390	AT1G72390
AT4G13830	J20
RP11-251M1.2	EGFL7
AT1G35560	AT1G35560
AT5G60970	TCP5
AT5G08070	TCP17
AT3G15030	TCP4
AT1G56590	ZIP4
AT1G48410	AGO1
RP3-523E19.1	LRRC1
RP4-628J24.3	ATAD3B
RP5-1187M17.10-001	LZTS3
RP5-885L7.1	DIDO1
RP1-22I17.3	PHF3
RP11-452K12.1	FRAT1
HCG_16695	DCLK3
RP11-739C15.1	RBM34
CGI-115	RRP15
CDA10	FAM192A
RP11-63L7.3	SRSF12
AT3G50950	ZAR1
AT3G57750	AT3G57750
RP4-669P10.2	CYP2D6
SPBC646.12C	gap1
UNQ524/PRO1066	GHRL
SPBC1734.11	mas5
SPCC1739.13	ssa2
AT1G26260	CIB5
SPAPB1A10.02	scm3
RP11-443A13.1	KCNMA1
AT4G18620	PYL13
AT1G74720	QKY
AT5G16220	AT5G16220
RP23-341J22.2	Nos2
AT4G12470	AZI1
YGL146C	RRT6
AT4G21750	ATML1
AT4G04890	PDF2
AT1G26630	FBR12
AT1G55805	AT1G55805
AT5G17560	AT5G17560
AT4G26500	CPSUFE
AT1G20900	ESC
AT1G76500	SOB3
AT4G36480	LCB1
AT5G23670	LCB2
SPAC1687.05	pli1
SPBC16A3.09C	ufd1
AT4G17460	HAT1
AT5G23280	AT5G23280
HT022	EMC7
UNQ1904/PRO4350	KDELC2
MDS010	POGLUT1
PSEC0105	PCYOX1L
RP11-514O12.3	RNASET2
RP4-781D12.1	IGSF3
PP1221	CNTROB
RP11-147L20.3	LRCH1
RP6-204F4.4	LRCH2
TCAG7.235	CPVL
CTA-221G9.4	KIAA1671
HCG_2030155	CCDC85C
RP5-1160K1.5	AMPD2
RP11-230L22.3	DENND1A
RP11-513M16.1	DENND4C
RP13-128O4.1	DOCK11
RP3-523K23.2	FAM83B
MSTP007	INPP5F
RP1-184J9.3	LUZP1
PP432	REEP4
RP3-477H23.1	TTC28
AT4G34660	AT4G34660
AT2G45170	ATG8E
AT3G61710	ATG6
UNQ387/PRO719	LIPG
DMEL_CG5798	Ubpy
CTA-228A9.2	PLA2G6
BOS_6121	SOX10
BOS_10799	HERC1
RP11-422P15.2	C10orf90
HCG_38559	MEF2B
RP11-151A6.1	PCCA
RP11-165I9.5	PABPC3
RP11-356N1.3	SLC25A24
DMEL_CG5974	pll
DMEL_CG2919	asl
AT3G10660	CPK2
AT2G38910	CPK20
AT5G53060	AT5G53060
AT4G21670	CPL1
AT2G36400	GRF3
AT3G13960	GRF5
AT2G06200	GRF6
AT2G45480	GRF9
AT4G37740	GRF2
AT5G53660	GRF7
AT2G22840	GRF1
AT4G00850	GIF3
YPL272C	PBI1
SPAC23C4.12	hhp2
SPAC10F6.06	vip1
AT1G55460	AT1G55460
AT5G18830	SPL7
SPBC651.09C	prf1
RP11-319I23.1	FAM204A
RP11-73O6.1	L3MBTL3
YMR137C	PSO2
AT4G14720	PPD2
AT3G24150	AT3G24150
HSPC015	DCPS
OK/SW-CL.86	ATIC
HSPC300	BRK1
FP17425	MYH14
CGI-26	DERA
RP1-286D6.3	LRRC47
RP11-404F11.3	NANS
PP8985	PUS1
RP5-1057B20.2	RPRD1B
HSPC321	SWAP70
RP11-631M21.2	TUBB8
MSTP097	DPP8
MSTP034	SCPEP1
RP4-614O4.7	UQCC1
RP11-6B20.2	UQCC2
YIL123W	SIM1
YNL066W	SUN4
K08H10.7	rde-1
K12H4.8	dcr-1
YOR025W	HST3
YDR191W	HST4
SPBC530.03C	bag102
RP23-134A17.1	Rnf20
RP11-131M11.1	TRIM62
DMEL_CG1883	RpS7
YPL202C	AFT2
AT1G04050	SUVR1
AT5G43990	SUVR2
RP23-73A4.1	Kcnmb1
SPCC794.09C	tef101
SPAC17A2.08C	ntr2
DDB_G0283005	agtA
DDB_G0269230	fpaA
DDB_G0277759	phyA
DDB_G0275699	gnt1
DMEL_CG7143	DNApol-eta
RP23-186B18.2	Gsn
RP23-392I13.3	Unc45b
RP23-113G7.1	Faf1
AT2G21470	SAE2
GIG4	RAB13
PRO1777	RBM26
RP11-48O20.1	TAGLN2
MCG_140115	Asxl2
AT3G22231	PCC1
RP3-522O2.2	LIN28B
F21H11.3	tbx-2
AT1G20540	AT1G20540
AT5G67385	AT5G67385
DMEL_CG7986	Atg18a
DMEL_CG10360	ref(2)P
DKEY-216E24.6	usp9
YEL001C	IRC22
RP23-280J3.6	Nf2
AT5G61010	EXO70E2
AT5G12370	SEC10
SPAC12G12.09	SPAC12G12.09
SPBC725.08	pir2
SPBC902.04	rmn1
SPAC19B12.10	sst2
RP11-2C24.4	PHKG2
RP3-499B10.2	PHKA2
HCG_28765	PALM2-AKAP2
RP11-8J9.3	EFCAB14
RP11-301N24.1	PIP4K2A
RP11-361K17.1	GPATCH2
RP11-56P10.2	ZNF618
MY007	EPM2AIP1
SBBI31	SNX24
RP1-233G16.2	FAM199X
RP11-452K12.2	FRAT2
FP15621	C7orf50
RP11-63L7.5	PNRC1
RP1-18C9.2	GGT7
FT005	LSM14B
PP13296	LARP4
RP11-315I14.4	ELAVL2
RP4-620E11.1	EMILIN3
UNQ768	PLA2G2D
UNQ540/PRO1083	GPR56
RP5-1160K1.4	GNAT2
SPBC27B12.02	mis19
SPBC776.16	mis20
SPCC1235.07	fta7
SPAC23H4.11C	cnl2
SPBC409.12C	stn1
SPAC4H3.14C	rng8
SPBP8B7.02	rng9
SPBC2D10.14C	myo51
RP11-298K24.3	PFKFB3
SPAC17C9.03	tif471
SPAC17A5.07C	ulp2
AT3G12120	FAD2
AT2G29980	FAD3
AT4G30950	FAD6
AT3G11170	FAD7
AT5G05580	FAD8
YEL012W	UBC8
AT1G77120	ADH1
AT2G39550	PGGT-I
AT3G56090	FER3
AT5G01600	FER1
RP23-338J18.2	Rhbdd3
RP23-281C18.12-004	Becn1
RP11-307C18.1	BRI3
RP3-430N8.7	OSBP2
RP11-157P1.2	OSBPL2
SPBC18H10.20C	any1
SPAC11G7.02	pub1
DLNB07	PHLDB1
RP11-68I18.7	TMOD4
RP11-647M7.1	CXorf57
RP5-827C21.5	TARBP1
HCG_27154	HSFX1
DADB-70P7.8	AIF1
HCG_1813078	DNAH17
UNQ290/PRO330	P4HA2
RP3-329L24.2	MCM9
RP11-102C16.1	MAEL
ARG147	DHX40
RP11-122K13.9	FUOM
UNQ5781/PRO12970	DNHD1
RP11-125A7.3	VWA8
AD029	GPALPP1
RP11-460G22.1	OTUD3
UNQ588/PRO1158	CRB3
RP23-24E11.2	Bach2
RP11-187B3.1	ODF2
RP4-758J24.2	TMEM59
HHV6GP015	U19
RP3-477M7.7	CA6
RP5-1184F4.6	NOL4L
RP11-128B16.1	APBB1IP
RP11-5P18.9	FAM131C
FKSG21	GKAP1
HSPC070	MKRN2
UNQ711/PRO1374	P4HA3
RP11-351K23.1	EDA
RP3-322G13.2	NAPB
HSPC191	VAMP5
RP11-807G9.1	NMNAT1
DAAP-90L16.3	NCR3
YDL104C	QRI7
YJR129C	EFM3
RP23-163J20.2	Samhd1
RP23-85G19.1	Kdm6a
YKL149C	DBR1
YGR093W	DRN1
SPCC10H11.01	prp11
SPAC31G5.01	sap49
SPCC1183.05C	lig4
SPAC6G9.16C	SPAC6G9.16c
RP11-339B21.5	COQ4
SPCC24B10.19C	nts1
SPAC25B8.02	sds3
SPAC5D6.02C	mug165
SPAC16E8.12C	png3
SPBC1709.11C	png2
SPCC74.02C	ppn1
SPCC31H12.05C	sds21
SPAC4A8.12C	sds22
SPAC8C9.11	fra2
SPAC140.04	ctr1
SPBC20F10.05	nrl1
SPCC1183.07	SPCC1183.07
SPBC16H5.10C	prp43
SPBC29A10.02	spo5
RP23-92B18.2	Ccdc88a
SPAC631.02	bdf2
SPAC3G6.04	rnp24
SPAC821.03C	slf1
SPAC1610.01	saf5
SPBC29A3.17	gef3
SPBC119.05C	SPBC119.05c
SPAC23D3.10C	eng2
SPBC409.16C	saw1
SPCC970.01	rad16
SPBC4F6.15C	swi10
SPCC1322.02	pxd1
SPAPYUG7.03C	mid2
RP23-14N22.1	Mapkap1
SPCC31H12.08C	ccr4
SPBC13A2.01C	cbc2
SPAC6G10.07	cbc1
SPAC26A3.12C	dhp1
RP23-158L6.2	Snap23
PSEC0146	CYSLTR2
RP23-155J3.2	Mapk7
UNQ469/PRO828	GPX7
SPSNRNA.06	snu6
YGR266W	YGR266W
SPBC146.05C	cwf25
SPCC1620.10	cwf26
GIG1	TPP1
RP11-849F2.8	CTC1
RP11-541N10.2	OBFC1
CGI-50	WIPI2
CELE_C35D10.9	ced-4
CELE_C48D1.2	ced-3
HSPC292	VMP1
SPBC29A10.03C	pcf1
RP24-486D21.1	Kcnma1
YGL231C	EMC4
YLL014W	EMC6
YKL050C	YKL050C
RP23-36P10.7	Pou2f1
UNQ863/PRO1879	SLC30A5
RP4-740C4.2	RER1
DMEL_CG16916	Rpt3
RP11-85G18.5	ACBD5
RP4-655E10.1	CACHD1
YDR326C	YSP2
RP23-100C5.9	Ddrgk1
CGI-18	ASCC1
DMEL_CG15191	e(y)2
DMEL_CG31866	Ada1-2
DMEL_CG4448	wda
SBBI58	AEN
RP11-444D3.1	SOX5
OK/SW-CL.121	ALAS1
LP3663	ATPAF2
RP11-545E17.6	CCBL1
UNQ2543/PRO6095	GRAMD1C
RP5-930L11.1	SGSM1
HT033	RSRP1
RP3-417M14.3	GCM2
RP11-397D12.5	ZBTB5
UNQ781/PRO1575	ERP27
RP1-214M20.1	GSTA4
RP4-735C1.1	GSTM5
HCG_2005471	KRTAP4-11
RP4-671O14.2	PARVG
XXBAC-BCX105G6.2	LENG1
RP11-487I5.6	DUSP13
RP11-336P12.1	PBX3
GHC-351F8.1	BEX5
RP11-98D18.13-004	OAZ3
RP5-965G21.1	PYGB
HCG_1729960	FAM111B
RP5-870F10.2	SNAP47
OK/SW-CL.88	SULT1A1
RP11-108K14.6	SYCE1
PP6037	GDPD5
HUCEP-4	PGBD1
RP11-16L21.9	ZNF483
NBLA00191	TET2
RP11-548K23.4	MORN4
RP11-498E2.6	LHX6
RP11-334D18.1	EFHC2
BLOCK18	RMDN2
RP11-548B3.1	FAM189A2
RP11-378J18.4	MIA3
RP1-32F7.2	FAM133A
RP11-206I15.1	NUPL1
UNQ9423/PRO34565	RELL2
UNQ2493/PRO5780	MOXD1
UNQ2531/PRO6030	TMEM25
RP11-459F3.1	CRTAC1
UNQ2790	ZXDC
RP11-395L14.2	RABL2A
RP4-809E13.1	FAM127C
CTA-250D10.3	SEPT3
DADB-110M10.5	DDAH2
CTA-126B4.5	RRP7A
HSPC125	NDUFAF4
GHC-311G7.1	ZMAT1
RP11-350O14.11-001	NDOR1
LP4947	C11orf54
RP5-1055C14.8	TMEM31
RP3-329A5.5	DEF6
CGI-14	AMDHD2
CGI-62	ZC2HC1A
DASS-97D12.5	CUTA
RP13-253K9.1	YIPF6
RP5-1198O20.2	CCDC24
PRO0082	CSGALNACT2
UNQ2421/PRO4979/PRO34274	FNDC3B
PP9286	PHYKPL
RP11-118B23.1	RPF1
PP9320	NRBP2
RP11-443G18.1	TMEM79
RP13-531C17.2	C1orf174
HCG_1643587	ZDHHC22
YNL159C	ASI2
BOS_4425	PSMA2
RP11-169L18.1	KDM4C
RP11-526D20.2	KIAA0020
AL022344.1	BMS1
HDCMC28P	ESF1
UNQ677/PRO1311	TSPAN15
HKMT1188	RHNO1
AT1G04360	AT1G04360
YFR032C-A	RPL29
YDR500C	RPL37B
YPL079W	RPL21B
RP23-300F6.3	Mtm1
HMFN1661	ABLIM3
L14	NOL11
RP23-155J3.1	Rnf112
RP23-461O24.1	Fam65b
RP13-228J13.2	RAB39B
UNQ283/PRO322	KLK8
AL049757.1	ARFGAP3
RP11-54A4.7	GOLPH3L
NBLA00118	SLC9A9
RP1-34M23.4	GJA4
RP11-518D3.2	WLS
RP23-406N5.4	Mfn2
DADB-129D20.7	ABCF1
RP11-397G5.1	RPF2
RP1-18D14.8	STIL
SNR5	snR5
RP23-203B24.1	Clec16a
YJL126W	NIT2
HHV1GP085	US1
RP5-1181N3.1	TP53INP2
RP23-377E1.3	Napb
YBL076C	ILS1
RP11-148B2.1	RAB18
UNQ764/PRO1556	EMC10
TCAG7.562	ESYT2
HSPC030	SELK
HSPC184	EMC4
YBR058C	UBP14
UNQ6438/PRO21364	SHC4
RP11-496O3.2	WASF3
CELE_Y37E3.5	arl-13
RP1-47M23.2	SOBP
RP1-122O8.1	MDN1
AT4G26630	AT4G26630
AT5G47690	AT5G47690
AT5G55300	TOP1ALPHA
AT5G40340	AT5G40340
SPAC821.07C	moc3
SPAPB1A10.11C	mse1
AT4G32150	VAMP711
AT1G77140	VPS45
AT4G02195	SYP42
SPBC1604.21C	ptr3
SPBC119.02	ubc4
RP11-343H5.2	DYRK3
RP23-118E21.6	Tnfrsf18
AT1G64040	TOPP3
AT2G31305	INH3
AT2G29400	TOPP1
AT3G05580	AT3G05580
AT3G46820	TOPP5
AT4G11240	TOPP7
AT5G27840	TOPP8
AT5G43380	TOPP6
AT5G59160	TOPP2
AT3G27830	RPL12-A
AT4G02930	AT4G02930
RP23-186B18.6	Rab14
AT5G04290	KTF1
RP23-386N10.1	Nbn
YLR422W	YLR422W
YLL007C	YLL007C
PF14_0142	PP1
PF10_0311	PF10_0311
AT1G69310	WRKY57
DMEL_CG6226	FK506-bp1
AT3G50500	SNRK2.2
AT5G66880	SNRK2.3
TCAG7.1314	GSAP
RP11-181E22.4	ZMYM1
AT5G05800	AT5G05800
AT5G52600	MYB82
AT5G42820	U2AF35B
AT1G27650	ATU2AF35A
AT1G18570	MYB51
AT5G07690	MYB29
AT5G61420	MYB28
AT5G60890	MYB34
AT1G74080	MYB122
YFR043C	IRC6
AT1G32870	NAC13
AT3G04060	NAC046
AT5G48250	AT5G48250
RP23-386E10.5	Rpl23
GIG22	DNAJC15
RP11-481A12.7	TIMM23
AT1G43790	TED6
RP23-418O11.3	Psmc5
AC124389.4	Myl1
RP23-294E23.1	Myh1
AT5G61600	ERF104
RP23-172M21.5	Gabarap
AT3G19180	PARC6
AT1G75010	ARC3
DMEL_CG42347	sqa
RP11-58O1.1	UNC5B
AT1G10522	AT1G10522
AT1G34760	GRF11
AT5G16050	GRF5
AT1G26480	GRF12
AT2G44610	RAB6A
AT1G79830	GC5
AT4G39890	RABH1c
RP11-115D7.2	PPT1
RP11-317B10.1	DBH
RP23-263H8.1	Psmc3
RP23-328E6.1	Ube2r2
AT3G54360	AT3G54360
RP1-237H22.1	LUZP4
AT3G25230	ROF1
AT3G09440	AT3G09440
AT1G48175	emb2191
AT5G24670	AT5G24670
AT4G20020	AT4G20020
AT5G51760	AHG1
AT2G33430	DAL1
AT3G06790	AT3G06790
AT1G32580	AT1G32580
AT2G35240	AT2G35240
AT1G72530	AT1G72530
AT1G11430	AT1G11430
AT5G44780	AT5G44780
AT4G28610	PHR1
AT5G20150	SPX1
TMVGP2	TMVgp2
AT5G08790	ATAF2
AT5G52240	MSBP1
AT4G35760	AT4G35760
AT4G37200	HCF164
AT5G23570	SGS3
AT3G49500	RDR6
AT3G01460	MBD9
AT2G28740	HIS4
Y75_P1148	minC
AT5G57420	IAA33
AT1G35240	ARF20
AT1G15050	IAA34
AT2G01200	IAA32
AT1G34390	ARF22
AT1G80390	IAA15
AT4G14550	IAA14
AT2G46990	IAA20
AT3G62100	IAA30
AT3G16500	PAP1
AT2G28350	ARF10
AT5G58040	FIP1[V]
AT5G59980	AT5G59980
AT1G14390	AT1G14390
AT4G20790	AT4G20790
AT5G62710	AT5G62710
AT5G25930	AT5G25930
AT4G23740	AT4G23740
AT2G41820	AT2G41820
AT2G33330	PDLP3
AT4G12950	AT4G12950
AT2G01660	PDLP6
AT3G20190	AT3G20190
AT1G24650	AT1G24650
AT5G59650	AT5G59650
AT5G10290	AT5G10290
AT2G31880	SOBIR1
AT1G08590	AT1G08590
AT1G34210	SERK2
AT4G26770	AT4G26770
AT1G21940	AT1G21940
AT3G06360	AGP27
AT2G38120	AUX1
AT3G53420	PIP2A
AT2G37170	PIP2B
AT5G21960	AT5G21960
AT4G01120	GBF2
AT3G56770	AT3G56770
AT5G25220	KNAT3
AT1G22882	AT1G22882
AT1G71360	AT1G71360
AT2G19540	AT2G19540
AT1G50460	HKL1
AT2G35100	ARAD1
AT2G03220	FT1
AT2G20370	MUR3
AT3G63300	FKD1
AT3G16630	KINESIN-13A
AT2G44190	EDE1
AT2G22125	AT2G22125
AT2G18960	HA1
AT4G30190	HA2
AT4G38740	ROC1
AT3G08720	S6K2
YDR119W-A	COX26
AT5G05680	MOS7
AT4G15930	AT4G15930
AT2G17990	AT2G17990
AT1G51510	Y14
AT3G13920	EIF4A1
AT3G19760	EIF4A-III
AT1G02140	MAGO
AT2G20540	MEF21
AT5G61200	AT5G61200
AT2G36620	RPL24A
Y75_P2558	ffh
Y75_P3714	ftsY
AT4G25480	DREB1A
AT1G10820	AT1G10820
AT5G58900	AT5G58900
AT1G19200	AT1G19200
AT2G47770	TSPO
AT4G18240	SS4
AT4G22240	AT4G22240
AT5G04470	SIM
AT5G64930	CPR5
AT2G03680	SPR1
AT4G26000	PEP
AT3G12680	HUA1
AT5G64390	HEN4
AT5G19330	ARIA
AT4G04740	CPK23
AT3G17310	AT3G17310
AT1G54250	NRPB8A
AT3G25990	AT3G25990
AT1G68840	RAV2
AT2G45770	CPFTSY
RDN18-1	RDN18-1
AT5G17800	MYB56
AT1G54840	AT1G54840
AT3G48425	AT3G48425
AT2G36490	DML1
AT1G19270	DA1
AT4G36860	AT4G36860
AT2G39830	DAR2
AT3G05350	AT3G05350
AT4G36760	APP1
AT1G73805	AT1G73805
AT4G18170	WRKY28
AT4G09680	CTC1
AT1G07130	STN1
AT5G37600	GSR 1
AT5G16570	GLN1;4
AT1G66200	GSR2
AT5G17330	GAD
AT4G01850	SAM-2
AT2G36880	MAT3
AT1G02500	SAM1
AT3G14940	PPC3
AT2G38400	AGT3
AT2G15620	NIR1
AT4G35640	SERAT3;2
AT5G53530	VPS26A
AT4G27690	VPS26B
AT2G25625	AT2G25625
AT5G66570	PSBO1
AT3G44990	XTR8
AT1G65310	XTH17
AT5G45260	RRS1
AT4G22300	SOBER1
AT3G09980	AT3G09980
AT3G01780	TPLATE
AT5G14170	CHC1
AT3G57230	AGL16
AT3G25690	CHUP1
AT3G03380	DegP7
AT2G05940	AT2G05940
AT5G18010	AT5G18010
AT5G02760	AT5G02760
AT5G03470	ATB ALPHA
AT5G26360	AT5G26360
AT3G07560	PEX13
AT3G10572	AT3G10572
AT2G45690	SSE1
AT5G65640	bHLH093
AT1G54410	AT1G54410
AT3G54890	LHCA1
AT3G04260	PTAC3
ARTHCP055	rpoA
AT5G62600	AT5G62600
AT4G32720	La1
AT2G17950	WUS
AT5G08640	FLS1
AT5G13930	TT4
AT5G42800	DFR
AT5G53280	PDV1
AT1G60080	AT1G60080
AT3G60500	CER7
AT2G25355	AT2G25355
AT4G27490	AT4G27490
AT3G46210	AT3G46210
AT3G12990	RRP45a
AT5G38890	AT5G38890
AT5G64900	PROPEP1
AT5G43350	PHT1;1
AT2G38940	PHT1;4
AT2G46510	AIB
AT4G16430	AT4G16430
AT4G00870	AT4G00870
AT5G24330	ATXR6
AT4G39800	MIPS1
CHLREDRAFT_206116	GLB1
AT2G31870	TEJ
AT4G02390	PP
AT5G37740	AT5G37740
AT1G49720	ABF1
AT3G17980	AT3G17980
AT3G60830	ARP7
AT4G24370	AT4G24370
AT5G40440	MKK3
AT3G28450	AT3G28450
AT4G36780	BEH2
AT4G18890	BEH3
SPAC1250.03	ubc14
SPBC2D10.20	ubc1
SPCC1259.15C	ubc11
SPBC211.07C	ubc8
AT5G49720	GH9A1
AT1G06220	MEE5
AT3G49430	SRp34a
AT2G43770	AT2G43770
AT1G10580	AT1G10580
AT4G34610	BLH6
AT5G47060	AT5G47060
AT3G02800	AT3G02800
AT3G15640	AT3G15640
AT4G04020	FIB
AT4G37710	AT4G37710
AT3G15170	CUC1
AT1G17580	MYA1
RP24-189I2.1	Myo5a
AT1G44000	AT1G44000
AT3G58850	PAR2
AT5G39860	PRE1
AT5G57110	ACA8
AT3G43810	CAM7
AT5G62810	PEX14
AT2G43120	AT2G43120
AT1G20850	XCP2
AT2G41680	NTRC
AT1G50320	THX
AT3G21630	CERK1
AT3G14840	AT3G14840
AT3G14980	AT3G14980
AT5G23290	PFD5
AT4G26100	CK1
AT5G03680	PTL
AT4G15415	ATB GAMMA
AT2G05710	ACO3
AT3G22370	AOX1A
AT2G28290	SYD
AT1G53130	GRI
AT1G50610	AT1G50610
AT1G03840	MGP
AT2G02080	IDD4
AT2G02070	IDD5
AT3G45260	AT3G45260
AT5G03150	JKD
AT2G30020	AT2G30020
AT4G03550	GSL05
AT5G47960	RABA4C
AT1G13120	emb1745
AT3G53110	LOS4
HPV16GP2	E7
AT4G23640	TRH1
AT1G53910	RAP2.12
AT3G10040	AT3G10040
UNQ668/PRO1302	SIGLEC9
AT3G15880	WSIP2
AT5G14870	CNGC18
AT1G45145	TRX5
AT1G19100	AT1G19100
AT4G36290	CRT1
AT1G20110	AT1G20110
101F10.2	C16orf62
AT3G13110	SERAT2;2
AT2G43750	OASB
DMEL_CG11968	RagA-B
DMEL_CG6975	gig
DMEL_CG8707	RagC-D
YMR176W	ECM5
RP23-54I20.1	Scml2
RP11-98D18.11-001	RORC
RP11-483H20.8	NTMT1
RP1-279A18.1	BCKDHB
RP5-1025A1.1	VSX1
HUSSY-29	NSA2
CGI-109	TMED7
CGI-106	PRELID1
PRO0314	MED12L
RP11-1C1.7	ROPN1L
DADB-22N23.4	HLA-DPB1
PRO1580	TMCO6
RP11-164O23.3	C4BPB
HSPC174	CLDND1
RP11-546O15.1	CLIC5
HSD20	C1orf111
HUSSY-07	NLE1
RP3-323P24.2	SPIN2B
TRG8	BNIP1
LA16C-313F4.1	IFT140
RP4-616B8.3	DHX35
RP11-506K6.3	PSMG4
RP11-529L18.2	WDR37
RP1-261G23.3	RSPH9
HUSSY-03	WBSCR22
RP1-121G13.4	ASCC3
RP11-704J17.4	EYA4
RP4-669K10.4	TRNAU1AP
RP3-469A13.2	SOGA1
UNQ247/PRO284	TIMMDC1
RP11-68I18.6	SCNM1
DLNB13	FOXR1
HUCEP-1	RRP8
RP11-284F21.4	GPATCH4
FKSG45	SENP5
UNQ337/PRO536	TEX264
UNQ870/PRO1886	TMEM231
CTA-250D10.11-006	WBP2NL
UNQ553/PRO1110	MYADM
DLNB14	CCDC84
RP11-106M7.3	FAM160B1
C40	CNOT11
RP1-50O24.5	GPN2
RP5-1009E24.6	C20orf27
FP977	WDR59
PRED56	FAM207A
RP11-109D9.2	PTAR1
RP11-186N15.4	CDC123
RP11-113P14.1	DCLK1
DAMA-236L13.5	GPANK1
SC22CB-11B7.2	ASCC2
RP11-244N9.1	TMOD1
UNQ335/PRO534	TXNDC15
HCG_2004980	IDH3G
RP11-321N4.1	NT5E
DAQB-126H3.5	KIFC1
RP3-488C13.1	RNGTT
RP11-127L20.4	ITPRIP
RP5-842G6.2	NDUFAF5
RP3-382I10.6	RARS2
RP11-444E17.1	AARS2
UNQ3058/PRO9878	XYLT2
RP11-322N21.3	POMGNT1
TCAG7.1150	ATXN7L1
RP11-262D11.5	NHSL2
RP11-369L1.1	ANK3
JM4	PRAF2
XX-FW89031B12.3	FAM3A
RP11-255O17.2	LHX9
UNQ2564/PRO6244	TMEM43
DAAP-200B17.4	TRIM10
UNQ2422/PRO4980	DOLK
RP3-412I7.3	ZUFSP
MIG15	DEGS1
RP11-177A2.1	FAM20B
CDA14	ERGIC2
RP11-429H9.6	PIPSL
RP11-48C7.4	ZMYND19
CGI-127	YPEL5
RP11-197P3.7	C9orf41
PP9099	PLEKHO2
RP5-977L11.1	ODF2L
RP11-505F3.1	PIBF1
UNQ6973/PRO21956	WNT9B
RP11-498N2.1	VPS13A
DC11	ACN9
RP11-428J1.4	LYRM4
HCG_21329	KIF26B
RP11-224J22.1	TTC39B
HMFT0700	ACBD4
RP11-167N5.1	FAM73B
MSTP063	SCAPER
RP1-317E23.5	AUNIP
AT4G29040	RPT2a
AT3G25860	LTA2
AT1G67230	LINC1
RP11-296L22.2	DNAI1
AT2G46040	AT2G46040
AT1G08460	HDA08
AT5G58003	CPL4
AT4G21710	NRPB2
AT5G44930	ARAD2
AT2G45160	HAM1
AT1G77080	MAF1
AT2G26980	CIPK3
AT4G01690	PPOX
AT5G61480	PXY
SOLYC01G094320.1.1	PLIM2a
AT1G16470	PAB1
AT1G53850	PAE1
AT1G56450	PBG1
AT1G79210	AT1G79210
AT3G14290	PAE2
AT3G22630	PBD1
AT3G26340	AT3G26340
AT4G14800	PBD2
AT4G28470	RPN1B
AT5G35590	PAA1
AT5G42790	PAF1
AT5G43010	RPT4A
AT5G66140	PAD2
AT1G18540	AT1G18540
AT1G43170	RP1
AT1G74050	AT1G74050
AT2G09990	AT2G09990
AT2G17360	AT2G17360
AT2G40510	AT2G40510
AT3G04920	AT3G04920
AT3G09680	AT3G09680
AT3G11940	RPS5A
AT3G48930	EMB1080
AT3G53870	AT3G53870
AT4G34670	AT4G34670
AT5G15200	AT5G15200
AT5G20290	AT5G20290
AT5G23740	RPS11-BETA
AT5G28060	AT5G28060
AT5G35530	AT5G35530
AT4G20850	TPP2
SNR128	snR128
RP3-461P17.1	EPPIN
AT5G01540	LECRKA4.1
YDL124W	YDL124W
YLR211C	ATG38
AT3G51850	CPK13
AT4G18290	KAT2
AT4G02030	AT4G02030
AT1G71270	POK
AT5G09920	NRPB4
AT3G10490	NAC052
AT2G32680	RLP23
ARTHCP018	psbC
AT2G01770	VIT1
AT1G69040	ACR4
AT3G46790	CRR2
AT2G41140	CRK1
AT3G11260	WOX5
AT1G67700	AT1G67700
AT1G75690	AT1G75690
AT5G44280	RING1A
AT3G11200	AL2
AT2G02470	AL6
AT1G14510	AL7
AT5G20510	AL5
AT5G14520	AT5G14520
AT2G40360	AT2G40360
AT5G15550	AT5G15550
AT2G46680	HB-7
AT2G41630	TFIIB
AT1G78290	AT1G78290
RP4-773A18.7	KCND3
AT5G47910	RBOHD
AT5G61670	AT5G61670
AT5G17230	PSY
AT5G06130	AT5G06130
AT4G38240	CGL1
AT1G51590	MNS1
AT2G26190	AT2G26190
AT1G26960	AtHB23
AT1G74490	AT1G74490
AT5G54440	CLUB
AT5G49830	EXO84B
AT5G03540	EXO70A1
AT5G11040	TRS120
AT5G59730	EXO70H7
YDR243C	PRP28
DMEL_CG17509	pds5
DMEL_CG11063	jub
HUSSY-08	NFS1
RP3-366L4.2	HSCB
AT2G17290	CPK6
AT1G50700	CPK33
RP11-539I5.1	HSPA12A
AT3G19090	AT3G19090
AT3G46740	TOC75-III
CT009708.1	Anxa2
PHUM_PHUM577390	Phum_PHUM577390
AT2G16250	AT2G16250
AT5G53890	PSKR2
AT3G17840	RLK902
AT5G51560	AT5G51560
AT2G45340	AT2G45340
AT5G45780	AT5G45780
AT1G07560	AT1G07560
AT5G04230	PAL3
AT3G10340	PAL4
AT2G37250	ADK
RP23-275N2.3	Uxt
RP3-329E20.1	ECE1
YCL033C	MXR2
AT4G16860	RPP4
RP13-26D14.4	RAB41
BOS_6716	CSN2
DMEL_CG7483	eIF4AIII
DMEL_CG12878	btz
RP23-333D2.5	Top2a
YLR290C	YLR290C
RP23-112C19.6	Itga3
AT4G37260	MYB73
RP11-119F7.1	TET1
PP10933	TINCR
AT1G79810	TED3
RP11-455B2.10-002	FAM171A1
HCG_1984265	ABAT
RP4-697E16.2	AKR1A1
RP11-128M10.1	ALDH4A1
RP11-284F21.3	APOA1BP
NBLA10535	ARFGAP2
RP11-16L21.1	PTGR1
RP4-568C11.2	APMAP
AAG10	CHCHD2
CGI-10	COQ6
RP11-98I9.1	COQ3
PP265	ADCK3
CGI-97	SBDS
AC012180.10-002	FAHD1
RP5-1028D15.4	IFT52
DADB-159G18.3	WDR46
CGI-134	MRPS18C
PSEC0099	NUDT9
RP3-353E16.2	PITPNB
DAAP-65D20.6	ZNRD1
RP5-836N17.2	TM9SF4
RP1-102D24.3	SMC1B
RP11-367H5.4	SAR1A
RP1-191J18.4	SEC63
PSEC0085	TMX1
CUA002	NIT2
RP11-29B2.2	TPP2
DADB-112B14.3	SKIV2L
RP11-124H7.1	UROS
JM23	FTSJ1
RP11-71J12.1	ZC3H13
AT2G31370	AT2G31370
AT1G06850	bZIP52
AT5G13960	SUVH4
AT4G40030	AT4G40030
RP11-145E8.2	YME1L1
AT3G04110	GLR1.1
RP5-902P15.1	NFIA
HYST1481	CREB3L3
TP(UGG)L	tP(UGG)L
AT3G18165	MOS4
AT3G20010	AT3G20010
AT4G18880	HSF A4A
AT3G60600	VAP
AT3G09740	SYP71
SPAP27G11.03	SPAP27G11.03
AT1G32240	KAN2
AT4G38960	AT4G38960
RP23-305E10.1	Xpo1
MNCB-1660	Rab6a
AT4G00270	AT4G00270
AT2G36340	AT2G36340
AT2G33540	CPL3
AT5G22400	AT5G22400
AT2G46710	AT2G46710
AT1G07350	AT1G07350
AT2G40650	AT2G40650
AT5G17990	TRP1
AT3G03490	PEX19-1
AT4G36710	AT4G36710
AT5G44160	NUC
AT5G19450	CDPK19
AT4G11330	MPK5
AT1G48630	RACK1B_AT
AT5G23720	PHS1
AT5G10520	RBK1
AT2G28250	NCRK
AT3G18980	ETP1
AT3G18910	ETP2
AT3G16050	PDX1.2
AT1G12840	DET3
RP23-378I13.2	Nme2
AT2G37550	AGD7
AT1G23490	ARF1
RP23-381K3.2	Pou3f2
DMEL_CG4889	wg
AT2G45140	PVA12
AT5G02100	UNE18
SP1224	SPATS2L
RP11-125K10.1	RCL1
NBLA00526	SPATS2
RP5-1118M15.2	VSTM2L
HSPC066	DAPP1
RP11-211N11.2	PLEKHS1
RP4-666F24.2	TSPAN2
RP11-496H15.1	RBP7
UNQ5808	ZNF767P
RP11-298J23.2	FRS3
AT3G46580	MBD5
RP13-36C9.6	CT45A5
AT5G45970	RAC2
AT4G16340	SPK1
AT2G22640	BRK1
AT1G13180	DIS1
AT1G29170	WAVE2
AT2G40220	ABI4
AT2G44690	ARAC9
AT1G20870	AT1G20870
AT1G77920	AT1G77920
AT3G25710	BHLH32
RP4-734G22.2	CASZ1
AT3G51810	EM1
AT1G22290	AT1G22290
RV2234	ptpA
YHR097C	YHR097C
YJR019C	TES1
YLR303W	MET17
YER067W	RGI1
DMEL_CG32156	Mbs
DMEL_CG3595	sqh
DMEL_CG6896	MYPT-75D
RP23-100C5.1	Ptpra
AT2G32780	UBP1
AT2G22090	UBA1A
AT5G45680	FKBP13
AT4G03280	PETC
AT1G07530	SCL14
RP23-359L15.1	Amot
PP446	TMEM214
RP4-654H19.1	NDC1
YEL071W	DLD3
RP11-535K18.3	MAP7D3
RP5-1163J1.2	GTSE1
RP11-393H10.2	MAP7D2
YMR257C	PET111
YKL087C	CYT2
YNR040W	YNR040W
YJR034W	PET191
YOR286W	RDL2
YHR011W	DIA4
YNL083W	SAL1
YGR257C	MTM1
YHR091C	MSR1
YAL039C	CYC3
YNR045W	PET494
YNL295W	YNL295W
YMR023C	MSS1
YHR109W	CTM1
YDR381C-A	YDR381C-A
YPL097W	MSY1
YBR024W	SCO2
YHR168W	MTG2
YMR244C-A	COA6
YNR041C	COQ2
YDR061W	YDR061W
YPR011C	YPR011C
YER087W	AIM10
YHR176W	FMO1
YOL152W	FRE7
YHR198C	AIM18
YNL213C	RRG9
YJL131C	AIM23
YMR066W	SOV1
YNR033W	ABZ1
YDR268W	MSW1
YMR040W	YET2
YDR197W	CBS2
YJR100C	AIM25
YDR393W	SHE9
YGL041W-A	YGL041W-A
YMR207C	HFA1
RP11-415J8.1	ZNF362
RP1-153P14.6	CMTR1
RP11-101O6.1	GON4L
RP1-39G22.1	RLF
RP11-367H5.3	H2AFY2
TCAG7.1228	UBN2
RP1-76K10.1	CEP162
AT3G12810	PIE1
AT1G52740	HTA9
AT2G41090	AT2G41090
AT2G45790	PMM
AT3G54650	FBL17
AT4G37650	SHR
AT5G41920	AT5G41920
AT4G18520	AT4G18520
AT1G13260	RAV1
AT5G62200	AT5G62200
AT1G75100	JAC1
AT4G30890	UBP24
AT1G79110	AT1G79110
AT3G12920	AT3G12920
AT3G08970	ATERDJ3A
AT5G28540	BIP1
AT1G09080	BIP3
SPCC306.09C	cap1
AT3G26940	CDG1
AT1G03445	BSU1
AT4G03080	BSL1
AT5G02800	AT5G02800
AT4G36810	GGPS1
AT1G74470	AT1G74470
AT1G78510	SPS1
RP11-293A10.1	PRPF38B
AT1G13900	AT1G13900
HT013	KIZ
HSPC085	SDCCAG8
RP4-717I23.1	CCDC18
RP11-100C15.2	CAMSAP1
FP1193	NCKAP5L
RP11-93N17.1	CAMSAP2
RP11-487F23.2	CEP57L1
RP11-7D5.3	TCTN3
RP1-286D6.4	CEP104
HCG_2036584	CEP295
RP11-25C17.1	PLEKHG1
HT021	C3orf14
RP11-165P4.1	CNTRL
PP2464	MAP7D1
RP11-260H5__B.1	DCDC2
TCAG7.557	WDR60
RP11-207C11.3	ANKS6
UNQ9369/PRO34160	TCTN1
SPAC19D5.06C	din1
AT1G02740	AT1G02740
AT5G65360	AT5G65360
SPAC1142.07C	vps32
SPBC215.14C	vps20
SPAC11H11.03C	SPAC11H11.03c
SPAC139.01C	SPAC139.01c
SPBC21B10.03C	ath1
SPAC1399.05C	toe1
SPCC965.12	SPCC965.12
SPAC5H10.13C	gmh2
SPAC890.06	nup155
SPBC29A10.07	pom152
SPAC1687.17C	SPAC1687.17c
SPAC16E8.15	tif45
SPCC14G10.04	SPCC14G10.04
SPAC17A5.10	SPAC17A5.10
SPBC713.02C	ubp15
SPAC17G6.13	slt1
SPCC830.07C	psi1
SPAC1B3.08	SPAC1B3.08
SPAC1F7.09C	SPAC1F7.09c
SPAC1F7.10	SPAC1F7.10
SPAC20G8.06	not1
SPCC18.06C	caf1
SPBC18H10.19	vps38
SPAC20H4.03C	tfs1
SPBC216.02	mcp5
SPCC613.11C	meu23
SPAC227.05	SPAC227.05
SPBC14F5.10C	SPBC14F5.10c
SPAC22G7.03	SPAC22G7.03
SPBC11B10.06	sws1
SPAC23A1.14C	SPAC23A1.14c
SPAC23C4.09C	SPAC23C4.09c
SPAC3C7.02C	pil2
SPAC23D3.03C	SPAC23D3.03c
SPAC23H3.09C	gly1
SPAC2F3.05C	SPAC2F3.05c
SPBC3B8.08	SPBC3B8.08
SPAC2F3.12C	plp1
SPBC19G7.10C	SPBC19G7.10c
SPAC328.04	SPAC328.04
SPAC328.05	SPAC328.05
SPBC660.05	SPBC660.05
SPBC1105.07C	SPBC1105.07c
SPAC3G9.05	spa2
SPAC806.06C	SPAC806.06c
SPAC4F8.07C	hxk2
SPAC8C9.16C	mug63
SPAC6F12.04	SPAC6F12.04
SPBC31F10.06C	sar1
SPAC6F6.12	SPAC6F6.12
SPBC14F5.11C	mug186
SPAC6G9.12	cfr1
SPBC31F10.16	SPBC31F10.16
SPCC63.08C	atg1
SPBC1773.14	arg7
SPBC651.12C	dbl7
SPBC1271.04C	SPBC1271.04c
SPBC336.10C	tif512
SPCC965.05C	thp1
SPBC1685.04	SPBC1685.04
SPBC16E9.06C	uvi31
SPBC1711.11	SPBC1711.11
SPCC16A11.08	atg20
SPBC3D6.08C	lsm1
SPCC364.06	nap1
SPBC365.07C	SPBC365.07c
SPBC839.12	rpc31
SPBC409.13	rib4
SPBC776.13	cnd1
SPCC188.03	cnd3
SPCC330.04C	mug135
SPCC4E9.01C	rec11
SPCC569.01C	SPCC569.01c
SPCP20C8.01C	SPCP20C8.01c
RP23-445A5.2	Elf5
RP23-228E2.9	Tfap2c
AT5G46830	NIG1
RP11-394O2.1	SLC35C2
RP11-96L14.2	SLC30A2
RP3-333H23.3	SYNGR1
AT5G48120	AT5G48120
AT4G34740	ASE2
AT5G57180	CIA2
RP11-781D11.3	NDUFS5
FP634	FOXRED1
MY025	APOO
AT1G59870	PEN3
AT3G01890	AT3G01890
AT1G69770	CMT3
YLR072W	YLR072W
AT1G69490	NAP
AT1G76420	CUC3
AT1G72290	AT1G72290
RP11-252O7.3	ADD3
RP11-47G11.1	CHST15
CGI-141	GOLT1B
RP3-421H19.2	TMEM63B
LA16C-390E6.1	CLCN7
HCC7	HEXB
RP3-389A20.6	NHS
RP4-686N3.1404-002	ZNFX1
CTA-150C2.15-003	APOBEC3B
RP11-1000B6.5	ARHGAP11A
RP4-733D15.4	KRBOX4
RP11-111L24.1	FARP1
AD035	GBA2
RP11-203I16.5	FNDC3A
RP11-130C19.4	KANK1
HSPC249	MRPL30
BM-007	MRPL35
CGI-139	MRPS33
RP11-161N3.2	FAM120C
PRO0971	AP1AR
RP11-153K11.2	RUFY2
RP1-97P20.1	C1orf112
HCG_2029577	INF2
RP11-571F15.7	KIF24
PSEC0038	SLC35E1
RP4-790G17.1	ANP32E
GK004	ISCA1
RP11-336N8.5	CEP78
HCG_1785221	YIF1B
MY015	CHURC1
UNQ766/PRO1558	COMTD1
RP11-273H7.1	PWWP2B
RP11-155O18.2	CC2D1B
RP4-531M19.2	RBMXL1
RP23-87L24.3	Dynlrb1
RP23-249K18.5	Taf15
AT1G79610	NHX6
AT5G09820	AT5G09820
AT1G17050	SPS2
AT3G45860	CRK4
AT3G50870	MNP
AT5G43810	ZLL
AT1G68480	JAG
AT1G29400	ML5
AT1G55300	TAF7
AT2G19480	NAP1;2
AT5G08450	AT5G08450
AT5G63090	LOB
AT2G42300	AT2G42300
AT3G57800	AT3G57800
LL22NC03-113A11.1	DEPDC5
DMEL_CG6493	Dcr-2
DMEL_CG7138	r2d2
AT4G25530	FWA
RP11-422P24.8	CREB3L4
AT5G04240	ELF6
AT3G48430	REF6
AT3G20310	ERF7
AT1G24190	SNL3
AT5G48720	XRI1
AT1G32530	AT1G32530
Y54E10A.15	cdt-1
AT1G48480	RKL1
AT4G14220	RHF1A
DMEL_CG9113	AP-1gamma
DMEL_CG8538	Afti
AT5G58430	EXO70B1
AT1G17615	AT1G17615
RP23-278I21.3	Flii
RP23-169L4.1	Ndufa8
RCG_58533	Grik2
RP1-84N20.1	RNF217
AT4G32830	AUR1
PSEC0043	RITA1
AT2G16365	AT2G16365
RP23-275J10.2	Rcc2
AT1G48900	AT1G48900
RP1-310J6.1	TBC1D32
CELE_C37F5.1	lin-1
CELE_C04A2.3	egl-27
AT1G02610	AT1G02610
AT2G42590	GRF9
ZEAMMB73_899799	caf2
AT5G27150	NHX1
AT3G03000	AT3G03000
WI1-2643G14.3	Rcc1
AT1G49950	TRB1
AT5G67580	TRB2
AT3G49850	TRB3
AT5G59430	TRP1
AT2G42810	PP5.2
RP1-160A22.2	HIST1H4K
RP4-620E11.2	CHD6
RP1-281H8.5	ZC3H12D
DMEL_CG4257	Stat92E
HHV5WTGP046	UL42
RP23-216M21.1	Usp9x
AT4G35580	NTL9
RP11-426A6.6	PPP1R26
SB128	RHOU
ZK973.6	anc-1
RP23-32B6.1	Ube2g1
AT5G15210	HB30
AT3G28920	HB34
AT1G75240	HB33
HCG_30378	WDR45B
AT3G55005	TON1B
SPBP35G2.11C	SPBP35G2.11c
SPCC1322.05C	SPCC1322.05c
HPV16GP1	E6
RP11-108M11.2	HECTD2
AT4G38510	AT4G38510
AT3G48190	ATM
AT1G48560	AT1G48560
AT3G54760	AT3G54760
AT3G44600	CYP71
YKL124W	SSH4
YGR295C	COS6
YJR161C	COS5
DMEL_CG5374	T-cp1
DMEL_CG5525	CG5525
DMEL_CG7033	CG7033
DMEL_CG8977	Cctgamma
DMEL_CG8439	Cct5
DMEL_CG8351	Tcp-1eta
DMEL_CG8258	CG8258
RP11-242B9.1	FGGY
AT1G18450	ARP4
AT5G22330	RIN1
AT5G67630	AT5G67630
AT3G49830	AT3G49830
AT2G47210	AT2G47210
AT5G43500	ARP9
AT5G64610	HAM1
AT4G36080	AT4G36080
AT2G18000	TAF14
AT1G09970	LRR XI-23
AT3G61430	PIP1A
YLR312C	YLR312C
YOR152C	YOR152C
SELMODRAFT_418575	GID1a-1
SELMODRAFT_437369	Sm_DELLA1
SELMODRAFT_450795	Sm_DELLA2
YNR019W	ARE2
YIL013C	PDR11
YOR242C	SSP2
ZEAMMB73_126858	LOC100191882
AT3G52090	NRPB11
AT2G02090	ETL1
SPAC1B3.17	clr2
SPBC24C6.10C	dip1
SPBC19G7.08C	art1
SPCC645.06C	rgf3
YLR089C	ALT1
SPAC19G12.17	erh1
SPCC4G3.15C	not2
SPAC1B3.05	not3
SPAC16C9.04C	mot2
SPAC29B12.06C	rcd1
SPBC428.17C	wpl1
AT2G46700	CRK3
AT2G36890	RAX2
AT3G28910	MYB30
AT4G30860	SDG4
AT2G16910	AMS
AT5G23430	AT5G23430
AT5G10470	KAC1
AT1G24590	DRNL
AT2G37260	TTG2
AT5G02490	AT5G02490
AT5G60550	GRIK2
AT3G45240	GRIK1
AT2G01950	BRL2
AT1G14000	VIK
AT2G42580	TTL3
AT1G44910	PRP40A
AT3G19670	PRP40B
AT3G19840	PRP40C
HSD13	FANK1
XXBAC-BCX195L8.11-001	NLRP7
AT3G21720	ICL
AT5G40930	TOM20-4
AT2G19080	AT2G19080
AT4G34090	AT4G34090
AT2G28000	CPN60A
AT1G55490	CPN60B
RP24-189G18.9	Alad
AT3G52770	ZPR3
AT2G34710	PHB
AT1G52150	ATHB-15
AT4G32880	HB-8
AT5G60690	REV
RP11-10L7.1	HERC6
AT1G71730	AT1G71730
YDR379C-A	SDH6
HSPC326	COQ9
HSPC268	C7orf55
CGI-107	SLMO2
RP1-215K18.3	APOOL
PNAS-129	PTPMT1
GS1-273L24.1	FUNDC2
HSPC009	COA3
PD04912	USMG5
PNAS-11	C20orf24
RP3-341D10.3	TRMT2B
FNP001	ATAD1
UNQ843/PRO1781	LACTB
RP11-69D4.1	AKR1C1
RP4-796F18.1	UBIAD1
AT1G72430	AT1G72430
AT1G17345	AT1G17345
AT5G20820	AT5G20820
AT3G04580	EIN4
AT5G63970	AT5G63970
AT1G79380	AT1G79380
AT4G32690	GLB3
AT4G10760	MTA
AT4G34890	XDH1
AT2G44270	ROL5
AT4G35910	AT4G35910
AT5G04140	GLU1
AT5G37890	AT5G37890
AT5G02810	PRR7
AT5G15850	COL1
AT1G71020	AT1G71020
AT1G73150	GTE3
AT1G17790	AT1G17790
AT1G02810	AT1G02810
AT3G14310	PME3
AT5G67270	EB1C
DMEL_CG4944	cib
SPAC22E12.03C	hsp3106
RP23-156E17.2	Nfatc2
RP23-198N14.9	Ppia
RP23-81D5.2	Dlgap3
RP23-145G23.2	Prkca
RP23-398F7.8	Mpp2
RP23-363L9.1	Kalrn
RP23-366O12.1	Dlgap4
RP23-93M14.3	Cnksr2
RP23-422L16.24	Nlgn2
RP23-440J15.4	Nlgn3
RP24-383M20.1	Dmxl2
RP23-281C18.4	Cntnap1
RP23-198O15.5	Bai2
RP23-109E24.4	Praf2
RP23-183L6.1	Rab2a
RP23-348N2.3	Cnrip1
RP23-273F8.4	Dgkz
AT3G28270	AT3G28270
AT2G31660	SAD2
AT4G38620	MYB4
AT2G16720	MYB7
AT4G34990	MYB32
HCG_1990724	DCDC5
AT3G28860	ABCB19
YOR374W	ALD4
YGR207C	CIR1
YPR002W	PDH1
YDR232W	HEM1
YPL262W	FUM1
YBL015W	ACH1
YMR083W	ADH3
RP23-375I1.1	Ptges2
YPL250C	ICY2
YLR250W	SSP120
AT3G56070	ROC2
AT3G24620	ROPGEF8
AT4G34840	MTN2
RP11-151J10.1	PLIN2
YMR217W	GUA1
YDR408C	ADE8
YJL200C	ACO2
YDR234W	LYS4
YAL046C	AIM1
YGL027C	CWH41
RP3-503M14.1	RCSD1
YMR185W	RTP1
YIL040W	APQ12
HSPC005	TMEM258
AT3G46010	ADF1
YLR271W	YLR271W
AT2G34680	AIR9
AT1G24490	ALB4
AT1G69935	SHW1
AT5G35770	SAP
AT4G38490	AT4G38490
AT2G31530	EMB2289
AT1G72300	AT1G72300
AT2G02220	PSKR1
AT4G30360	CNGC17
AT2G32700	LUH
YCR075W-A	YCR075W-A
YGL251C	HFM1
RP23-27B23.8	Psrc1
YCL005W	LDB16
YNR034W-A	YNR034W-A
YAL054C	ACS1
AT3G49750	RLP44
AT5G20280	SPS1F
AT2G35840	AT2G35840
AT2G29550	TUB7
AT3G02330	AT3G02330
AT5G47110	AT5G47110
AT4G17600	LIL3:1
AT1G77180	SKIP
YLR107W	REX3
YOR335C	ALA1
YHR021C	RPS27B
YEL031W	SPF1
DMEL_CG8591	CTCF
YPL184C	MRN1
YGR042W	YGR042W
AT3G16090	AT3G16090
AT4G29960	AT4G29960
AT1G03060	SPI
YGR168C	YGR168C
AT1G80070	SUS2
AT2G33340	MAC3B
AT2G38770	EMB2765
AT3G18790	AT3G18790
AT1G20960	emb1507
AT5G28740	AT5G28740
UNQ721/PRO1384	CLEC1B
RP23-216B20.1	Slc12a1
SPBP16F5.04	ubc7
SPBC1105.09	ubc15
RP4-551E13.3	FUNDC1
MNCB-2471	Fbxo9
HSD50	RHBDD1
RP23-298L23.1	Myocd
RP23-445E20.1	Klhl21
RP23-451M16.1	G6pc2
RP24-392J24.1	Atp6ap2
RSD-4	Rnf138
RP23-27I6.1	Suv39h1
HCG_1995673	PHLDB3
UNQ568/PRO1129	CYP4F12
RP1-28O10.2	G0S2
RP11-397O8.6	FGF14
RP5-944H6.1	PTGFR
RP23-283L16.1	Elavl4
RP23-336J1.4	G3bp1
RP5-1121H13.2	PTPRT
RP11-142I17.1	PTPN20B
DADB-100D22.3	SLC39A7
YFR038W	IRC5
HSPC058	CTDSPL2
RP5-1092A3.1	ATPIF1
RP11-426L16.5	PPM1J
RP11-490F3.2	PTPDC1
MSTP091	TNS1
RP11-408K19.2	TPTE2
RP3-469D22.2	TMEM57
RP11-328C17.1	DUSP22
YOL047C	LDS2
RP11-531F24.1	RTKN2
RP11-408O19.4	SNX30
UNQ436/PRO867	LRRC28
NBLA10696	TTC21B
RP11-486M3.1	CNKSR3
RP4-531H16.2	BFSP1
AC092402.6	TEX28
LST003	POGK
TCAG7.1070	FAM71F2
DC25	MSANTD4
HSD42	SAMD13
RP1-201D17__B.2	MAOA
RP1-201D17__B.1	MAOB
RP11-20H6.1	RNASEL
RP4-622L5.6	IQCC
RP11-384C4.5	TMEM206
RP11-68I18.5	LYSMD1
RP11-101O6.4	RIT1
RP11-1082I11.2	ZNF658
UNQ163/PRO189	CFAP36
RP11-393K12.3	SFMBT2
RP3-339A18.5	RIBC1
RP3-336K20__B.1	SNRNP48
MSTP145	ENOPH1
RP5-1005F21.5	MTG2
RP13-102H20.1	ARHGAP36
HCG_2036738	C1orf226
RP1-228H13.3	SMAP2
RP11-46A10.1	XPR1
RP11-274A8.1	SLC7A1
RP11-54O7.4	SAMD11
RP11-321G1.2	RIPPLY1
AL049760.6	PHF21B
RP5-1076E17.1	PPP1R16B
HCG_1640448	ZNF783
PRO1853	NDUFAF7
HCG_31745	D2HGDH
RP11-108K14.2	MTG1
RP11-781D11.2	AKIRIN1
RP11-399K21.11	ZNF503
RP6-198C21.1	GPC4
PRO0066	METTL7A
UNQ3030/PRO9833	NRROS
HSPC084	CNPY3
OK/SW-CL.10	CARS2
RP3-468K18.3	PHACTR2
MSTP027	GFM2
FP2653	TMUB2
UNQ1888/PRO4333	TNFRSF19
RP1-223E5.1	NOL7
RP11-459F3.2	ZFYVE27
RP1-101K10.1	MTRF1L
UNQ370/PRO706	PXYLP1
HLC8	C17orf80
RP11-30H12.1	CNNM2
UNQ6409	TMCC2
RP5-919F19.2	SMPD2
CGI-08	SLC39A1
UNQ573/PRO1135	EDEM2
MSTP126	FAM188A
RP4-622L5.5	CCDC28B
RP11-190A12.5	VSIG8
RP4-744I24.2	TBC1D22B
RP11-274K13.1	SLC9A6
RP1-20N2.5	FUCA2
RP11-466F5.1	MGST3
RP11-520H14.5	IBA57
RP11-423F24.1	ARV1
PSEC0067	SLC27A3
HSPC128	CCDC59
RP3-461P17.2	WFDC2
UNQ670/PRO1304	FKBP7
UNQ1925/PRO4400	CHST14
RP11-339B21.7	SLC27A4
UNQ847/PRO1785	GPX8
RP11-350O14.2	MAN1B1
RP4-680D5.1	DNAJC16
PSEC0056	FKBP10
YDR089W	YDR089W
RP23-155J3.7	Epn2
RP23-199A2.4	Cuedc1
RP23-211O3.1	Stam
RP23-456O18.4	Tom1l2
RP23-393O10.2	Cfap36
RP23-395E10.2	Psmd3
RP23-29H22.2	Mycbp
RP23-211L10.4	Huwe1
SV40GP6	SV40gp6
MSTP061	PROM1
RP11-54H7.1	MYO16
YPR083W	MDM36
RP11-430L14.3	CPEB3
RP11-21A7A.2	FLRT1
DMEL_CG12223	Dsp1
DMEL_CG1081	Rheb
DMEL_CG4800	Tctp
DMEL_CG1898	HBS1
DMEL_CG3959	pelo
DMEL_CG9749	Abi
DMEL_CG30443	Opbp
DMEL_CG11199	Liprin-alpha
DMEL_CG33198	pen-2
DMEL_CG2855	aph-1
DMEL_CG7012	nct
DMEL_CG12676	ed
DMEL_CG8715	lig
DMEL_CG5675	X11L
DMEL_CG4125	rst
DMEL_CG33485	dpr9
DMEL_CG42343	CG42343
DMEL_CG8068	Su(var)2-10
DMEL_CG13439	dpr
DMEL_CG14010	CG14010
DMEL_CG11320	CG11320
DMEL_CG11551	ind
DMEL_CG33273	Ilp5
DMEL_CG3839	l(1)sc
DMEL_CG2222	Psf3
DMEL_CG11420	png
DMEL_CG5272	gnu
DMEL_CG6814	asun
DMEL_CG9183	plu
DMEL_CG14792	sta
DMEL_CG2986	RpS21
DMEL_CG10144	CG10144
DMEL_CG12598	Adar
DMEL_CG5640	Utx
DMEL_CG5055	baz
DMEL_CG7438	Myo31DF
DMEL_CG6159	Sec10
DMEL_CG7926	Axn
DMEL_CG15929	lin-52
DMEL_CG1705	Met
DMEL_CG1864	Hr38
DMEL_CG14996	Chd64
DMEL_CG18412	ph-p
DMEL_CG3886	Psc
DMEL_CG9495	Scm
DMEL_CG12217	PpV
DMEL_CG15793	Dsor1
DMEL_CG6223	betaCOP
DMEL_CG6453	CG6453
DMEL_CG1167	Ras64B
DMEL_CG10289	CG10289
DMEL_CG32796	boi
DMEL_CG10491	vn
DMEL_CG4637	hh
DMEL_CG9904	Seipin
DMEL_CG7391	Clk
DMEL_CG2706	fs(1)Yb
DMEL_CG11513	armi
DMEL_CG2711	dwg
DMEL_CG33141	sns
DMEL_CG7449	hbs
DMEL_CG31020	spdo
DMEL_CG8118	mam
DMEL_CG6127	Ser
DMEL_CG18214	trio
DMEL_CG32791	CG32791
DMEL_CG32057	dpr10
DMEL_CG14162	dpr6
DMEL_CG13316	Mnt
DMEL_CG30388	Magi
DMEL_CG17800	Dscam1
DMEL_CG6450	lva
DMEL_CG6121	Tip60
DMEL_CG9696	dom
DMEL_CG3665	Fas2
DMEL_CG1725	dlg1
DMEL_CG3564	CHOp24
DMEL_CG3346	pon
DMEL_CG3429	swa
DMEL_CG4051	egl
DMEL_CG9742	SmG
DMEL_CR32862	snRNA:U1:82Eb
DMEL_CR31854	snRNA:U2:34ABb
DMEL_CR31341	snRNA:U1:95Ca
DMEL_CR32878	snRNA:U2:38ABb
DMEL_CR32882	snRNA:U2:38ABa
DMEL_CR32913	snRNA:U2:14B
DMEL_CR33788	snRNA:U2:34ABc
DMEL_CR31850	snRNA:U2:34ABa
DMEL_CR31185	snRNA:U1:95Cc
DMEL_CR32866	snRNA:U1:95Cb
DMEL_CR31656	snRNA:U1:21D
DMEL_CG6525	pps
DMEL_CG4193	dhd
DMEL_CG4478	Mst35Bb
DMEL_CG6459	P32
DMEL_CG3249	spoon
DMEL_CG42551	larp
DMEL_CG4453	Nup153
DMEL_CG8274	Mtor
DMEL_CR32665	roX2
DMEL_CG4320	raptor
DMEL_CG3004	Lst8
DMEL_CG5092	Tor
DMEL_CG3314	RpL7A
DMEL_CG8443	clu
DMEL_CG32742	l(1)G0148
DMEL_CG5813	chif
DMEL_CG4547	Atx-1
DMEL_CG32120	sens
DMEL_CG4626	fz4
DMEL_CG8458	wntD
DMEL_CG12156	Rab39
DMEL_CG8566	unc-104
DMEL_CG12753	ema
DMEL_CG17256	Nek2
DMEL_CG10944	RpS6
DMEL_CG9282	RpL24
DMEL_CG3428	pall
DMEL_CG10946	dpr14
DMEL_CG42368	CG42368
DMEL_CG42593	CG42593
DMEL_CG2258	CG2258
DMEL_CG34421	Snoo
DMEL_CG2302	nAChRalpha3
DMEL_CG33472	qvr
DMEL_CG32018	Zyx
DMEL_CG42840	d
DMEL_CG1634	Nrg
DMEL_CG1084	Cont
DMEL_CG32364	CG32364
DMEL_CG10422	bam
DMEL_CG12218	mei-P26
DMEL_CG12737	Crag
DMEL_CG5771	Rab11
DMEL_CG1787	Hexo2
DMEL_CG4527	slik
DMEL_CG12124	mxc
DMEL_CG34415	mute
DMEL_CG15797	ric8a
DMEL_CG5907	Frq2
DMEL_CG10060	Galphai
DMEL_CG5148	cal1
DMEL_CG10683	rhi
DMEL_CG31618	His2A:CG31618
DMEL_CG12141	Aats-lys
DMEL_CG17255	nocte
DMEL_CG15627	Ir25a
DMEL_CG34414	spri
DMEL_CG9209	vap
DMEL_CG11526	CG11526
DMEL_CG1619	Hmr
DMEL_CG31258	Cenp-C
DMEL_CG16944	sesB
DMEL_CG6072	sra
DMEL_CG1691	Imp
DMEL_CG5993	os
DMEL_CG9553	chic
DMEL_CG17610	grk
DMEL_CG11207	feo
DMEL_CG8590	Klp3A
DMEL_CG2186	CG2186
DMEL_CG8146	Socs16D
DMEL_CG7664	crp
DMEL_CG3265	Eb1
DMEL_CG17033	elgi
DMEL_CG18135	CG18135
DMEL_CG2512	alphaTub84D
DMEL_CG6834	CG6834
DMEL_CG10110	Cpsf160
DMEL_CG15154	Socs36E
DMEL_CG1938	Dlic
DMEL_CG33991	nuf
DMEL_CG8075	Vang
DMEL_CG12342	dgo
DMEL_CG11614	nkd
DMEL_CG11084	pk
DMEL_CG4032	Abl
DMEL_CG1594	hop
DMEL_CG12348	Sh
DMEL_CG8183	Khc-73
DMEL_CG43443	hts
DMEL_CG31043	gukh
DMEL_CG11709	PGRP-SA
DMEL_CG6895	GNBP1
DMEL_CG1554	RpII215
DMEL_CG5994	Nelf-E
DMEL_CG11451	Spc105R
DMEL_CG1697	rho-4
DMEL_CG10334	spi
DMEL_CG1817	Ptp10D
DMEL_CG5820	Gp150
DMEL_CG4147	Hsc70-3
DMEL_CG2025	CG2025
DMEL_CG7235	Hsp60C
DMEL_CG8542	Hsc70-5
DMEL_CG11661	Nc73EF
DMEL_CG15738	sicily
DMEL_CG6343	ND42
DMEL_CG15737	wisp
DMEL_CG5490	Tl
DMEL_CG43368	cac
DMEL_CG43073	Rbp
DMEL_CG1505	gd
DMEL_CG7996	snk
DMEL_CG42338	Ten-a
DMEL_CG1848	LIMK1
DMEL_CG12096	CG12096
DMEL_CG10640	Uev1A
DMEL_CG32600	dpr8
DMEL_CG32593	Flo2
DMEL_CG32592	hiw
DMEL_CG9862	Rae1
DMEL_CG5599	CG5599
DMEL_CG42739	gce
DMEL_CG9885	dpp
DMEL_CG6868	tld
DMEL_CG1429	Mef2
DMEL_CG3830	vg
DMEL_CG10741	Tgi
DMEL_CG7085	rti
DMEL_CG9126	Stim
DMEL_CG11430	olf186-F
DMEL_CG1374	tsh
DMEL_CG1264	lab
DMEL_CG1030	Scr
DMEL_CG1028	Antp
DMEL_CG10325	abd-A
DMEL_CG3415	Mfe2
DMEL_CG8683	mon2
DMEL_CG10076	spir
DMEL_CG42373	Tfb5
DMEL_CG32177	Ndfip
DMEL_CG4244	Su(dx)
DMEL_CG33098	CG33098
DMEL_CG4249	c(2)M
DMEL_CG3048	Traf4
DMEL_CG5671	Pten
DMEL_CG5870	beta-Spec
DMEL_CG6562	Synj
DMEL_CG15064	Him
DMEL_CG6205	por
DMEL_CG6606	Rip11
DMEL_CG12359	Ulp1
DMEL_CG8002	rictor
DMEL_CG10105	Sin1
DMEL_CG7893	Vav
DMEL_CG3291	pcm
DMEL_CG11183	Dcp1
DMEL_CG9201	Grip128
DMEL_CG6176	Grip75
DMEL_CG14206	RpS10b
DMEL_CG14225	et
DMEL_CG14226	dome
DMEL_CG4012	gek
DMEL_CG8114	pbl
DMEL_CG12946	Whamy
DMEL_CG32529	Hers
DMEL_CG43664	Su(var)3-9
DMEL_CG6939	Sbf
DMEL_CG9581	CG9581
DMEL_CG1424	mst
DMEL_CG33202	dpr11
DMEL_CG42596	CG42596
DMEL_CG14619	CG14619
DMEL_CG1489	Rpt6
DMEL_CG14617	Cp110
DMEL_CG11371	dbr
DMEL_CG3696	kis
DMEL_CG5216	Sir2
DMEL_CG4943	lack
DMEL_CG17998	Gprk2
DMEL_CG6122	piwi
DMEL_CG4211	nonA
DMEL_CG6647	porin
DMEL_CG13350	Ctf4
DMEL_CG5519	Prp19
DMEL_CG7958	tna
DMEL_CG10933	CG10933
DMEL_CG4581	Thiolase
DMEL_CG5423	robo3
DMEL_CG17657	frtz
DMEL_CG16993	in
DMEL_CG43140	pyd
DMEL_CG7609	CG7609
DMEL_CG7082	papi
DMEL_CG40300	AGO3
DMEL_CG6137	aub
DMEL_CG11490	Tbc1d15-17
DMEL_CG41099	CG41099
DMEL_CG11926	Mon1
DMEL_CG4030	Rbpn-5
DMEL_CG6607	CG6607
DMEL_CG4974	dally
DMEL_CG31695	scw
DMEL_CG6384	Cp190
DMEL_CG33512	dpr4
DMEL_CG31646	CG31646
DMEL_CG33519	Unc-89
DMEL_CG33106	mask
DMEL_CG33516	dpr3
DMEL_CG33507	dpr2
DMEL_CG3139	Syt1
DMEL_CG17257	GABPI
DMEL_CG14517	beta4GalNAcTB
DMEL_CG5110	CG5110
DMEL_CG2922	kra
DMEL_CG15707	krimp
DMEL_CG9450	tud
DMEL_CG17515	Rab21
DMEL_CG1832	Clamp
DMEL_CR32777	roX1
DMEL_CG10124	eIF4E-4
DMEL_CG3980	Cep97
DMEL_CG14447	Grip
DMEL_CG5703	CG5703
DMEL_CG8266	Sec31
DMEL_CG1746	CG1746
DMEL_CG6773	Sec13
DMEL_CG32744	Ubi-p5E
DMEL_CG15632	Taf12L
DMEL_CG15259	nht
DMEL_CG14980	Ccz1
DMEL_CG8882	Trip1
DMEL_CG6190	Ube3a
DMEL_CG7904	put
DMEL_CG7001	Pk17E
DMEL_CG14023	Ncoa6
DMEL_CG6634	mid
DMEL_CG7895	tin
DMEL_CG13176	wash
DMEL_CG5308	dpr5
DMEL_CG8982	Acp26Aa
DMEL_CG9075	eIF-4a
DMEL_CG3845	NAT1
DMEL_CG9226	WDR79
DMEL_CR43571	scaRNA:MeU4-A65
DMEL_CR32863	scaRNA:MeU5-C46
DMEL_CG9523	Fic
DMEL_CG10686	tral
DMEL_CG11321	CG11321
DMEL_CG13772	Nlg2
DMEL_CG7050	Nrx-1
DMEL_CG10901	osk
DMEL_CG9211	ihog
DMEL_CG17331	Prosbeta4
DMEL_CG8427	SmD3
DMEL_CG9100	Rab30
DMEL_CG1422	p115
DMEL_CG8432	Rep
DMEL_CG11061	GM130
DMEL_CG3493	Golgin245
DMEL_CG7324	CG7324
DMEL_CG9850	CG9850
DMEL_CG6210	wls
DMEL_CG9739	fz2
DMEL_CG5125	ninaC
DMEL_CG7144	LKR
DMEL_CG30403	CG30403
DMEL_CG9241	Mcm10
DMEL_CG8290	CG8290
DMEL_CG12864	Su(var)2-HP2
DMEL_CG1960	mu2
DMEL_CG6874	HipHop
DMEL_CG17149	Su(var)3-3
DMEL_CG7869	SuUR
DMEL_CG10916	CG10916
DMEL_CG13396	fy
DMEL_CG31708	CG31708
DMEL_CG13140	dpr19
DMEL_CG12191	dpr20
DMEL_CG33996	dpr13
DMEL_CG4482	mol
DMEL_CG12245	gcm
DMEL_CG4602	Srp54
DMEL_CG8994	exu
DMEL_CG5654	yps
DMEL_CG5603	CYLD
DMEL_CG5052	pim
DMEL_CG10583	Sse
DMEL_CG5352	SmB
DMEL_CG17566	gammaTub37C
DMEL_CG31721	Trim9
DMEL_CG11940	pico
DMEL_CG9247	Nbr
DMEL_CG7008	Tudor-SN
DMEL_CG3893	arx
DMEL_CG8411	gcl
DMEL_CG4584	dUTPase
DMEL_CG31868	Samuel
DMEL_CG7199	Hr78
DMEL_CG4713	l(2)gd1
DMEL_CG6754	nbs
DMEL_CG2530	corto
DMEL_CG12314	zuc
DMEL_CG5336	Ced-12
DMEL_CR43018	ban
DMEL_CG9293	CG9293
DMEL_CG7121	Tehao
DMEL_CG12244	lic
DMEL_CG44244	Glycogenin
DMEL_CG6904	GlyS
DMEL_CG11847	Clbn
DMEL_CG7833	Orc5
DMEL_CG1584	Orc6
DMEL_CG4088	lat
DMEL_CG2917	Orc4
DMEL_CG4212	Rab14
DMEL_CG9590	CG9590
DMEL_CG3478	ppk
DMEL_CG8546	ppk26
DMEL_CG4479	Mst35Ba
DMEL_CG7595	ck
DMEL_CG31009	Cad99C
DMEL_CG9426	CG9426
DMEL_CG4846	beat-Ia
DMEL_CG31062	side
DMEL_CG42396	wech
DMEL_CG6794	Dif
DMEL_CG4952	dac
DMEL_CG1464	ey
DMEL_CG3849	Lasp
DMEL_CG3218	fs(1)K10
DMEL_CG32434	siz
DMEL_CG10275	kon
DMEL_CG5753	stau
DMEL_CG12296	klu
DMEL_CG9994	Rab9
DMEL_CG10223	Top2
DMEL_CG11156	mus101
DMEL_CG3962	Keap1
DMEL_CG10443	Lar
DMEL_CG12424	ckn
DMEL_CG15112	ena
DMEL_CG10497	Sdc
DMEL_CG12809	nerfin-2
DMEL_CG10726	barr
DMEL_CG11397	glu
DMEL_CG34438	Cap-G
DMEL_CG1911	Cap-D2
DMEL_CG10522	sti
DMEL_CG10722	nesd
DMEL_CG1768	dia
DMEL_CG3985	Syn
DMEL_CG11628	step
DMEL_CG6945	CG6945
DMEL_CG6143	Pep
DMEL_CG10244	Cad96Ca
DMEL_CG8669	crc
DMEL_CG8276	bin3
DMEL_CG3269	Rab2
DMEL_CG33206	Gmap
DMEL_CG32485	CG32485
DMEL_CG4925	CG4925
DMEL_CG8454	Vps16A
DMEL_CG3532	GCC185
DMEL_CG7146	Vps39
DMEL_CG18076	shot
DMEL_CG1854	Or43a
DMEL_CG10609	Orco
DMEL_CG11290	enok
DMEL_CG12756	Eaf6
DMEL_CG10521	NetB
DMEL_CG2092	scra
DMEL_CG9412	rin
DMEL_CG18316	udd
DMEL_CG10496	TAF1C-like
DMEL_CG6241	TAF1B
DMEL_CG42515	Pbp49
DMEL_CG2702	Pbp95
DMEL_CG9597	Pbp45
DMEL_CG2163	Pabp2
DMEL_CG7097	hppy
DMEL_CG17081	Cep135
DMEL_CG10061	Sas-4
DMEL_CG15524	Sas-6
DMEL_CG12876	ALiX
DMEL_CG8024	ltd
DMEL_CG1569	rod
DMEL_CG18345	trpl
DMEL_CG12924	Lsm11
DMEL_CG4616	FLASH
DMEL_CR33504	snRNA:U7
DMEL_CG30007	CG30007
DMEL_CG14121	ver
DMEL_CG42350	moi
DMEL_CG2328	eve
DMEL_CG5036	Dhit
DMEL_CG42734	Ank2
DMEL_CG5248	loco
DMEL_CG11895	stan
DMEL_CG43722	esn
DMEL_CG7686	CG7686
DMEL_CG6779	RpS3
DMEL_CG9015	en
DMEL_CG10897	tou
DMEL_CG8238	Buffy
DMEL_CG33134	debcl
DMEL_CG42612	plx
DMEL_CG2999	unc-13
DMEL_CG10844	RyR
DMEL_CG8581	fra
DMEL_CG11033	Kdm2
DMEL_CG3895	ph-d
DMEL_CG7698	Cpsf73
DMEL_CG1957	Cpsf100
DMEL_CG17286	spd-2
DMEL_CG3068	aur
DMEL_CG2051	CG2051
DMEL_CG33130	Patronin
DMEL_CG1913	alphaTub84B
DMEL_CR42972	mir-13b-2
DMEL_CR42949	let-7
DMEL_CR42899	mir-2a-1
DMEL_CR42968	mir-277
DMEL_CR43032	mir-305
DMEL_CR42878	mir-13b-1
DMEL_CG2813	cold
DMEL_CG8121	CG8121
DMEL_CG8479	Opa1
DMEL_CG6455	CG6455
DMEL_CG10119	LamC
DMEL_CG16724	tra
DMEL_CG11094	dsx
DMEL_CG6987	SF2
DMEL_CG8166	unc-5
DMEL_CG8203	Cdk5
DMEL_CG7717	Mekk1
DMEL_CG5481	lea
DMEL_CG3399	capu
DMEL_CG8440	Lis-1
DMEL_CG8104	nudE
DMEL_CG4878	eIF3-S9
DMEL_CG11276	RpS4
DMEL_CG7654	Tom20
DMEL_CG3981	Unc-76
DMEL_CG8332	RpS15
DMEL_CG6702	Cbp53E
DMEL_CG9635	RhoGEF2
DMEL_CG5507	T48
DMEL_CG7371	CG7371
DMEL_CG9311	mop
DMEL_CG31064	CG31064
DMEL_CG6410	Snx16
DMEL_CG42311	grh
DMEL_CG5785	thr
DMEL_CG10917	fj
DMEL_CG9191	Klp61F
DMEL_CG12758	sano
DMEL_CG18608	prod
DMEL_CG15110	botv
DMEL_CG7229	CG7229
DMEL_CG13597	tbrd-1
DMEL_CG13852	mats
DMEL_CG8595	Toll-7
DMEL_CG9972	spz5
DMEL_CG42576	NT1
DMEL_CG3307	pr-set7
DMEL_CG9441	Pu
DMEL_CG10449	Catsup
DMEL_CG10198	Nup98-96
DMEL_CG4079	Taf11
DMEL_CG6711	Taf2
DMEL_CG17358	Taf12
DMEL_CG14296	EndoA
DMEL_CG18811	Capr
DMEL_CG3074	Swim
DMEL_CG10542	Bre1
DMEL_CG42768	Msp300
DMEL_CG7015	Unr
DMEL_CG10582	Sin
DMEL_CG10293	how
DMEL_CG43161	Skeletor
DMEL_CG3941	pita
DMEL_CG4143	mbf1
DMEL_CG4533	l(2)efl
DMEL_CG4091	CG4091
DMEL_CG2079	Dok
DMEL_CG17957	Sry-alpha
DMEL_CG32885	pgc
DMEL_CG5562	gbb
DMEL_CG13253	cmpy
DMEL_CG6181	Ge-1
DMEL_CG2980	thoc5
DMEL_CG7269	Hel25E
DMEL_CG2031	Hpr1
DMEL_CG3167	MAN1
DMEL_CG3173	IntS1
DMEL_CG5491	IntS12
DMEL_CG13109	tai
DMEL_CG11009	Wbp2
DMEL_CG8548	Kap-alpha1
DMEL_CG4674	Leash
DMEL_CG4354	slbo
DMEL_CG5408	trbl
DMEL_CG13591	Ssl
DMEL_CG4612	CG4612
DMEL_CG1228	Ptpmeg
DMEL_CG32626	AMPdeam
DMEL_CG12189	Rev1
DMEL_CG43772	mwh
DMEL_CG10732	CG10732
DMEL_CG9160	mtacp1
DMEL_CG1004	rho
DMEL_CG32179	Krn
DMEL_CG33166	stet
DMEL_CG12085	pUf68
DMEL_CG13928	CG13928
DMEL_CG2086	drpr
DMEL_CG1837	prtp
DMEL_CG18247	shark
DMEL_CG5690	Cnb
DMEL_CG7250	Toll-6
DMEL_CG12076	YT521-B
DMEL_CG4771	vret
DMEL_CG14998	ens
DMEL_CG42687	CoRest
DMEL_CG32423	shep
DMEL_CG10642	Klp64D
DMEL_CG11759	Kap3
DMEL_CG7293	Klp68D
DMEL_CG10633	Ir64a
DMEL_CG32704	Ir8a
DMEL_CG10118	ple
DMEL_CG12717	CG12717
DMEL_CG9007	upSET
DMEL_CG42256	Dscam2
DMEL_CG8616	BHD
DMEL_CG3455	Rpt4
DMEL_CG8597	lark
DMEL_CG8556	Rac2
DMEL_CG8727	cyc
DMEL_CG8023	eIF4E-3
DMEL_CG7062	Rab19
DMEL_CG6694	ZC3H3
DMEL_CG6831	rhea
DMEL_CG8107	CalpB
DMEL_CG5962	Arr2
DMEL_CG11064	Rfabg
DMEL_CG4821	Tequila
DMEL_CG32169	Rbp6
DMEL_CG32062	A2bp1
DMEL_CG9755	pum
DMEL_CG3654	Jarid2
DMEL_CG9433	Xpd
DMEL_CG6272	CG6272
DMEL_CG17836	Xrp1
DMEL_CG7351	PCID2
DMEL_CG7283	RpL10Ab
DMEL_CG17962	Z600
DMEL_CG1347	Atg17
DMEL_CG10083	Abp1
DMEL_CG32134	btl
DMEL_CG32146	dlp
DMEL_CG6631	ana1
DMEL_CR43016	mir-2b-2
DMEL_CR42893	mir-2b-1
DMEL_CG6151	fwe
DMEL_CG6025	Arl1
DMEL_CG7578	Sec71
DMEL_CG5841	mib1
DMEL_CG8464	HtrA2
DMEL_CG4877	RAF2
DMEL_CG3000	rap
DMEL_CG10067	Act57B
DMEL_CG7478	Act79B
DMEL_CG5178	Act88F
DMEL_CG18290	Act87E
DMEL_CG9704	Nrt
DMEL_CG2198	Ama
DMEL_CG6311	Edc3
DMEL_CG5546	MED19
DMEL_CG2189	Dfd
DMEL_CG6897	bora
DMEL_CG8887	ash1
DMEL_CG2252	fs(1)h
DMEL_CG8651	trx
DMEL_CG32227	gogo
DMEL_CG7719	gwl
DMEL_CG3354	Mst77F
DMEL_CG5017	mil
DMEL_CG3905	Su(z)2
DMEL_CG7177	Wnk
DMEL_CG7693	fray
DMEL_CG11254	mael
DMEL_CG9768	hkb
DMEL_CG12591	dpr16
DMEL_CG14521	CG14521
DMEL_CG12193	Or22a
DMEL_CG2087	PEK
DMEL_CG2899	ksr
DMEL_CG10363	Tep4
DMEL_CG31671	tho2
DMEL_CG17143	thoc7
DMEL_CG5632	thoc6
DMEL_CG1507	Pur-alpha
DMEL_CG10753	SmD1
DMEL_CG1759	cad
DMEL_CG6716	prd
DMEL_CG1019	Mlp84B
DMEL_CG13162	ana3
DMEL_CG2520	lap
DMEL_CG9887	VGlut
DMEL_CG3066	Sp7
DMEL_CG11331	Spn27A
DMEL_CG6506	CG6506
DMEL_CG3069	Taf10b
DMEL_CG7508	ato
DMEL_CG9615	tex
DMEL_CG32528	parvin
DMEL_CG10504	Ilk
DMEL_CG9351	flfl
DMEL_CG3637	Cortactin
DMEL_CG9786	hb
DMEL_CG9373	rump
DMEL_CG12950	CG12950
DMEL_CG10152	beat-IV
DMEL_CG16908	CG16908
DMEL_CG42250	lqfR
DMEL_CG33208	Mical
DMEL_CG11081	PlexA
DMEL_CG6538	TfIIFbeta
DMEL_CG10281	TfIIFalpha
DMEL_CG6535	tefu
DMEL_CG17184	Arfip
DMEL_CG8156	Arf51F
DMEL_CG42317	Csk
DMEL_CG6946	glo
DMEL_CG31361	dpr17
DMEL_CG10095	dpr15
DMEL_CG14390	beat-Vc
DMEL_CG34114	CG34114
DMEL_CG10134	beat-Va
DMEL_CG31298	beat-Vb
DMEL_CG12358	Paip2
DMEL_CG4920	ea
DMEL_CG9764	yrt
DMEL_CG9374	lkb1
DMEL_CG4083	Mo25
DMEL_CG3143	foxo
DMEL_CG8489	soti
DMEL_CG7223	htl
DMEL_CR33925	snRNA:7SK
DMEL_CG5094	Sgt
DMEL_CG1825	Map60
DMEL_CG7928	CG7928
DMEL_CG4399	east
DMEL_CG6134	spz
DMEL_CG33547	Rim
DMEL_CG17888	Pdp1
DMEL_CG6993	ss
DMEL_CG18647	bin
DMEL_CG9610	Poxm
DMEL_CG7902	bap
DMEL_CG6534	slou
DMEL_CG10250	nau
DMEL_CG1322	zfh1
DMEL_CG5208	Patr-1
DMEL_CG4279	LSm1
DMEL_CG5201	Dad
DMEL_CG31190	Dscam3
DMEL_CG2261	CstF-50
DMEL_CG31132	BRWD3
DMEL_CG5269	vib
DMEL_CG31040	Cog7
DMEL_CG34157	Dys
DMEL_CG18250	Dg
DMEL_CG11958	Cnx99A
DMEL_CG5289	Rpt2
DMEL_CG4058	Nep4
DMEL_CG3534	CG3534
DMEL_CG17838	Syp
DMEL_CG3421	RhoGAP93B
DMEL_CG10824	CG10824
DMEL_CG8487	garz
DMEL_CG17420	RpL15
DMEL_CG7847	sr
DMEL_CG7070	PyK
DMEL_CG1976	RhoGAP100F
DMEL_CG16757	Spn
DMEL_CG1618	comt
DMEL_CG5489	Atg7
DMEL_CG1871	e(r)
DMEL_CG10379	mbc
DMEL_CG10192	eIF4G2
DMEL_CG5212	Pli
DMEL_CG5915	Rab7
DMEL_CG6613	CG6613
DMEL_CG12132	c11.1
DMEL_CG1451	Apc
DMEL_CG31357	CG31357
DMEL_CG3295	CG3295
DMEL_CG3529	CG3529
DMEL_CG7600	CG7600
DMEL_CG17769	Acam
DMEL_CG11546	kermit
DMEL_CG17064	mars
DMEL_CG15667	Sara
DMEL_CG40351	Set1
DMEL_CG5585	Rbbp5
DMEL_CG11820	PQBP1
DMEL_CG11849	dan
DMEL_CG30170	bgcn
DMEL_CG31092	LpR2
DMEL_CG15828	Apoltp
DMEL_CG17367	Lnk
DMEL_CG8333	E(spl)mgamma-HLH
DMEL_CG14548	E(spl)mbeta-HLH
DMEL_CG8361	E(spl)m7-HLH
DMEL_CG42351	Jabba
DMEL_CG11516	Ptp99A
DMEL_CG17282	Bdbt
DMEL_CG9900	Zw10
DMEL_CG18729	Zwilch
DMEL_CG11093	fuss
DMEL_CG2210	awd
DMEL_CG7398	Trn
DMEL_CG18069	CaMKII
DMEL_CG6446	Sema-1b
DMEL_CG13425	bl
DMEL_CG5588	Mtl
DMEL_CG5580	sbb
DMEL_CG11495	rasp
DMEL_CG10939	Sip1
DMEL_CG12363	Dlc90F
DMEL_CG32562	xmas-2
DMEL_CG2019	disp
DMEL_CG5912	arr
DMEL_CG3915	Drl-2
DMEL_CG3129	Rab18
DMEL_CG12001	spartin
DMEL_CG8449	CG8449
DMEL_CR32867	snRNA:U6:96Ab
DMEL_CR32879	snRNA:U4:38AB
DMEL_CG17342	Lk6
DMEL_CG11989	vnc
DMEL_CG1214	ru
DMEL_CG17697	fz
DMEL_CG9748	bel
DMEL_CG18743	Hsp70Ab
DMEL_CG31449	Hsp70Ba
DMEL_CG31366	Hsp70Aa
DMEL_CG31359	Hsp70Bb
DMEL_CG6489	Hsp70Bc
DMEL_CG5834	Hsp70Bbb
DMEL_CG3060	mr
DMEL_CG34440	lmgA
DMEL_CG6513	endos
DMEL_CG6235	tws
DMEL_CG8201	par-1
DMEL_CG11648	Abd-B
DMEL_CG31000	heph
DMEL_CG32570	TwdlY
DMEL_CG14643	TwdlG
DMEL_CG14640	TwdlV
DMEL_CG4060	TwdlW
DMEL_CG6478	TwdlB
DMEL_CG30085	Rif1
DMEL_CG34385	dpr12
DMEL_CG34391	CG34391
DMEL_CG6632	Ing3
DMEL_CG9207	Gas41
DMEL_CG7776	E(Pc)
DMEL_CG7626	Spt5
DMEL_CG12372	spt4
DMEL_CG44890	Tgs1
DMEL_CG42508	CG42508
DMEL_CG42636	Gyc76C
FKSG12	SFRP2
UNQ2508/PRO5996	RMND5B
HCG_27366	UNC119B
CGI-82	RDH11
RP11-9M16.1	DFNB31
SPAC14C4.08	mug5
SPBC1347.12	arp1
SPBC646.17C	dic1
SPBC336.09C	rrn7
SPAC16E8.16	sua7
SPBP22H7.03	SPBP22H7.03
SPBC19G7.05C	bgs1
SPBC23G7.08C	rga7
SPBC1198.11C	reb1
SPCC1259.03	rpa12
SPAC15A10.08	ain1
SPAC18G6.09C	SPAC18G6.09c
SPBC106.19	SPBC106.19
SPAPB1E7.11C	SPAPB1E7.11c
SPBC1271.15C	SPBC1271.15c
SPAC6F12.17	rna14
SPCC584.02	cuf2
SPBC32H8.11	mei4
SPAC25G10.07C	cut7
SPBC1778.05C	SPBC1778.05c
RP23-55C8.1	Epb4.1l1
SPCC16C4.14C	sfc4
SPAC25H1.03	atg101
SPAC4F10.07C	atg13
SPAC23C11.11	cka1
SPAC1851.03	ckb1
SPAC22F3.12C	rgs1
SPBP23A10.10	ppk32
YMR018W	YMR018W
YIR031C	DAL7
SNR45	snR45
YNL077W	APJ1
RP23-113P22.1	Ago1
RP23-266F3.4	Caprin1
RP23-422L16.5	Fxr2
YDR343C	HXT6
RP23-242K15.3	Atad3a
RP23-35N5.1	Aifm1
RP23-480B19.11-001	Hist1h2bb
YMR208W	ERG12
SNR19	snR19
SNR10	snR10
RP23-118A2.3	Spata2
RP11-104M22.2	LPAR1
YBR227C	MCX1
B1000	cbpA
YJL197W	UBP12
C2_01110C_A	BCY1
C1_10220C_A	TPK1
RP23-17P12.3	Ak1
RP23-77A2.1	Dstn
RP23-171A13.1	Myh7
RP23-241M12.1	Pygb
RP23-378H5.4	Snap47
RP23-69P8.1	Myo1g
C1_00930C_A	SIN3
C5_00070W_A	CDC11
C1_02230W_A	SEP7
C1_04210C_A	CDC3
C1_03210C_A	CDC12
CR_04570C_A	CDC10
YPL100W	ATG21
HHV6GP011	U14
C5_01320W_A	SNF1
C3_06070C_A	PBS2
C2_03330C_A	HOG1
YEL040W	UTR2
YJL134W	LCB3
YHR120W	MSH1
YEL038W	UTR4
YHR070W	TRM5
YMR161W	HLJ1
YNL217W	YNL217W
YNL129W	NRK1
YJR130C	STR2
YDL198C	GGC1
YCR008W	SAT4
YDL180W	YDL180W
YKR051W	YKR051W
YOL019W	YOL019W
YDL046W	NPC2
YOL158C	ENB1
YIR023W	DAL81
YDL141W	BPL1
YDR262W	YDR262W
YMR006C	PLB2
YPL076W	GPI2
YGL196W	DSD1
YGL050W	TYW3
YNL111C	CYB5
YML052W	SUR7
YDR035W	ARO3
YMR126C	DLT1
YPR009W	SUT2
YGL101W	YGL101W
YDR034C	LYS14
YML081W	TDA9
YDR351W	SBE2
YIL158W	AIM20
YDR504C	SPG3
YOR079C	ATX2
YJR054W	KCH1
YBL063W	KIP1
YBR049C	REB1
YOL116W	MSN1
YML113W	DAT1
YNL065W	AQR1
YDR336W	YDR336W
YDR528W	HLR1
YDR281C	PHM6
YER069W	ARG5,6
YOL011W	PLB3
YBL020W	RFT1
YJL051W	IRC8
YOL049W	GSH2
YBR029C	CDS1
YHL038C	CBP2
YLR214W	FRE1
YDR512C	EMI1
YKR089C	TGL4
YMR110C	HFD1
YJR085C	YJR085C
YJL094C	KHA1
YFR055W	IRC7
YLR426W	TDA5
YER004W	FMP52
YLL038C	ENT4
YBR104W	YMC2
YJL129C	TRK1
YBR016W	YBR016W
YML018C	YML018C
YBR276C	PPS1
YKL017C	HCS1
YOR149C	SMP3
YPL225W	YPL225W
YML080W	DUS1
YOR221C	MCT1
YOL020W	TAT2
YDR184C	ATC1
YPR139C	LOA1
YGL256W	ADH4
YHR046C	INM1
YOR037W	CYC2
YBR269C	SDH8
YDR350C	ATP22
YEL007W	MIT1
YGL065C	ALG2
YJL174W	KRE9
YCL004W	PGS1
YDR332W	IRC3
YKL096W	CWP1
YPL163C	SVS1
YHR003C	TCD1
YGR007W	ECT1
YLR219W	MSC3
YPR147C	YPR147C
YFL025C	BST1
YBR265W	TSC10
YMR211W	DML1
YNR066C	YNR066C
YOL007C	CSI2
YIL164C	NIT1
YLR114C	AVL9
YDR210W	YDR210W
YOR137C	SIA1
YHR199C	AIM46
YLR266C	PDR8
YFL001W	DEG1
YMR019W	STB4
YFR005C	SAD1
YMR177W	MMT1
YLR412W	BER1
YBR238C	YBR238C
YGR101W	PCP1
YPL039W	YPL039W
YKR045C	YKR045C
YFL046W	FMP32
YKR074W	AIM29
YOR337W	TEA1
YER037W	PHM8
YML116W	ATR1
YPL072W	UBP16
YOR202W	HIS3
YDL234C	GYP7
YKR044W	UIP5
YMR016C	SOK2
YLR459W	GAB1
YDR370C	DXO1
YPR065W	ROX1
YMR281W	GPI12
YOR311C	DGK1
YGL023C	PIB2
YOR306C	MCH5
YDR524C	AGE1
YGR127W	YGR127W
YDL211C	YDL211C
YJR111C	YJR111C
YKR011C	YKR011C
YNL274C	GOR1
YDR287W	INM2
YIL119C	RPI1
YER034W	YER034W
YNL180C	RHO5
YOR226C	ISU2
YCL002C	YCL002C
YFR045W	YFR045W
YJL181W	YJL181W
YNL146W	YNL146W
YGR046W	TAM41
YER150W	SPI1
YMR009W	ADI1
YGL166W	CUP2
YCR014C	POL4
C1_13610C_A	KIS2
YKL176C	LST4
RP3-355L5.1	PREP
YBR028C	YPK3
RP11-163M19.1	FAM35A
YDR161W	YDR161W
HSPC055	ZC3H7A
UNQ1725/PRO9925	GPNMB
RP11-398K22.2	MB21D1
PP6345	PDLIM2
YDR083W	RRP8
RP23-118A2.5	Snai1
YNL138W-A	YSF3
RP23-312D15.1	Zmym3
C7_03920C_A	RPP1B
CR_08360C_A	RPP2A
CR_00050W_A	INO2
C2_03840C_A	INO4
C5_01820W_A	STI1
C4_06820C_A	CZF1
C6_04350C_A	FLO8
B1817	manX
HHV8GK18_GP27	ORF24
RP11-147L20.2	HTR2A
RP4-534K7.3	DLEU2
YNL074C	MLF3
RP23-240F13.1	Ubqln2
YJR151C	DAN4
YDR039C	ENA2
YAR050W	FLO1
YHR211W	FLO5
YER134C	YER134C
YKL046C	DCW1
YDR038C	ENA5
RP11-356B19.7	SLC2A8
B2530	iscS
B3895	fdhD
AT1G66410	CAM4
AT5G43940	HOT5
YDR341C	YDR341C
YKR018C	YKR018C
RP23-467J12.3	Tubd1
RP24-532J13.1	Mylk
YGRCTY1-2	YGRCTy1-2
C1_13700W_A	ACT1
CR_04190W_A	SRV2
CR_06420W_A	PPZ1
C3_05970C_A	C3_05970C_A
CR_00980C_A	CR_00980C_A
HHV3_GP71	ORF63
C1_13480W_A	HSP70
C1_04300C_A	SSA2
YPR109W	YPR109W
RP11-316M1.5	FAM63A
HHV1GP024	UL17
HHV1GP067	UL47
BOS_7886	CLTB
YDL121C	YDL121C
YKL077W	YKL077W
YKL063C	YKL063C
YER001W	MNN1
YKL039W	PTM1
YEL042W	GDA1
YOR228C	MCP1
RP23-199A2.2	Srsf1
RP23-384C18.4	Prpf8
RP23-13O17.1	Eif4a3
RP23-273G23.1	Ssb
RP23-374O4.1	Hnrnpa3
RP23-121P11.1	Hnrnph1
RP23-268N22.2	Birc5
CR_06050W_A	CDC28
C1_00780C_A	HGC1
C1_12970C_A	SEC2
C3_07000W_A	RPD31
C3_05000W_A	RDI1
C1_08450C_A	CDC42
CR_03800C_A	PPH3
C2_07120W_A	RFA2
C1_02280C_A	PSY2
C3_06910C_A	C3_06910C_A
C7_01840W_A	IQG1
C4_04290W_A	SEC15
CR_02140W_A	RSR1
C4_01410W_A	BEM1
C1_13780W_A	MYO2
C1_11400C_A	GIN4
CR_00320C_A	NAP1
C4_00370W_A	HOF1
SPCC622.08C	hta1
C1_06680W_A	VPS34
C2_04150C_A	VMA7
C1_07890C_A	ADE5,7
C5_01100C_A	CLN3
C2_01640W_A	SLA1
C1_13520C_A	C1_13520C_A
C1_04610W_A	ATP1
C1_04100C_A	POR1
C3_00670C_A	FKH2
C2_02380W_A	POB3
YCR017C	CWH43
YML125C	PGA3
YOR175C	ALE1
C1_00620W_A	MOB2
C5_05260W_A	C5_05260W_A
C5_04520W_A	C5_04520W_A
C5_04730C_A	SSD1
C1_10380C_A	CBK1
C2_09270C_A	SGT1
C7_02030W_A	HSP90
YDR304C	CPR5
YBR149W	ARA1
C1_09530W_A	RAM2
CR_04910W_A	CDC43
C1_02420C_A	GSC1
CR_02860W_A	RHO1
C1_06650W_A	C1_06650W_A
C1_00380C_A	C1_00380C_A
CR_07440W_A	ACE2
C5_02340C_A	CST20
C7_04110W_A	C7_04110W_A
CR_03150W_A	SYS3
YFL014W	HSP12
C2_03930C_A	C2_03930C_A
C2_02100W_A	SNF2
C4_00300C_A	SWI1
RP23-270L8.2	Vrk2
C4_04420W_A	FGR3
C1_10150W_A	WOR1
UNQ236/PRO269	CLEC14A
HSPC270	MSRB1
C1_04520C_A	PHO85
C5_05190W_A	PCL5
YER104W	RTT105
RP23-322L22.2	Klf4
RP1-75N13.2	POF1B
44M2.3	LOC81691
RP5-839B4.5	ANKEF1
PSEC0029	HSD17B11
HHV1GP054	UL36
RP23-172M21.17	Neurl4
DAAP-200B17.3	TRIM40
CELE_Y55D5A.5	daf-2
SP24	EVA1A
DMEL_CG6721	RasGAP1
RP11-787I22.2	SESN1
RP11-203F10.4	PLEKHA6
UNQ599/PRO1185	C19orf80
RP11-188A23.1	SLAIN1
DKEY-72N1.2	usp30
RP23-147D3.7	Celf1
DMEL_CG11886	Slbp
DMEL_CG17569	gry
DMEL_CG6196	Trs33
DMEL_CG10537	Rdl
DMEL_CG1839	Fbxl4
DMEL_CG8922	RpS5a
DMEL_CG18243	Ptp52F
DMEL_CG9819	CanA-14F
DMEL_CG11396	CG11396
DMEL_CG4268	Pitslre
DMEL_CG5202	escl
DMEL_CG8374	dmt
DMEL_CR33353	5SrRNA:CR33353
DMEL_CG12345	Cha
DMEL_CG1433	Atu
DMEL_CG12505	Arc1
DMEL_CG4535	FKBP59
DMEL_CG7734	shn
DMEL_CG5971	Cdc6
DMEL_CG4181	GstD2
DMEL_CG4070	Tis11
DMEL_CG1365	CecA1
DMEL_CG42281	bun
DMEL_CG1098	Madm
DMEL_CG3373	Hmu
DMEL_CG3911	Bet3
DMEL_CG11533	Asator
DMEL_CG4536	iav
DMEL_CG5842	nan
DMEL_CG12701	vfl
DMEL_CG4164	CG4164
DMEL_CG4312	MtnB
DMEL_CG13192	CG13192
DMEL_CG34379	Shroom
DMEL_CG12272	CG12272
DMEL_CG13419	Burs
DMEL_CG15284	Pburs
DMEL_CG3885	Sec3
DMEL_CG9262	Shal
DMEL_CG6623	SIDL
DMEL_CG8367	cg
DMEL_CG5161	Trs20
DMEL_CG1862	Ephrin
DMEL_CG11280	trn
DMEL_CG5520	Gp93
DMEL_CG5954	l(3)mbt
DMEL_CG7496	PGRP-SD
DMEL_CG7831	ncd
DMEL_CG4976	Mes-4
DMEL_CG10084	swm
DMEL_CG8793	l(3)76BDm
DMEL_CG4953	CG4953
DMEL_CG1804	kek6
DMEL_CG43224	Gfrl
DMEL_CG14396	Ret
DMEL_CG33960	Sema-2b
DMEL_CG6095	Exo84
DMEL_CR43033	mir-34
DMEL_CG9841	EfSec
DMEL_CG5978	GAPsec
DMEL_CG12366	O-fut1
DMEL_CG4909	POSH
DMEL_CG40410	Alg-2
DMEL_CG10161	eIF-3p66
DMEL_CG2478	bru
DMEL_CG32498	dnc
DMEL_CG10153	Trs31
DMEL_CG11567	Cpr
DMEL_CG1359	Bet5
DMEL_CG1395	stg
DMEL_CG9537	DLP
DMEL_CG44154	koi
DMEL_CG9842	Pp2B-14D
DMEL_CG7937	C15
DMEL_CG31048	spg
DMEL_CG4357	Ncc69
DMEL_CG1709	Vha100-1
DMEL_CG8250	Alk
DMEL_CG30040	jeb
DMEL_CG31938	Rrp40
DMEL_CG8637	trc
DMEL_CG32045	fry
DMEL_CG1453	Klp10A
DMEL_CG3195	RpL12
DMEL_CG6170	HDAC6
DMEL_CG5203	CHIP
DMEL_CG8938	GstS1
DMEL_CG10203	x16
DMEL_CG7425	eff
DMEL_CG7004	fwd
DMEL_CG43164	CG43164
DMEL_CG31163	SKIP
DMEL_CG9606	Rrp45
DMEL_CG6554	Art1
DMEL_CG7212	cdm
DMEL_CG1389	tor
DMEL_CG2508	Cdc23
DMEL_CG3991	TppII
DMEL_CG12721	CG12721
DMEL_CG3056	ssx
DMEL_CG2199	CG2199
DMEL_CG5008	GNBP3
DMEL_CG42639	PPO1
DMEL_CG11491	br
DMEL_CR43572	scaRNA:MeU5-G38
DMEL_CG4043	Rrp46
DMEL_CG1119	Gnf1
DMEL_CG10382	wrapper
DMEL_CG33133	grau
DMEL_CG8280	Ef1alpha48D
DMEL_CR42900	mir-317
DMEL_CG8928	Rrp47
DMEL_CG10308	CycJ
DMEL_CG12151	Pdp
DMEL_CR42925	mir-184
DMEL_CG14217	Tao
DMEL_CG7225	wbl
DMEL_CG9797	M1BP
DMEL_CG1793	MED26
DMEL_CG31950	CG31950
DMEL_CG14164	CG14164
DMEL_CG9067	CG9067
DMEL_CG12630	tio
DMEL_CG9298	Trs23
DMEL_CG7429	CG7429
DMEL_CG10756	Taf13
DMEL_CG2692	gsb-n
DMEL_CG5809	CaBP1
DMEL_CG7961	alphaCOP
DMEL_CG42230	bbg
DMEL_CG42344	brp
DMEL_CG15811	Rop
DMEL_CG7564	CG7564
DMEL_CG4551	Dyrk2
DMEL_CG42856	Sik3
DMEL_CG12529	Zw
DMEL_CG4700	Sema-2a
DMEL_CG11700	CG11700
DMEL_CG11098	Tango1
DMEL_CG4454	borr
DMEL_CG2941	CG2941
DMEL_CG1378	tll
DMEL_CG9102	bab2
DMEL_CG10952	eag
DMEL_CR42916	mir-92b
DMEL_CG8924	CG8924
DMEL_CG10160	ImpL3
DMEL_CG16742	CG16742
DMEL_CG5486	Ubp64E
DMEL_CG1633	Jafrac1
DMEL_CG6549	fws
DMEL_CG9046	Vm26Ab
DMEL_CG34333	Vml
DMEL_CG32654	Sec16
HPV6BGP1	E6
HPV6BGP2	E7
RP11-54O7.13-009	AGRN
HPV10GP1	E6
MSTP048	WDR41
RP1-224A6.7	WNT4
RP11-472E5.1	MTFR2
RP11-316M21.3	CWF19L1
XX-FW81657B9.2	FAM50A
RP11-307C12.10-003	DCST1
HSPC010	HIGD1A
RP23-32C12.5	Wdtc1
C3_01300C_A	NCE103
RSD9	DYDC1
HCG_1645697	KRTAP2-4
RP13-360B22.1	AMMECR1
UNQ1964/PRO4486	CD99L2
AT5G21274	CAM6
AT2G31970	RAD50
AT5G54260	MRE11
AT5G20810	AT5G20810
AT5G39670	AT5G39670
AT1G74740	CPK30
AT2G23080	AT2G23080
AT1G54610	AT1G54610
AT3G59150	AT3G59150
AT3G50310	MAPKKK20
AT2G46130	WRKY43
AT1G23420	INO
AT5G38860	BIM3
AT5G43650	BHLH92
AT5G04820	OFP13
AT1G53170	ERF8
AT3G25790	AT3G25790
AT3G01970	WRKY45
AT1G70030	AT1G70030
AT3G01140	MYB106
AT4G24470	TIFY1
AT3G18960	AT3G18960
AT3G45150	TCP16
AT2G02540	HB21
AT3G12910	AT3G12910
AT3G49950	AT3G49950
AT3G54350	emb1967
AT2G30340	LBD13
AT5G17300	RVE1
AT1G54220	AT1G54220
AT3G52200	LTA3
RP23-118E21.1	Ube2j2
RP11-181K3.3	NMNAT2
RP11-545E17.7	C9orf114
RP11-48C7.3	DPH7
C4_06980W_A	PRA1
BOS_2904	ARNT
SPAC30D11.06C	hfl1
SPBP8B7.24C	atg8
SPAC644.16	SPAC644.16
SPBC13E7.06	msd1
SPBC32H8.09	SPBC32H8.09
SPAC16E8.08	SPAC16E8.08
SPACUNK4.14	mdb1
SPAC9G1.15C	mzt1
SPAC3H8.05C	mms1
SPCC1393.14	ten1
SPAC688.07C	SPAC688.07c
GS3582	MGARP
SPAC6G10.12C	ace2
RP24-363D14.2	Ybx1
RP23-158L19.4	Ddx3x
RP13-122B23.5	CYSRT1
RP23-387G11.1	Neurod1
PSEC0252	SLC43A3
RP11-145J3.1	EPSTI1
RP11-792P23.2	C10orf67
CELE_F25B5.4	ubq-1
CELE_F13G3.10	F13G3.10
YJR051W	OSM1
RP23-94F11.1	Fbxw11
RCG_38677	Ncan
CGI-43	CCZ1
RP3-496N17.3	RAB23
RP11-229P13.3	CLIC3
RP11-511I2.1	CMPK1
RP23-52L10.1	Rps6ka3
UNQ2529/PRO6028	PANX1
TCAG7.1069	VOPP1
SPBC1703.07	SPBC1703.07
SPAC22A12.16	SPAC22A12.16
SPAC664.03	paf1
RP23-9G13.3	Hoxb2
HPV16GP4	E2
RP11-529E10.4	DOK7
RP23-42F6.1	Itgb4
RP23-462O16.6	Sdc4
UNQ6169/PRO20174	LRRC25
RP23-261D24.2	Pkn3
HSPC163	CNIH4
RP23-157O10.7	Srcin1
RP23-380B14.2	Atp5h
RP23-239O19.3	Rad50
RP23-149D5.3	Mre11a
RP11-588K22.2	GUCY1A3
AC073761.1	Ptprs
RP23-461M2.1	Ptprd
RP11-90L13.1	FMN2
RP23-31K16.2	Lepr
BOS_2771	S100A12
BOS_2009	IDH1
BOS_22867	ALDOA
BOS_6307	ANXA5
BOS_2815	S100A9
RP5-821D11.6	CCDC134
CTB-1144G6.4	AFAP1L2
C3_04860W_A	C3_04860W_A
RP23-326I8.1	Atp6v0d2
RP23-122N18.3	Stx17
RP5-998N21.6	HIST2H3PS2
RP5-884F15.1	SYCP2
AT2G33793	AT2G33793
CELE_F07A5.7	unc-15
YHL001W	RPL14B
YHR040W	BCD1
UNQ287/PRO326/PRO335	LRIG3
SPAP27G11.06C	vas2
C6_00670W_A	CDC14
C1_01670C_A	ESP1
SPAC890.07C	rmt1
SPBC3D6.09	dpb4
SPBC16D10.07C	sir2
SPAC10F6.11C	atg17
SPAC23D3.16	SPAC23D3.16
SPAC27F1.06C	SPAC27F1.06c
SPBC1347.02	fkbp39
SPBC29A10.17	SPBC29A10.17
SPAC222.19	tam1
SPAC10F6.08C	nht10
SPBC29A10.12	SPBC29A10.12
SPAC23C11.02C	rps23
SPCC4G3.11	mug154
SPAC23H3.03C	npr2
SPBC26H8.04C	SPBC26H8.04c
SPCC794.08	efr3
SPAC637.04	SPAC637.04
SPBC19F5.01C	puc1
SPCC16C4.20C	SPCC16C4.20c
SPAC23G3.04	ies4
SPCC1259.04	iec3
SPBC543.04	SPBC543.04
SPCC16C4.22	SPCC16C4.22
SPAC11E3.05	sea3
SPBC2F12.12C	cay1
SPAC144.02	iec1
AB1-143	Ilf2
RP23-58A8.1	Ptpn1
RP23-354D12.3	Pdlim4
RP11-52I12.1	TMEM2
RP3-460J8.1	NDRG3
RP11-89C21.1	USP6NL
PSEC0162	RELL1
UNQ481/PRO944	CLDN1
RP11-24J23.1	ROR1
RP1-94G16.1	DCBLD1
HSPC156	STXBP6
UNQ856/PRO1865	FLRT3
PP791	KIAA0319L
PSEC0094	TMEM87A
MCG_145366	Nav2
RP23-361M19.2	Rreb1
RP23-6M16.3-01	Sfmbt2
RP23-316M14.1	Phf21a
RP23-82M15.2	Ccdc141
HPV16GP7	L2
RP23-132C19.1	Araf
DKEY-102F14.3	bbs2
CH211-159C12.2	bbip1
RP23-455E2.1	Sema6d
RP23-90O18.1	Ntng1
GS1-273L24.5	CMC4
RP11-395P17.4	SLC25A25
PRO0477	TACO1
RP11-98D18.8	TDRKH
UNQ1841/PRO3567	SPCS3
PP3051	EFHD1
RP11-470C13.2	RALGAPA2
RP4-738P15.5	ENTPD6
RP3-435D1.3	HS6ST2
RP11-475E11.6	CLCC1
RP5-1100H13.1	RALGAPB
RP1-198I9.1	FAM135A
RP3-482C21.2	LEMD2
RP11-270C18.1	NBEA
RP11-324J2.1	RSBN1
TCAG7.697	LANCL2
PSEC0061	ALG1
UNQ438/PRO871	CWC27
RP5-1187J4.1	CDK5RAP1
RP1-187J11.2	TRMT11
HT007	TMEM126B
RP11-47A8.2	SFXN2
SPBC4F6.06	kin1
AD025	PLGRKT
C1_02990C_A	XOG1
RP4-784N16.1	C20orf196
RP11-3J11.3	ACTL7A
CGI-13	GPR89B
RP11-10N16.1	IFNLR1
B0032	carA
B2181	yejG
B0042	fixB
B2988	gss
B0048	folA
B1566	flxA
B0088	murD
B0091	murC
B0154	hemL
B2980	glcC
B0172	frr
B2597	raiA
B1108	ycfP
B0291	ecpC
B2584	pka
B0387	yaiI
B0618	citC
B0408	secD
B1713	pheT
B0431	cyoB
B0600	ybdL
B0467	priC
B3357	crp
B2029	gnd
B0928	aspC
B4101	phnG
B3749	rbsA
B3374	frlD
B1421	trg
B3723	bglG
B0470	dnaX
B3361	fic
B2022	hisB
B0838	gstB
B3400	hslR
B3418	malT
B3021	mqsA
B3825	pldB
B3869	glnL
B1156	tfaE
B1836	yebV
B3261	fis
B0473	htpG
B2542	hcaD
B3481	nikR
B3185	rpmA
B2125	yehT
B0146	sfsA
B1324	tpx
B0119	yacL
B0687	seqA
B0779	uvrB
B2028	ugd
B0422	xseB
B2517	rlmN
B0095	ftsZ
B3811	xerC
B0064	araC
B1446	ydcY
B0902	pflA
B2729	hypD
B2990	hybG
B2086	yegS
B0720	gltA
B0099	mutT
B4153	frdB
B4517	gnsA
B0610	rnk
B0889	lrp
B0506	allR
B1658	purR
B1744	astE
B0464	acrR
B0796	ybiH
B0918	kdsB
B1013	rutR
B3783	rho
B0780	ybhK
B0477	gsk
B2369	evgA
B3868	glnG
B3982	nusG
B0599	ybdH
B4502	yeiW
B3386	rpe
B3806	cyaA
B0962	helD
B0640	holA
B0851	nfsA
B2456	eutN
B1176	minC
B0674	asnB
B2248	rhmR
B0037	caiC
B1786	yeaJ
B4081	mdtO
B2012	yeeD
B0684	fldA
B2698	recX
B3409	feoB
B4233	mpl
B0759	galE
B4379	yjjW
B0620	citB
B1831	proQ
B3229	sspA
B0731	mngA
B0794	ybhF
B0041	fixA
B3389	aroB
B0044	fixX
B0882	clpA
B2213	ada
B2496	hda
B3871	typA
B0948	rlmL
B1120	cobB
B0959	sxy
B1390	paaC
B3911	cpxA
B1399	paaX
B3329	gspH
B1827	kdgR
B2755	ygbT
B1968	yedV
B2460	eutQ
B0601	ybdM
B2340	sixA
B4501	torI
B0685	ybfE
B3753	rbsR
B2573	rpoE
B0884	infA
B0853	ybjN
B2646	ypjF
B0775	bioB
B0223	yafJ
B4496	yedS
DDB_G0287953	psmD1
DDB_G0275323	tipD
DDB_G0293752	psmD2
Y55B1AR.1	lec-6
F57F4.3	gfi-1
HHV2GP61	RL2
HHV2GP02	RL2
C4_06050W_A	MED3
C5_05500C_A	CTA24
RP23-24A13.10-001	Notch4
RP23-84C12.15-002	Aspscr1
UNQ2486/PRO5773	CDCP1
CR_04200W_A	YDJ1
C1_03300C_A	MAS1
C5_01640W_A	MAS2
C3_03810W_A	RAD53
C6_04040C_A	RVS167
C7_00020C_A	RVS161
C1_12730W_A	RVS162
HHV4_BKRF4	BKRF4
RP23-383D12.1	Rad54l
HHV8GK18_GP82	HHV8GK18_gp82
RP23-151A15.8	Txlna
YAL008W	FUN14
YIL087C	AIM19
RP11-350G8.2	ATP8B2
CELE_R53.6	psf-1
CELE_Y113G7B.24	CELE_Y113G7B.24
Y47D3B.10	dpy-18
T05E11.1	rps-5
K02B2.5	rps-25
K10B3.8	gpd-2
K10B3.7	gpd-3
CELE_Y65B4BR.8	psf-3
C42C1.14	rpl-34
CELE_Y24D9A.4	rpl-7A
C14B9.7	rpl-21
CELE_C01F6.8	icln-1
Y116A8C.42	snr-1
CELE_C32E8.2	rpl-13
CELE_F01F1.8	cct-6
F54A3.3	cct-3
CELE_Y106G6H.3	rpl-30
C27F2.5	vps-22
W02A11.2	vps-25
F35G2.4	phy-2
R07G3.1	cdc-42
CELE_C09B8.7	pak-1
R13A5.8	rpl-9
Y57G11C.16	rps-18
F36A2.6	rps-15
F11C3.3	unc-54
CELE_F09F7.2	mlc-3
R09E12.3	sti-1
W01B11.3	nol-5
CELE_K07C5.4	K07C5.4
CELE_F31C3.5	psf-2
F10B5.1	rpl-10
CELE_Y39B6A.2	pph-5
D1007.12	rpl-24.1
T07A9.11	rps-24
R02D3.5	fnta-1
F23B12.6	fntb-1
C44B12.5	perm-4
C44B12.1	perm-2
K12F2.1	myo-3
B0041.4	rpl-4
F44G3.6	skr-3
CELE_Y48G8AL.8	rpl-17
F20D12.4	czw-1
F55G1.4	rod-1
ZK863.3	elpc-3
Y110A7A.16	elpc-1
Y110A7A.14	pas-3
C16A3.9	rps-13
C26F1.4	rps-30
Y75B12B.5	cyn-3
F26E4.1	sur-6
C09H10.2	rpl-41
CELE_Y71F9AL.13	rpl-1
F52B5.6	rpl-25.2
F37C12.9	rps-14
CELE_F15E11.14	F15E11.14
CELE_Y19D10B.7	Y19D10B.7
C49H3.11	rps-2
CELE_Y47D3A.26	smc-3
CELE_H28O16.1	H28O16.1
C36E6.5	mlc-2
C36E6.3	mlc-1
C32F10.5	hmg-3
K08E4.1	spt-5
F59D8.2	vit-4
CELE_K07H8.6	vit-6
R06C7.10	myo-1
Y65B4A.3	vps-20
CELE_Y39G10AR.2	zwl-1
C04F6.1	vit-5
K09F5.2	vit-1
CELE_Y41E3.4	qars-1
CELE_F26F4.10	rars-1
Y48G9A.3	gcn-1
F42A10.1	abcf-3
CELE_C27A2.2	rpl-22
F35G12.8	smc-4
T04C12.5	act-2
CELE_K08E3.4	dbn-1
CELE_F45G2.10	F45G2.10
Y18D10A.9	Y18D10A.9
Y102A5A.1	cand-1
F56A11.1	gex-2
F28D1.10	gex-3
F23B2.4	daf-10
C27A7.4	che-11
T04A8.14	emb-5
C49F5.1	sams-1
CELE_C06E7.3	sams-4
CELE_C06E7.1	sams-3
F28F8.3	lsm-5
ZK593.7	lsm-7
F55D10.2	rpl-25.1
F37A4.8	isw-1
F46H6.1	rhi-1
R31.3	osm-6
C18H9.8	ift-74
B0464.7	baf-1
CELE_C15H9.6	hsp-3
C09D4.5	rpl-19
Y48B6A.2	rpl-43
Y56A3A.20	ccf-1
F57B9.2	let-711
F21H12.5	fbf-2
T20B12.8	hmg-4
CELE_F55A3.3	F55A3.3
ZC410.2	mppb-1
CELE_Y71G12B.24	mppa-1
ZK652.4	rpl-35
Y43B11AR.4	rps-4
T18D3.4	myo-2
T05F1.3	rps-19
T05H4.12	atp-4
C06H2.1	atp-5
F54D5.8	dnj-13
F55H2.2	vha-14
ZK970.4	vha-9
T22E5.5	mup-2
W10G6.3	mua-6
CELE_F10C1.2	ifb-1
ZC434.2	rps-7
CELE_W09C5.6	rpl-31
CELE_ZC395.10	ZC395.10
T05C3.5	dnj-19
Y75B12B.2	cyn-7
F41C6.1	unc-6
T01C3.7	fib-1
CELE_ZK637.7	lin-9
C01G10.8	C01G10.8
CELE_W01D2.1	W01D2.1
F53G12.10	rpl-7
F54D5.14	smc-6
C27A2.1	smc-5
T10F2.3	ulp-1
C47B2.3	tba-2
C36E8.5	tbb-2
F02E8.1	asb-2
T21E12.4	dhc-1
T03F6.5	lis-1
CC4.3	smu-1
Y49F6B.4	smu-2
RP23-440M18.5	Psmc3ip
SPBC1539.10	nop16
SPBC11G11.03	mrt4
SPBC17D1.06	dbp3
SPBC19F5.05C	ppp1
SPBP22H7.02C	SPBP22H7.02c
SPAC17H9.05	ebp2
SPAC16E8.06C	nop12
SPAC20G8.09C	nat10
SPAC959.03C	SPAC959.03c
SPAC513.01C	eft201
ZC395.8	ztf-8
RP23-67E18.6	Ngfr
HHV5WTGP126	UL135
RP5-894H24.1	TMEM9
C5_00340W_A	C5_00340W_A
CELE_F21H12.1	rbbp-5
D2021.1	utx-1
SPBP23A10.14C	ell1
SPCC1223.10C	eaf1
SPBC1A4.06C	tam41
SPCC297.04C	set7
RP23-81P12.1	Pes1
DAQB-109B10.1	HLA-DQA1
DADB-249P12.2	HLA-DQB1
YCL050C	APA1
YBR249C	ARO4
YGR088W	CTT1
YOR051C	ETT1
YOR099W	KTR1
YBR053C	YBR053C
YDR391C	YDR391C
YOL098C	YOL098C
YGR211W	ZPR1
YNL134C	YNL134C
YOL022C	TSR4
AT3G27120	AT3G27120
AT1G04650	AT1G04650
YCLWTY5-1	YCLWTy5-1
RP23-331P21.5	Tardbp
SPBC582.05C	brc1
SPBC1734.06	rhp18
UNQ9166/PRO28631	SHISA2
DLNB23	C2CD2L
RP11-509E16.1	EFR3B
RP11-422N19.2	RFK
CGI-140	WDR83OS
HSPC171	TMEM208
CELE_R01H10.5	R01H10.5
Y39B6A.40	Y39B6A.40
MCG_17007	Hist1h4a
RP11-166E2.2	DAOA
CELE_F38A6.3	hif-1
CELE_C25A11.4	ajm-1
CELE_C07G2.2	atf-7
CELE_T03E6.7	cpl-1
CELE_F42A10.2	nfm-1
CELE_F54D8.6	F54D8.6
CELE_F59C12.3	F59C12.3
CELE_C04D8.1	pac-1
CELE_F29G9.2	F29G9.2
CELE_F54E7.3	par-3
CELE_Y51H7C.6	cogc-4
T20G5.1	chc-1
ZK1127.10	cth-2
CELE_W09D10.1	W09D10.1
CELE_F27E11.3	cfz-2
T23G7.1	dpl-1
CELE_T02C5.1	T02C5.1
CELE_T07A9.9	T07A9.9
C09F12.1	clc-1
CELE_Y41D4B.19	npp-8
F11C7.4	crb-1
ZK1058.2	pat-3
Y39B6A.1	Y39B6A.1
CELE_F22B7.5	dnj-10
K05B2.3	ifa-4
CELE_C18D11.4	rsp-8
CELE_T20F5.6	T20F5.6
CELE_T04C9.6	frm-2
M163.4	gfi-3
F40E10.3	csq-1
F43E2.3	insc-1
CELE_C07E3.1	stip-1
F57B10.1	let-607
CELE_C32A3.3	rilp-1
CELE_T05G5.9	T05G5.9
CELE_K01A6.2	magi-1
C01B7.4	magu-2
CELE_Y37E3.11	Y37E3.11
R06B9.6	mig-14
CELE_T08G5.5	vps-39
CELE_W03D8.2	W03D8.2
CELE_F58B6.3	par-2
C02C2.1	tyr-1
CELE_B0464.5	spk-1
CELE_T07F8.3	gld-3
CELE_ZK381.5	prkl-1
CELE_F07A11.2	F07A11.2
ZC64.4	lim-4
CELE_R06F6.12	R06F6.12
CELE_Y92H12A.1	src-1
C08B11.5	sap-49
CELE_B0303.14	B0303.14
T23G11.2	gna-2
CELE_ZK370.3	hipr-1
CH242-247L10.4	TUBB1
CELE_B0303.7	B0303.7
CELE_T14G10.8	T14G10.8
C01F6.5	aly-1
C24G6.4	nhr-47
C02B4.2	nhr-17
F54E7.7	rcn-1
CELE_C02F4.2	tax-6
F46C8.5	ceh-14
C04F1.3	lim-7
CELE_F57C9.4	F57C9.4
CELE_C48G7.3	tag-333
T25G12.4	rab-6.2
C10G8.6	ceh-34
CELE_C13G3.3	pptr-2
F52D2.4	meg-3
CELE_C25A1.11	aha-1
CELE_C15C8.2	cky-1
C24H11.3	tbx-38
R01H2.6	ubc-18
CELE_C27A12.7	C27A12.7
C27A12.8	ari-1
C31C9.3	fbxa-167
CELE_R102.5	CELE_R102.5
CELE_C34E10.8	sumv-1
CELE_F47D12.3	F47D12.3
F54D10.3	F54D10.3
Y105C5B.19	Y105C5B.19
C46E10.5	fbxc-53
CELE_C47C12.3	ref-2
C47G2.2	unc-130
CELE_C53A5.6	C53A5.6
CELE_F55A12.10	F55A12.10
CELE_D1081.9	D1081.9
ZK1098.8	mut-7
CELE_F21C3.4	rde-2
F27E5.2	pax-3
CELE_Y62E10A.17	Y62E10A.17
CELE_F28C6.1	aptf-4
CELE_F28C6.2	aptf-3
CELE_Y32H12A.4	szy-2
CELE_F29F11.6	gsp-1
F31E3.1	ceh-20
F38H12.3	nhr-181
F43C1.4	nhr-20
F43D9.2	rab-33
CELE_H06I04.1	H06I04.1
F44B9.6	lin-36
CELE_T10E9.1	T10E9.1
CELE_Y113G7B.5	fog-2
CELE_ZK1248.11	ZK1248.11
Y46G5A.31	gsy-1
CELE_F56B6.4	gyg-1
CELE_K11D2.3	unc-101
Y60A3A.1	unc-51
K10D3.2	unc-14
CELE_M110.5	dab-1
CELE_R09H10.3	R09H10.3
CELE_ZC308.1	gld-2
CELE_R119.7	rnp-8
CELE_W03F9.2	CELE_W03F9.2
T22C8.5	sptf-2
Y53F4B.3	Y53F4B.3
CELE_T26A5.8	T26A5.8
T26A8.4	T26A8.4
CELE_Y53C12B.5	mab-3
Y53C10A.4	rga-2
ZK678.1	lin-15A
ZK673.3	lin-56
MCG_129875	Apob
YPL159C	PET20
SPCC1672.06C	asp1
SPCC584.01C	SPCC584.01c
AT5G55170	SUMO3
BSU22180	ypsB
SPR1823	pbp2a
SPR0332	spr0332
BSU23000	ypbE
BSU27300	yrrS
SPBP4H10.04	ppb1
AT3G23400	FIB4
AT4G27750	ISI1
AT5G65270	RABA4a
RP23-214D6.2	Trpv1
SPBC11B10.05C	rsp1
SPBC30B4.06C	SPBC30B4.06c
RP1-50O24.3	ZDHHC18
RP23-29H22.4	Rragc
RP23-109E24.7	Tfe3
RP23-360H6.3	Rragd
FP13191	FAM160B2
RP3-329L24.3	FAM184A
RP23-19L12.9	Cse1l
RP23-42F6.2	Galk1
RP23-439H2.1	Gnas
RP23-336D20.2	Krt10
RP23-309E16.6	P4ha2
RP23-80J21.2	Prkar1a
RP23-106K5.3	Ctps
RP23-307E15.2	Nudt5
RP24-236O3.1	Brd4
RP23-247I1.8	Mrto4
RP23-254N4.4	Lrrc47
RP23-293I3.7	Larp1
RP23-299A2.2	Slc25a12
RP23-378G22.1	Slc16a3
RP23-217I3.2	Krt15
RP23-300N21.1	Eif4g3
RP23-137L22.11-001	Sfn
RP23-94B13.1	Acin1
RP23-421E12.1	Acot7
SPCC16A11.14	sfh1
SPAC6G9.15C	SPAC6G9.15c
RV1468C	PE_PGRS29
UNQ713/PRO1376	TXNDC12
CGI-105	FAHD2A
RP11-395P17.2	PTGES2
RP11-6J24.4	AK3
LL22NC01-146D10.3	TST
RP23-247B13.6	Rasd1
RP11-178A10.1	LINC00839
RP11-190F19.1	NRAP
RP24-315O23.1	Hnrnpr
RP23-338J18.1	Ewsr1
RP11-66B24.1	ALDH1A3
VACWR180	A55R
RP24-180B11.2	Tubb5
BOS_8121	PPP2CA
RP11-343J3.9	C10orf35
HDCME31P	MS4A4A
PP2891	P2RY6
RP23-32O9.1	Trp53inp2
RP1-23D17.1	CNR1
RP23-19L12.6	Kcnb1
MCG_130134	1700021K19Rik
BOS_6997	RAB28
BOS_2158	PDE6D
BOS_3799	KCNJ13
BOS_3609	SLC2A1
BOS_2847	MEF2D
BOS_16943	VAC14
BOS_8876	GNAQ
BOS_7750	GNA11
GU280_GP04	E
GU280_GP05	M
RP11-298E9.1	PITRM1
RP11-30G24.1	SLC30A7
GU280_GP10	N
GU280_GP02	S
GU280_GP01_NSP1	nsp1
GU280_GP01_NSP10	nsp10
GU280_GP01_NSP12	nsp12
RP11-282O18.6	SBNO1
GU280_GP01_NSP13	nsp13
GU280_GP01_NSP14	nsp14
GU280_GP01_NSP15	nsp15
GU280_GP01_NSP2	nsp2
GU280_GP01_NSP4	nsp4
RP11-248G5.6	ALG11
GU280_GP01_NSP5	nsp5
GU280_GP01_NSP6	nsp6
RP11-443P11.3	SIGMAR1
GU280_GP01_NSP7	nsp7
GU280_GP01_NSP8	nsp8
GU280_GP01_NSP9	nsp9
GU280_GP11	ORF10
GU280_GP03	ORF3a
CTA-286B10.6	HMOX1
HSPC149	ALG5
GU280_GP06	ORF6
GU280_GP07	ORF7a
GU280_GP09	ORF8
RP11-484I6.4	KDELC1
RP11-31K22.2	UGGT2
UNQ299/PRO339	CHPF2
HDCGA21P	MREG
UNQ458/PRO783	LMBR1L
SARS-COV-2	S
SARS-COV-9A	N
SARS-COV-5	M
G128_GP02	S
RP11-191L9.4	LOC284930
SARS-COV-9B	ORF9b
SARS-COV-1AB-NSP3AB	nsp3ab
SARS-COV-1AB-NSP12AB	nsp12ab
SARS-COV-4	E
CGI-31	TMX2
SARS-COV-3A	ORF3a
SARS-COV-3B	ORF3b
SARS-COV-1AB-NSP10AB	nsp10ab
SARS-COV-1AB-NSP14AB	nsp14ab
SARS-COV-1AB-NSP16AB	nsp16ab
SARS-COV-8B	ORF8b
SARS-COV-6	ORF6
SARS-COV-1AB-NSP8AB	nsp8ab
SARS-COV-1AB-NSP2AB	nsp2ab
SARS-COV-1AB-NSP6AB	nsp6ab
SARS-COV-1A-NSP11A	nsp11a
SARS-COV-1AB-NSP5AB	nsp5ab
SARS-COV-1AB-NSP7AB	nsp7ab
SARS-COV-1AB-NSP9AB	nsp9ab
SARS-COV-1AB-NSP13AB	nsp13ab
SARS-COV-1AB-NSP1AB	nsp1ab
SARS-COV-7B	ORF7b
SARS-COV-14	ORF14
SARS-COV-8A	ORF8a
RP11-379P1.3	GOLM1
SARS-COV-1AB-NSP4AB	nsp4ab
SARS-COV-1AB-NSP15AB	nsp15ab
SARS-COV-7A	ORF7a
G128_GP01AB_NSP15	nsp15ab
SPCC1795.08C	vid21
SPBC660.08	SPBC660.08
SPAC458.05	pik3
SPBC119.07	ppk19
SPAC30C2.04	SPAC30C2.04
SPAC17A5.15C	gus1
SPBC17A3.04C	rar1
RP23-433P19.8	Pdia3
RP23-479K11.1	Erp44
RP23-147D3.3	Ndufs3
RP23-63D8.5	Atpif1
RP23-81G14.2	Dcaf7
AL583886.1	Myh9
RP23-89M15.6	Amigo1
MNCB-0091	Gabarapl1
RP23-28C17.3	Cyth1
RP23-147D3.9	Rapsn
RP23-280G3.1	Shisa6
RP11-182N22.6	FAM214B
PFI0280C	PFI0280c
PF10_0193	PF10_0193
GU280_GP01_NSP16	nsp16
UNQ867/PRO1884	TEX101
UNQ834/PRO1772	DPEP3
RP23-226P4.4	Grn
RP6-159A1.1	VSIG4
NAG14	LRRC4
GU280_GP08	ORF7b
UNQ240/PRO273	CXCL14
RP5-1187J4.9	BPIFB1
GU280_GP01_NSP3	nsp3
RP11-295P9.7	PRPF18
DADB-112B14.2	STK19
RP4-742J24.3	BTBD3
RP11-367H5.2	AIFM2
RP11-163F8.4	CNTLN
CGI-129	MPC1
RP1-295C6.1	MPC2
RP4-768P8.1	C1orf21
RP11-207C16.6	ERMP1
MY028	C14orf119
HSPC033	SPCS1
RP1-104A17.1	SMAP1
UNQ502/PRO474	HSD17B14
RP11-54O7.7	PLEKHN1
UNQ501/PRO1018	TMEM205
RP3-434P1.3	KDELR3
XX-FW88277B6.1	CT45A1
RP1-298J18.2	ALG13
HCC8	TTC23
RP3-337H4.2	LRRC73
RP11-175O19.2	SLIT1
UNQ774/PRO1568	TSPAN12
RP11-234G16.3	EBF3
MY016	BOLA2B
RP11-106H5.1	ZBTB34
RP13-24G8.3	PABPC5
RP4-803K15.1	BANF2
RP5-1009E24.4	HSPA12B
UNQ581/PRO1151	C1QTNF6
RP11-102M4.2	PPP3R2
HCG_1648308	MSGN1
CGI-36	THAP4
FKSG27	IRGQ
RP1-172B20.3	ENTHD1
GL011	RWDD2B
PRO3113	SYAP1
PRED44	FAM3B
UNQ1965/PRO4487	MSRB3
UNQ739/PRO1434	VWC2
RP1-142L7.6	FAM229B
RP1-193B12.10-001	HIST1H2BN
RP23-373N8.1	L1cam
G128_GP01AB_NSP3	nsp3ab
HHV5WTGP142	US11
MSTP087	LRP10
RP11-53I24.1	CRB1
RP11-189B4.6	LINC01198
UNQ698/PRO1343	SBSN
DAMC-258G8.6	C4A
RP11-800A3.4	P2RY2
RP11-337A23.1	CAAP1
PRO0685	SLC37A4
RP5-1074L1.3	SLC16A4
UNQ594/PRO1180	METTL7B
UNQ855/PRO1864	STARD3NL
RP11-373C9.3	GPR89A
CTA-984G1.4	RHBDD3
PSEC0260	ADPGK
UNQ168/PRO194	TMEM41A
UNQ1926/PRO4401	NETO2
UNQ433/PRO840	SGCE
RP11-196P14.1	ITM2B
RP11-216L13.10-005	PHPT1
PSEC0171	SUMF2
HSD49	ZDHHC3
UNQ1849/PRO3579	LCLAT1
RP1-12G14.8	GINM1
UNQ759/PRO1490	AGPAT3
RP11-487I5.5	SAMD8
UNQ1886/PRO4330	CRIM1
HUCEP-14	ITM2C
CGI-86	DHRS7
RP11-182N22.4	PIGO
PRO2290	FAM213A
UNQ891/PRO1906	CYP2S1
RP11-520M5.2	MFSD10
RP6-190D15.1	ZDHHC9
RP1-237C24.1	SLC23A2
UNQ6507/PRO23203	STEAP2
UNQ2545/PRO6097	SLC35F5
PSEC0028	LMAN2L
DC2	OSTC
TCAG7.842	DAGLB
MY046	ALG6
RP11-101E3.3	LRRC8A
HSPC233	NT5C3A
UNQ551/PRO1108	AGPAT6
UNQ2938/PRO28700	SCARA5
HTGN29	C5orf15
UNQ749/PRO1480	SEMA4B
PP14296	STRA6
HCG_1776007	RBFOX3
RP23-209M8.4	Clta
RP23-202N14.1	Abcb7
HPV5GP1	E6
HPV9GP1	E6
HPV32GP1	E6
FKSG78	GPR87
HPV9GP2	E7
HPV5GP2	E7
HPV32GP2	E7
RV0651	rplJ
RV0652	rplL
RP11-360L9.4	LOC102723729
RP13-128O4.2	IL13RA1
YGR012W	YGR012W
UNQ233/PRO266	SLITRK1
RP23-25C1.3	Kif17
AT4G15410	PUX5
AT1G63160	RFC2
AT1G77470	RFC3
AT5G48870	SAD1
AT2G24590	AT2G24590
AT1G13740	AFP2
AT4G16670	AT4G16670
DMEL_CG32767	CG32767
DMEL_CG8667	dimm
DMEL_CG10321	CG10321
DMEL_CG5069	croc
DMEL_CG1343	Sp1
DMEL_CG3629	Dll
DMEL_CG4820	CG4820
DMEL_CG10197	kn
DMEL_CG42702	Oaz
DMEL_CG18023	Eip78C
DMEL_CG43365	BtbVII
DMEL_CG10267	Zif
DMEL_CG10270	D19B
DMEL_CG31666	chinmo
DMEL_CG8567	Deaf1
DMEL_CG42332	Camta
DMEL_CG30020	CG30020
DMEL_CG1024	CG1024
DMEL_CG5557	sqz
DMEL_CG32474	dys
DMEL_CG1454	wdn
DMEL_CG15514	CG15514
DMEL_CG17958	Sry-delta
DMEL_CG9097	bab1
DMEL_CG32121	CG32121
DMEL_CG34376	CG34376
T12C9.1	nhr-273
T19B10.11	mxl-1
R03E9.1	mdl-1
CELE_R04B5.4	nhr-12
Y48A6C.3	sup-35
CELE_C01B7.1	ztf-12
F22A3.5	ceh-60
CELE_Y45G5AM.1	nhr-114
Y40B10A.8	nhr-86
F40G9.11	mxl-2
CELE_T20B12.6	mml-1
CELE_B0336.3	B0336.3
CELE_R03C1.3	cog-1
C17C3.8	hlh-26
T27A1.6	mab-9
F23F1.1	nfyc-1
Y39A3CR.6	hlh-33
CELE_ZC410.1	nhr-11
CELE_C41G7.5	ahr-1
T14F9.5	lin-32
ZK682.4	hlh-10
T15H9.3	hlh-6
C44C10.8	hnd-1
C43H6.8	hlh-15
C34E10.7	cnd-1
C18A3.8	hlh-14
C02B8.4	hlh-8
T05G5.2	hlh-4
T24B8.6	hlh-3
CELE_C45E1.1	nhr-64
RP11-73M7.7	BAI2
RP11-308B5.5	FAM122B
XX-FW83563B9.2	DNASE1L1
PP7059	ESRP2
CTA-437G10__B.1	MN1
HHV8GK18_GP65	vIRF-2
CTA-57G9.2	KREMEN1
PRO2207	PARL
HCG_1645499	DPY19L1
HSPC012	C1orf43
RP5-965G21.2	ABHD12
RP11-321N4.2	SNX14
UNQ3032/PRO9834	GRAMD1B
GL003	AAAS
HMFN0839	AGPAT9
LUCA11.2	TMEM115
UNQ9375/PRO34191	RDH10
RP11-287A8.1	SLC44A1
RP1-120G22.4	ICMT
RP11-115J22.3	TMEM245
HUSSY-28	ATP2C1
L10	TMED8
UNQ439/PRO872	RETSAT
RP11-302M6.1	LRRC8D
RP11-219P18.1	TMEM38B
PSEC0087	GPRC5C
RP11-72O9.3	SLC22A3
PP20300	SPNS1
RP11-89K14.1	SECISBP2
RP11-507D14.3	ZCCHC6
RP1-120G22.10	ACOT7
HCG_37762	ZMYM6NB
RP1-302G2.3	SLC35B2
PNAS-10	TMCO1
RP4-680N4.2	CDS2
HSPC202	ORMDL1
RP11-439F7.1	REEP3
RP5-1056L3.6	TMCO4
CGI-93	DHRS7B
HSPC160	ORMDL2
GU280_GP14	ORF14
LP5161	RUNDC1
UNQ712/PRO1375	TMEM9B
UNQ3024/PRO9822	PGAP1
UNQ582/PRO1152	TMEM161A
RP11-175D17.4	OLFML2A
RP11-83N9.4	QSOX2
RP11-351M8.1	MESDC2
UNQ656/PRO1287	CSGALNACT1
GL008	CHID1
PSEC0076	TTC13
RP11-422P22.2	KLHDC7A
RP11-270A6.1	MARC2
HYST1888	MTFR1L
RP3-402G11.12-004	TRABD
PSEC0198	ARMC10
RP4-782G3.2	ILDR2
TCAG7.573	LMBR1
UNQ606/PRO1192	MPZL2
PSEC0095	TMX4
DADB-220I18.4	ATF6B
RP11-56N19.4	MTHFR
RP11-99E24.1	PCDH19
RP3-467L1.1	CAMTA1
RES4-22	FAM193A
MSTP043	SNX25
HUSSY-02	ALG8
RP4-811H24.7	BSDC1
DADB-127H9.7	C6orf47
HCG_18235	DENND4B
RP11-93H12.1	GRID1
UNQ6413/PRO21207	LRRC8B
RP11-334J6.2	POMT1
CGI-146	DESI2
RP11-153I24.2	ABHD13
RP11-50D16.3	NHLRC3
UNQ1861/PRO3742	PODXL2
HCG_1651889	PRRT4
DAAP-218M18.8	AGPAT1
RP6-59H18.4	GRAMD4
RP11-331F9.7	ARHGEF39
RP3-405J24.2	FGD2
RP11-544M22.6	ARHGAP30
RP11-288L9.2	IFI6
XXBAC-BCX535A19.1	TTYH1
RP11-317M22.2	SLC22A2
RP11-162A23.1	ACADSB
DC47	MRPS36
RP11-23B15.3	C9orf156
UNQ9367/PRO34156	LRRC31
RP11-525G3.1	CD109
UNQ352/PRO615	SYNGR2
RP23-210M6.4	Nlrp3
C06G1.4	ain-1
CELE_F48F7.1	alg-1
CELE_ZK1067.1	let-23
CELE_JC8.6	lin-54
CELE_C46C2.1	wnk-1
CELE_Y59A8B.23	gck-3
F56A3.5	bro-1
B0414.2	rnt-1
CELE_B0041.2	ain-2
CELE_T07D3.7	alg-2
CELE_Y49E10.23	cccp-1
F53F10.4	unc-108
CELE_T19D7.4	rund-1
CELE_T19E7.2	skn-1
CELE_D2030.9	wdr-23
ZK945.9	lov-1
W09D6.6	hmt-1
CELE_F54A5.3	shc-1
CELE_K08A8.1	mek-1
CELE_Y51A2D.19	slo-1
CELE_F53B6.2	madd-4
CELE_C40C9.5	nlg-1
CELE_F11A10.4	mon-2
CELE_W10G6.2	sgk-1
CELE_Y71F9AM.4	cogc-3
CELE_H19N07.2	math-33
ZK1248.10	tbc-2
T23H2.5	rab-10
CELE_F44G4.8	dep-1
Y48B6A.3	xrn-2
CELE_R05D11.6	paxt-1
K08E7.3	let-99
CELE_M117.2	par-5
CELE_H39E23.1	par-1
F57B1.2	sun-1
CELE_ZK617.1	unc-22
CELE_K08F8.1	K08F8.1
CELE_Y119C1B.8	bet-1
F56C9.1	gsp-2
C34E10.3	gop-1
CELE_C18E9.3	szy-20
CELE_D2045.1	atx-2
ZK652.3	ufm-1
CELE_F38A5.1	F38A5.1
CELE_ZK1236.7	CELE_ZK1236.7
CELE_T21D12.9	sma-10
C32D5.2	sma-6
Y102A5C.18	efl-1
CELE_B0025.1	vps-34
CELE_T19E7.3	bec-1
CELE_C14F5.1	dct-1
F20G4.3	nmy-2
F26C11.2	unc-4
Y57G11C.13	arl-8
CELE_F59E12.11	F59E12.11
F14E5.4	acp-2
R186.5	shw-3
C40H1.1	cpb-1
C09G9.6	oma-1
C16C10.3	hrde-1
CELE_Y80D3A.2	emb-4
CELE_T27D12.2	clh-1
F31E3.5	eef-1A.1
CELE_F25D7.3	blmp-1
CELE_T07A9.5	eri-1
CELE_K08E3.7	pdr-1
C47E8.7	unc-112
C29F9.7	pat-4
CELE_Y38F2AR.1	eri-5
CELE_B0379.3	mut-16
CELE_F26A3.8	rrf-1
K09H11.3	rga-3
CELE_Y38A10A.6	smut-1
C53B7.1	rig-3
F58E6.1	sta-2
T25B6.7	snf-12
CELE_F20D12.1	csr-1
T21C9.1	mics-1
F54B3.3	atad-3
CELE_C07G1.4	wsp-1
CELE_T12G3.1	T12G3.1
T08A9.1	atg-11
F59E10.2	cyn-4
CELE_C48B6.6	smg-1
Y48G8AL.6	smg-2
CELE_K12F2.2	vab-8
CELE_C47D12.8	xpf-1
F10G8.7	ercc-1
C15A11.3	sol-1
CELE_Y95B8A.5	gpa-16
T04A8.15	him-18
F56A3.2	slx-1
ZC328.1	cuti-1
K07G5.1	crml-1
F43G6.9	patr-1
CELE_K11C4.5	unc-68
CELE_F54B11.3	unc-84
CELE_Y76A2B.1	pod-1
CELE_C30A5.7	unc-86
CELE_F01D4.6	mec-3
CELE_M03A1.1	vab-1
CELE_ZK377.2	sax-3
CELE_F23B12.8	bmk-1
CELE_F38B2.1	ifa-1
W06D12.3	fat-5
C31E10.7	cytb-5.1
C38D4.3	mel-28
W02D3.1	cytb-5.2
F10D2.9	fat-7
CELE_C18G1.4	pgl-3
F56F10.4	lgl-1
F30H5.1	unc-45
CELE_B0478.1	jnk-1
CELE_Y50D4C.1	unc-34
T27F6.4	sygl-1
C25G4.5	dpy-26
CELE_Y22D7AL.5	hsp-60
T27E4.8	hsp-16.1
C25D7.3	sdc-3
C35C5.1	sdc-2
R13G10.1	dpy-27
Y39A1B.3	dpy-28
M106.1	mix-1
F29D11.2	capg-1
CELE_Y110A7A.1	hcp-6
CELE_ZC8.4	lfi-1
Y73B6BL.19	shl-1
CELE_F21A10.1	ncs-4
CELE_R11A8.4	sir-2.1
CELE_C18E3.6	cas-2
CELE_K02E10.8	syg-1
C26G2.1	syg-2
Y73B6BL.7	csp-2
CELE_F08A8.1	acox-1
CELE_C44B9.1	vesa-1
T14F9.1	vha-15
CELE_F08A8.2	F08A8.2
T01C3.1	cdt-2
ZK858.1	gld-4
CELE_C36B1.8	gls-1
CELE_F25H5.1	lim-9
F26F4.7	nhl-2
F45E12.3	cul-4
M18.5	ddb-1
CELE_F35D2.5	syd-1
C44C8.6	mak-2
F47G4.2	gadr-6
CELE_Y71A12B.17	gadr-5
CELE_F15A2.6	sad-1
CELE_C43E11.6	nab-1
F28B12.3	vrk-1
F07C3.4	glo-4
C01B7.6	rpm-1
R119.6	taf-4
CELE_Y56A3A.4	taf-12
CELE_F09E8.7	lev-1
T08G11.5	unc-29
CELE_T27E9.1	ant-1.1
T04C12.4	act-3
H06O01.1	pdi-3
CELE_W04C9.1	haf-4
CELE_ZK484.2	haf-9
CELE_F12F3.1	exp-2
F09G8.9	mps-4
T14A8.1	ric-3
K03B8.9	deg-3
CELE_R107.4	ikke-1
CELE_F25G6.3	acr-16
CELE_T10A3.1	unc-10
CELE_F45E10.1	unc-53
T21G5.3	glh-1
CELE_C10G11.7	chdp-1
CELE_ZK381.1	him-3
T07A9.3	kgb-1
F59H5.1	F59H5.1
CELE_C15H11.3	nxf-1
Y47G6A.8	crn-1
F52E1.1	pos-1
R13F6.9	sma-3
CELE_K01G5.2	hpl-2
C03B8.4	lin-13
CELE_F53G12.5	mex-3
ZC404.8	spn-4
C38C10.4	gpr-2
CELE_F31D5.3	cpna-1
T21D12.4	pat-6
F56F11.3	klf-1
CELE_F20C5.2	klp-11
CELE_F08F8.3	kap-1
CELE_Y17G7B.15	cnt-1
Y47D3A.25	rab-35
D1037.4	rab-8
F25B3.1	ehbp-1
CELE_C15F1.3	tra-2
M01E5.6	sepa-1
Y39G10AR.10	epg-2
Y46G5A.10	cnp-2
CELE_R10E12.1	alx-1
K06A5.7	cdc-25.1
K10B2.1	lin-23
Y113G7B.17	prmt-1
CELE_ZK470.5	nck-1
C43F9.8	efn-2
CELE_F33E2.2	dlk-1
CELE_K01A11.4	spe-41
Y52B11A.1	spe-38
CELE_F11A1.3	daf-12
CELE_F07A11.6	din-1
CELE_F28H6.1	akt-2
CELE_C12D8.10	akt-1
F15A2.5	efn-3
F56A11.3	efn-4
F01F1.4	rabn-5
CELE_T24D11.1	tbc-4
CELE_F46H5.7	F46H5.7
Y63D3A.5	tfg-1
CELE_F29C12.1	pqn-32
CELE_F15C11.2	ubql-1
CELE_T04C10.2	epn-1
CELE_C02H7.3	aex-3
C23H4.1	cab-1
CELE_C28D4.2	cka-1
F56D2.7	ced-6
W10D5.1	mef-2
CELE_C10E2.3	hda-4
CELE_F33D4.2	itr-1
AH9.2	crn-4
C14A4.5	crn-5
R09F10.9	ced-13
CELE_C53B4.4	C53B4.4
CELE_C23H4.6	C23H4.6
B0464.8	tag-342
F16F9.2	dpy-6
CELE_F41E6.4	smk-1
CELE_ZC443.3	ZC443.3
T01E8.5	nrde-2
CELE_R144.6	R144.6
CELE_F59A2.6	F59A2.6
CELE_F20D12.7	F20D12.7
CELE_R10H10.3	R10H10.3
C25H3.11	C25H3.11
CELE_F15E11.12	F15E11.12
C01G6.5	C01G6.5
CELE_C32F10.1	obr-4
CELE_F10E7.6	F10E7.6
F09E5.17	bmy-1
H20J04.3	madf-3
Y116A8C.12	arf-6
C55B7.2	gly-2
C50B8.3	nuaf-1
C18C4.3	ugt-48
F41E6.6	tag-196
CELE_F27D4.4	CELE_F27D4.4
Y53C10A.12	hsf-1
CELE_ZK930.2	ZK930.2
CELE_K07F5.13	npp-1
CELE_R11H6.4	CELE_R11H6.4
T20B12.9	lgc-50
T02E9.3	dop-5
CELE_C48A7.1	egl-19
CELE_C28H8.3	C28H8.3
F01F1.7	ddx-23
E02H1.8	mrpl-53
T12G3.5	mrpl-51
K07A12.7	mrps-15
F56H1.5	ccpp-1
CELE_Y32H12A.8	Y32H12A.8
CELE_F12F6.5	srgp-1
CELE_K10B3.10	spc-1
CELE_F46C3.3	hum-4
F55A12.3	ppk-1
CELE_ZK524.2	unc-13
CELE_F42A10.4	efk-1
CELE_C05H8.1	ckk-1
K07A9.2	cmk-1
CELE_T04D3.3	pde-1
T01C8.7	mec-4
CELE_F14D12.4	mec-2
D2005.5	drh-3
CELE_F59C12.2	ser-1
CELE_Y39A3CR.1	smi-1
M7.1	let-70
W02A2.7	mex-5
Y71F9B.7	plk-2
C39E6.6	npr-1
ZC84.4	npr-29
CELE_Y55F3AM.13	Y55F3AM.13
F48C1.7	spe-11
CELE_C29E4.3	ran-2
ZK1320.7	ZK1320.7
CELE_K05C4.5	K05C4.5
C30G12.7	puf-8
CELE_F59E12.4	npl-4.1
Y32F6B.3	crp-1
T04A11.6	him-6
C03D6.6	lab-1
W02D3.8	smg-5
Y73B6A.4	smg-7
Y110A7A.3	unc-63
K08E3.6	cyk-4
F37D6.1	mus-101
CELE_T12F5.1	sld-2
CELE_F02E9.2	lin-28
CELE_F09E10.8	toca-1
CELE_EEED8.16	brap-2
CELE_F43C1.1	F43C1.1
Y34D9A.4	spd-1
CELE_H14N18.1	unc-23
CELE_Y54E5B.3	let-49
T09A5.6	mdt-10
K02B2.3	mcu-1
CELE_F55C10.1	cnb-1
CELE_Y56A3A.32	wah-1
B0414.6	glh-3
C55B7.1	glh-2
T12F5.3	glh-4
ZK177.6	fzy-1
F59B2.6	zif-1
CELE_C07A9.3	tlk-1
CELE_H42K12.1	pdk-1
Y50D7A.6	klp-20
Y41G9A.1	osm-5
CELE_F54C1.5	dyf-1
CELE_F46F6.4	dyf-6
F32A6.2	ift-81
T28F3.6	ifta-2
CELE_ZK520.3	dyf-2
CELE_M01A10.2	tom-1
W08G11.4	pptr-1
CELE_C24B5.2	spas-1
CELE_C44C1.4	vps-45
CELE_C32A3.1	sel-8
F11A5.10	glc-1
CELE_C26D10.5	eff-1
CELE_W01F3.1	W01F3.1
T01G9.3	dma-1
CELE_Y55F3BR.8	Y55F3BR.8
F10G8.3	rae-1
CELE_C37A2.4	cye-1
K03E5.3	cdk-2
CELE_F16A11.3	ppfr-1
Y110A7A.20	ift-20
C46A5.9	hcf-1
T07A9.6	daf-18
CELE_K08D10.3	rnp-3
H20J04.8	mog-2
CELE_C43G2.2	bicd-1
CELE_F52C9.7	mog-3
CELE_C26E6.7	eri-9
CELE_T06A10.3	T06A10.3
CELE_B0001.2	B0001.2
F10B5.7	rrf-3
W09B6.3	eri-3
CELE_T23G7.5	pir-1
CELE_F36H1.4	lin-3
Y39B6A.16	Y39B6A.16
CELE_K02B12.8	zhp-3
B0414.5	cpb-3
CELE_C05C8.9	hyls-1
W02D3.3	mec-6
F16F9.5	mec-10
CELE_W07A8.3	dnj-25
CELE_F28C1.2	egl-10
F52A8.2	gpb-2
Y47D7A.1	skr-7
C52D10.9	skr-8
Y105C5B.13	skr-10
C52D10.7	skr-9
Y113G7B.4	ftr-1
M01D7.6	emr-1
M01B12.3	arx-7
C35D10.16	arx-6
Y37D8A.1	arx-5
Y6D11A.2	arx-4
K07C5.1	arx-2
Y71F9AL.16	arx-1
CELE_F08A8.3	F08A8.3
T09E8.3	cni-1
C18D1.4	stg-1
CELE_B0410.2	vang-1
F30A10.6	sac-1
CELE_M02B7.5	M02B7.5
CELE_B0034.3	casy-1
F54C8.5	rheb-1
CELE_C14A11.3	cgef-1
K11E4.3	poml-1
Y75B8A.17	gmn-1
F56D1.7	daz-1
CELE_Y37E11AR.6	vab-2
F40E10.4	slt-1
CELE_F32A7.3	eva-1
F26A3.3	ego-1
F22D6.6	ekl-1
CELE_F15E11.13	F15E11.13
CELE_F15E11.1	F15E11.1
CELE_T06E6.2	cyb-3
T14G8.1	chd-3
CELE_T14E8.1	svh-2
CELE_K11D12.10	mlk-1
ZC247.3	lin-11
CELE_R07D5.1	unc-7
R12H7.1	unc-9
C29F5.4	mps-1
CELE_C53C9.3	kvs-1
CELE_T01C3.8	mut-15
C14C11.6	mut-14
Y18D10A.17	car-1
F46F11.2	cey-2
M01E11.5	cey-3
Y39A1C.3	cey-4
CELE_Y73B6BL.6	sqd-1
R13F6.10	cra-1
CELE_C44B7.10	C44B7.10
T06A4.2	mps-3
CELE_Y43F8B.4	phy-4
Y73B6BL.2	htp-2
T14B1.2	aex-2
CELE_Y74C9A.2	nlp-40
T12D8.4	arrd-17
C14B1.4	wdr-5.1
F16B4.8	cdc-25.2
W09B12.1	ace-1
K04B12.1	plx-2
CELE_Y71G12B.20	mab-20
CELE_K05F1.5	K05F1.5
CELE_ZK632.13	lin-52
C06A5.11	sir-2.4
K08F4.2	gtbp-1
CELE_B0261.2	let-363
CELE_F29C12.3	rict-1
CELE_C10C5.6	daf-15
CELE_C18A3.6	rab-3
CELE_T13B5.8	sut-1
K03D3.10	rac-2
CELE_F44C4.4	gon-14
CELE_F46B6.3	smg-4
CELE_Y73B6BL.18	smg-3
CELE_C51E3.7	egl-3
F21F3.5	unc-38
CELE_T26H10.1	des-2
C24H11.9	mdt-21
F56A3.1	fncm-1
C54H2.5	sft-4
CELE_C42D8.2	vit-2
Y39C12A.1	Y39C12A.1
F19H6.1	nekl-3
CELE_F18A1.6	F18A1.6
CELE_R144.5	R144.5
R04F11.1	hpo-30
C11D9.1	tiam-1
C03C11.2	fog-3
F26H9.1	prom-1
CELE_T23F11.1	ppm-2
CELE_K04F10.6	mut-2
T02H6.2	thoc-1
CELE_Y41C4A.4	crh-1
C10H11.9	let-502
CELE_C34B4.1	max-1
CELE_B0273.4	unc-5
CELE_R11A5.1	apb-3
K11G9.4	egl-46
CELE_F28B12.2	egl-44
F53G12.1	rab-11.1
ZK1248.16	lec-5
C33D3.1	elt-2
Y49E10.1	rpt-6
CELE_W02C12.3	hlh-30
CELE_F59F5.2	glo-3
Y48D7A.2	flp-18
CELE_Y58G8A.4	npr-5
CELE_C16D6.2	npr-4
C26F1.10	flp-21
CELE_W07E11.3	flp-2
CELE_T19F4.1	frpr-18
ZK525.1	flp-15
C10C6.2	npr-3
CELE_F21A3.5	prde-1
W01A8.5	tofu-5
CELE_F57C9.7	tofu-4
CELE_F32H2.1	gei-11
CELE_Y34D9B.1	mig-1
D2096.8	nap-1
R05D3.11	met-2
CELE_B0336.5	B0336.5
CELE_Y71G12B.9	lin-65
CELE_C10C6.1	kin-4
CELE_C16A3.1	C16A3.1
CELE_Y67D8C.5	eel-1
CELE_K04G7.3	ogt-1
CELE_R05G6.7	vdac-1
CELE_F47G6.4	spe-15
F44D12.4	gipc-2
C35D10.2	gipc-1
ZK1248.14	fzo-1
CELE_C33B4.3	shn-1
C14B1.1	pdi-1
K05F1.2	msp-142
F39B2.10	dnj-12
CELE_F34D10.2	evl-18
F32D1.10	mcm-7
CELE_Y54G2A.25	lad-2
CELE_Y57G11C.10	gdi-1
CELE_F35G12.11	F35G12.11
Y23H5A.3	Y23H5A.3
CELE_F18A1.8	pid-1
CELE_C35D10.13	C35D10.13
F13E6.6	rhgf-1
F18G5.3	gpa-12
CELE_C49G9.1	C49G9.1
F42G8.5	islo-1
C30B5.5	daf-37
Y105C5A.23	daf-38
CELE_F54F2.2	zfp-1
CELE_Y39G10AR.18	CELE_Y39G10AR.18
CELE_K03E6.5	unc-1
VF11C1L.1	ppk-3
CELE_Y43F4B.7	Y43F4B.7
F55C5.5	tsfm-1
Y71H2AM.23	tufm-1
C43E11.4	tufm-2
B0218.3	pmk-1
ZK593.8	fic-1
C36H8.2	inx-6
F25H2.5	ndk-1
CELE_T15H9.2	T15H9.2
T16H12.11	hal-2
T12A2.8	gen-1
F54F2.1	pat-2
CELE_F20B6.8	hpk-1
CELE_C12D8.1	CELE_C12D8.1
T01G1.3	sec-31
CELE_Y105E8B.1	lev-11
CELE_C08F8.2	CELE_C08F8.2
T06E4.1	hcp-2
CELE_F56D3.1	F56D3.1
CELE_Y44E3A.4	Y44E3A.4
CELE_Y43F8C.6	CELE_Y43F8C.6
CELE_F10E9.3	F10E9.3
CELE_F26H11.2	nurf-1
CELE_F41H10.3	F41H10.3
CELE_R144.2	pcf-11
CELE_Y77E11A.2	Y77E11A.2
CELE_F10D7.5	F10D7.5
CELE_M01E11.7	tag-163
CELE_Y57A10A.18	pqn-87
Y106G6D.7	Y106G6D.7
CELE_W01A8.1	mdt-28
T10C6.11	his-4
F45F2.12	his-8
K06C4.4	his-20
K06C4.12	his-22
F07B7.4	his-52
F07B7.11	his-54
R08C7.3	htz-1
ZK131.5	his-11
ZK131.9	his-15
F35H10.11	his-29
F17E9.9	his-34
F08G2.1	his-44
T10C6.12	his-3
F45F2.4	his-7
ZK131.6	his-12
ZK131.10	his-16
K06C4.11	his-19
K06C4.3	his-21
F35H10.1	his-30
F17E9.13	his-33
F08G2.2	his-43
B0035.7	his-47
F07B7.10	his-51
F07B7.3	his-53
CELE_F54E12.5	his-57
F55G1.10	his-61
H02I12.7	his-65
T23D8.6	his-68
CELE_T11F9.4	aat-6
CELE_Y39G8C.3	bkip-1
CELE_T04D1.3	unc-57
CELE_JC8.10	unc-26
CELE_F46F6.1	rme-4
CELE_K10C8.3	K10C8.3
F23C8.6	did-2
C56C10.3	vps-32.1
CELE_Y71H2AM.19	laf-1
CELE_C05C10.6	ufd-3
CELE_ZK1151.1	vab-10
CELE_C09F5.2	orai-1
CELE_Y55B1BM.1	stim-1
RP11-255E17.1	ARHGAP29
RP5-1049G16.1	SULF2
CGI-85	SUV420H1
RP11-611L7.1	ZNF316
RP11-473A10.1	ARHGEF10L
RP3-509I19.3	ECT2L
RP4-686B20.1	AK4
HSPC199	GATB
RP11-504H3.1	MGME1
BM-043	PNPLA8
RP11-74J13.3	MTRF1
CELE_F32A7.5	CELE_F32A7.5
D2030.6	prg-1
DMEL_CG42787	CG42787
DMEL_CG15101	Jheh1
DMEL_CG3333	Nop60B
DMEL_CG10840	eIF5B
DMEL_CG2995	G9a
DMEL_CG11448	CG11448
DMEL_CG7891	Gie
DMEL_CG14779	pck
DMEL_CG43780	CG43780
DMEL_CG43934	Hr4
DMEL_CG12125	CG12125
DMEL_CG4590	Inx2
DMEL_CG1448	Inx3
DMEL_CG32135	Nxf3
DMEL_CG13741	CG13741
DMEL_CG31803	CG31803
DMEL_CG32392	CG32392
DMEL_CG7184	Mkrn1
DMEL_CG3903	Gli
DMEL_CG1763	nod
DMEL_CG6157	dah
DMEL_CG5830	CG5830
DMEL_CG9172	CG9172
DMEL_CG7740	prominin-like
DMEL_CG33052	CG33052
DMEL_CG33138	AGBE
DMEL_CG4900	Irp-1A
DMEL_CG1458	CG1458
DMEL_CG5169	GckIII
DMEL_CG6963	gish
DMEL_CG10880	CG10880
DMEL_CG17540	Spf45
DMEL_CG8270	CG8270
DMEL_CG14016	tomb
DMEL_CG2075	aly
DMEL_CG17952	LBR
DMEL_CG12006	CG12006
DMEL_CG3615	Atg9
DMEL_CG42236	RanBPM
DMEL_CG4698	Wnt4
DMEL_CG5694	CG5694
DMEL_CG17295	Rcd4
DMEL_CG17098	CG17098
DMEL_CG6169	Dcp2
DMEL_CG5458	CG5458
DMEL_CG9305	CG9305
DMEL_CG13277	LSm7
DMEL_CG5711	Arr1
DMEL_CG8889	Mppe
DMEL_CG14781	mei-38
DMEL_CG12775	RpL21
DMEL_CG5874	Nelf-A
DMEL_CG2183	Gasz
DMEL_CG6120	Tsp96F
DMEL_CG8224	babo
DMEL_CG1916	Wnt2
DMEL_CG11489	srpk79D
DMEL_CG5450	Cdlc2
DMEL_CG17579	sca
DMEL_CG4688	GstE14
DMEL_CR43030	mir-252
DMEL_CR42977	mir-10
DMEL_CR43001	mir-276a
DMEL_CR43015	mir-279
DMEL_CG11982	CG11982
DMEL_CG3322	LanB2
DMEL_CG8425	Jhe
DMEL_CG3776	CG3776
DMEL_CG15102	Jheh2
DMEL_CG15105	tn
DMEL_CG4843	Tm2
DMEL_CG13493	comr
DMEL_CG9985	sktl
DMEL_CG10080	mahj
DMEL_CG8484	topi
DMEL_CG33677	LSm-4
DMEL_CG4254	tsr
DMEL_CG6821	Lsp1gamma
DMEL_CG2988	ems
DMEL_CG1897	Dr
DMEL_CG33152	hbn
DMEL_CG6198	CHORD
DMEL_CG10034	tj
DMEL_CG14025	Bsg25D
DMEL_CG10014	CG10014
DMEL_CG7946	CG7946
DMEL_CG31453	pch2
DMEL_CG44159	Irk1
DMEL_CG33931	Rpp20
DMEL_CG14353	CG14353
DMEL_CG18472	CG18472
DMEL_CG9666	CG9666
DMEL_CG12975	CG12975
DMEL_CG3361	mrt
DMEL_CG9907	para
DMEL_CG8383	Pnn
DMEL_CG6808	CG6808
DMEL_CG7769	pic
DMEL_CG15887	CG15887
DMEL_CG9591	omd
DMEL_CG2843	Cwc25
DMEL_CG7807	TfAP-2
DMEL_CG6995	Saf-B
DMEL_CG5836	SF1
DMEL_CG5977	spas
DMEL_CG42314	PMCA
DMEL_CG30092	jbug
G128_GP03	ORF3
G128_GP05	ORF4b
RP4-682C21.1	ACADM
LL22NC01-146D10.4	MPST
DADB-100D22.4	HSD17B8
RP4-568C11.1	ACSS1
RP11-134O15.1	CLYBL
UNQ419/PRO853	DHRS13
RP24-189G18.1	Rnf183
RP23-375B1.1	Igf2bp1
RP23-442G9.4	Fubp3
AT4G25030	AT4G25030
AT1G30580	AT1G30580
AT5G45410	AT5G45410
AT4G34050	CCoAOMT1
AT4G11850	PLDGAMMA1
AT5G06320	NHL3
AT5G49910	CPHSC70-2EAT SHOCK PROTEIN 70-2
ARTHCP030	rbcL
RP11-61L14.4	CHRNB2
PNAS-24	HMGN3
RP23-396N8.1	Trib3
GU280_GP12_NSP11	nsp11
HCG_1994695	LOC100133669
RP3-486I3.1	NT5DC1
RP23-388J20.1	Flrt3
RP23-284L6.4	Fndc5
RP23-111F12.3	Itgav
HHV5WTGP049	UL45
HHV5WTGP052	UL48
RP23-271B15.1	Nr4a2
RP11-318L16.3	LINC00467
RP23-329P19.1	Usp1
RP3-402G11.13-002	MOV10L1
DADB-141O4.5	CDSN
CGI-131	MSRB2
RP23-368M21.2	Rae1
AT5G62440	AT5G62440
RP24-407G18.1	Cnr1
BOS_24950	ADRBK1
YKR070W	YKR070W
YER014W	HEM14
YKL106W	AAT1
YPR001W	CIT3
YGR125W	YGR125W
YOL065C	INP54
YMR265C	YMR265C
YFR039C	OSW7
YNL181W	YNL181W
YML128C	MSC1
YOL053W	AIM39
YNR030W	ALG12
YDR019C	GCV1
YNL202W	SPS19
YMR295C	YMR295C
YPR063C	YPR063C
YBR042C	CST26
YPR097W	YPR097W
YDR513W	GRX2
YGR157W	CHO2
YBR235W	VHC1
YKR009C	FOX2
RP11-48C7.1	NSMF
RP1-170O19.3	HOTTIP
RP11-344H11.3	KDF1
AC108456.1	DNAJC24
RP11-707M3.3	PDE7A
YLR327C	TMA10
YHL013C	OTU2
YCR087C-A	YCR087C-A
YPL123C	RNY1
RP11-244M2.1	LINC00669
RP11-229P13.8	ABCA2
UNQ630/PRO1246	ARSK
RP1-272L16.3	LAMB3
UNQ597/PRO1183	PCYOX1
FKSG10	GSDMD
RP11-441L11.1	LINC00624
YER180C	ISC10
RP11-196G18.6	HIST2H2BF
RP11-199F6.8	LINC00452
RP23-319N7.1	Psmd12
RP11-294H11.2	AIM1
GIG39	FAM129A
PP1596	RAB4B
PSEC0251	XXYLT1
CTA-223H9.6	TEF
YIL041W	GVP36
UNQ583/PRO1153	SHISA4
RP11-229A19.4	VTCN1
C4_01770W_A	POL30
RP23-392I3.9	Acly
RP1-140A9.2	CALML6
JM27	PAGE4
HCG_23000	FAM47E
RP1-63P18.1	ZNF684
UNQ2429/PRO4989	LRRC20
RP11-33E12.1	SYDE2
DADB-129D20.8	ATAT1
RP5-885L7.2	OGFR
CR769776.1	ANKRD20A4
RP11-12J10.2	FAM53B
HCG_25336	BROX
RP1-93P18.1	IFFO2
UNQ6114	EPHA6
RP11-244H3.3	ZMYM6
RP4-769N13.3	ARMCX5
RP5-1103G7.8	NRSN2
RP11-93B10.1	SPIN4
UNQ5813	TTC14
DAAP-210H10.1	MICB
MSTP080	MCOLN1
RP11-258C19.1	IQSEC2
RP4-620E11.3	LPIN3
RP11-23E3.3	DZIP1
CGI-81	METTL9
RP11-342A17.1	AGBL4
UNQ218/PRO244	CLEC4E
PP1009	CORO6
RP11-91A18.3	KTI12
RP23-311B24.4	Psip1
HCG_1641111	NEURL3
RP23-12H6.2	Atg13
RP11-351K16.6	RMND1
RP11-68I18.4	TNFAIP8L2
CH211-149P5.2	mdm2
RP23-55I2.3	Usp22
MSTP079	SLC40A1
RP11-12J10.1	LHPP
RP11-544A12.2	AIF1L
PRO1851	ITIH4
RP11-57C13.1	MINPP1
UNQ776/PRO1570	TMPRSS4
UNQ257/PRO294	COCH
XX-FW81657B9.3	PLXNA3
RP3-467K16.3	EFHD2
RP11-139H14.1	LCP1
G128_GP01AB_NSP5	nsp5ab
RP23-304G12.1	Hsf2bp
RP4-697K14.13-004	PPDPF
RP11-227F8.1	OLFML2B
UNQ3059/PRO9879	TMIGD2
HHV1GP019	UL12
HHV1GP061	UL42
CELE_R11E3.6	eor-1
CELE_C44H4.7	eor-2
HHV5WTGP165	TRS1
RP1-14N1.3	FLG2
FKSG9	GSDMA
UNQ636/PRO1265	IL4I1
AT5G16850	TERT
AT2G32080	PUR ALPHA-1
AT1G09270	IMPA-4
C1_12650C_A	C1_12650C_A
C5_00560W_A	C5_00560W_A
AT1G20220	AT1G20220
AT3G02540	RAD23C
AT5G38470	RAD23D
AT5G27120	AT5G27120
AT3G18580	AT3G18580
AT5G35680	AT5G35680
AT2G04520	AT2G04520
AT5G27720	emb1644
AT4G24190	SHD
AT5G02050	AT5G02050
AT1G80720	AT1G80720
AT3G59020	AT3G59020
AT5G12980	AT5G12980
AT3G22660	AT3G22660
AT5G52470	FIB1
AT3G12210	AT3G12210
AT5G11060	KNAT4
AT1G69840	AT1G69840
AT5G51570	AT5G51570
AT4G33945	AT4G33945
AT3G51800	ATG2
AT4G29190	AT4G29190
AT3G12560	TRFL9
AT1G07540	TRFL2
AT1G14410	WHY1
AT4G11060	MTSSB
AT3G18035	HON4
AT1G74560	NRP1
AT1G18800	NRP2
AT1G67930	AT1G67930
AT2G16280	KCS9
AT1G67730	KCR1
AT3G55360	CER10
RP11-4M23.1	CNR2
RP11-459F1.1	T
RP11-110L1.1	SLC31A1
UNQ598	ZDHHC11
SPCC790.03	rbd2
RP5-845O24.1	PRAMEF2
DMEL_CG1528	gammaCOP
DMEL_CG8287	Rab8
DMEL_CG17060	Rab10
VACWR034	K3L
SPAC6F12.03C	fsv1
SPCC777.13	vps35
SPBC24C6.08C	bhd1
SPAC30C2.07	SPAC30C2.07
SPAC637.05C	vma2
SPAC6B12.08	mug185
SPAC17C9.12	scs22
SPBC16G5.05C	scs2
SPAC4F10.02	aap1
SPAC513.05	ams1
SPAC8C9.19	SPAC8C9.19
SPBC28F2.06C	mdm12
SPAC4D7.15	new12
SPBC32F12.16	gem7
SPBC16H5.15	SPBC16H5.15
SPCPB16A4.02C	SPCPB16A4.02c
SPAC19G12.14	its3
RP23-297J14.6	Fnip1
RP23-330O24.1	Ace2
RP5-885L7.6	COL9A3
C38D4.4	C38D4.4
CELE_F58G11.3	F58G11.3
YGR223C	HSV2
HHV4_BZLF1	BZLF1
YIL090W	ICE2
UNQ2488/PRO5775	PLD4
YLR053C	YLR053C
DN-358O3.1	Trim45
RP11-165A20.2	ENKUR
YGR066C	YGR066C
CGI-94	UTP11L
HSD38	ISG20L2
DMEL_CG32210	l(3)76BDr
RP11-82K18.3	CCBL2
RP11-128N14.1	MBNL2
RP3-395M20.4	PANK4
LL22NC03-65D1.1	TBC1D22A
LL22NC03-5H6.5	TTC38
RP11-229P13.18	UAP1L1
RP4-591C20.1	UCKL1
RP11-214N16.1	GCNT1
UNQ552/PRO1109	B4GALT4
CTA-445C9.10-003	TPST2
AD-017	GLT8D1
UNQ2573/PRO6308	CASC4
RP11-169K16.1	PLEKHM2
RP11-432M24.1	ARL11
CGI-90	RMDN1
SPCC1840.02C	bgs4
SPBC30D10.17C	smi1
RP11-481A12.1	MSMB
YDR518W	EUG1
PRED79	PDXK
HCG_1799183	FSIP2
AT2G44745	AT2G44745
YGR031W	IMO32
YOR239W	ABP140
HHV5WTGP118	UL145
G128_GP08	M
G128_GP07	E
RP23-17P12.4	Eng
RP23-261L3.4	Fbxo3
RP23-382C19.6	Arl4d
G128_GP09	N
SARS-COV-1A-NSP7A	nsp7a
SARS-COV-1A-NSP8A	nsp8a
SARS-COV-1A-NSP10A	nsp10a
HHV8GK18_GP19	ORF16
RP23-98K7.1	Msn
RP23-19L22.1	Actr2
RP23-403F3.1	Bicd1
RP11-640M9.1	LINC00623
RP1-43O17.3	C1orf68
RP5-886K2.5	LYPLA2
RP11-248G5.5	NEK3
RP11-401M16.1	CAMK2N1
GU280_GP01	ORF1ab
UNQ787/PRO1606	BPIFA1
RP23-213O8.2	Cdkl5
RP23-4L24.1	Dab2ip
AC167658.1	Erbb4
RP23-217I22.2	Frmpd4
RP23-100C5.8	Lzts3
VACWR059	E3L
RP11-77I22.3	LINC00941
YML050W	AIM32
HCG_1811879	DNAH10
RP23-211O9.1	Dbn1
RP23-119N4.1	Atp5c1
RP23-391M18.1	Dpm1
RP23-84C12.2	P4hb
RP23-186B18.3	Stom
RP23-20A6.5	Idh3b
RP23-16P3.4	Rps21
RP23-457P12.3	Alg2
FKSG1	GNB1L
SPAC29B12.03	spd1
UNQ5811	MICALL2
RP5-894A10.5	WEE2-AS1
RP11-480G1.1	SIAH3
RP23-232D1.5	Elp4
RP23-172M21.15-001	Elp5
HCG_2038918	IGHV1-24
RP23-458A23.2	Cbx4
RP23-476N7.1	Las1l
RP23-42P20.4	Pelp1
RP23-422L16.11-003	Senp3
CITF22-49E9.1	PIM3
RP23-239L21.4	Pclo
YFR023W	PES4
HCG_1815491	CRNDE
AT5G18230	AT5G18230
AT1G13020	EIF4B2
AT5G03040	iqd2
AT3G20250	PUM5
AT4G39680	AT4G39680
AT5G11710	AT5G11710
AT5G05970	NEDD1
AT5G18610	AT5G18610
AT1G30320	AT1G30320
AT1G16860	AT1G16860
YDL128W	VCX1
YOR118W	RTC5
AT2G47470	UNE5
AT1G56340	CRT1a
AT3G13670	AT3G13670
AT1G01120	KCS1
AT2G18300	AT2G18300
BOS_26347	ACE2
YNL190W	YNL190W
YOL155C	HPF1
TCAG7.1238	HOXA11-AS
AT1G70520	CRK2
AT1G54000	AT1G54000
AT1G54010	AT1G54010
RP11-169D4.1	LINC01537
AT5G57710	AT5G57710
AT4G37910	mtHsc70-1
AT5G48030	GFA2
AT5G42950	AT5G42950
AT2G45980	AT2G45980
AT4G00355	AT4G00355
AT2G32560	AT2G32560
AT5G25440	AT5G25440
RP11-305N23.1	USP2-AS1
RP11-346D6.6	LINC01468
RP11-347I22.1	CCDC3
PNAS-124	C18orf21
RCJMB04_20B9	EPRS
AT5G54661	AT5G54661
AT1G10180	AT1G10180
AT2G03070	MED8
AT2G43410	FPA
SPBC12C2.08	dnm1
SPCC24B10.10C	yta4
SPBC11G11.01	fis1
SPAC664.15	caf4
HHV3_GP72	ORF62
RP1-177G6.2	LINC00632
RP11-257K9.5	KCNQ5
RP1-130G2.2	MBOAT1
HCG_40738	TET3
UNQ1969	ZDHHC15
RP23-414J22.4	Pja1
YML002W	YML002W
YKR078W	YKR078W
RP11-165M6.1	LINC00460
RP5-1022P6.2	GPCPD1
R0010W	FLP1
R0040C	REP2
YAL015C	NTG1
YAL018C	LDS1
YAL022C	FUN26
YAL058W	CNE1
YAL063C	FLO9
YAL064C-A	TDA8
YAL067C	SEO1
YAL068C	PAU8
YAR020C	PAU7
YAR023C	DFP1
YAR029W	DFP2
YAR031W	PRM9
YAR073W	IMD1
YBL001C	ECM15
YBL005W	PDR3
YBL009W	ALK2
YBL013W	FMT1
YBL039W-B	MIN6
YBL040C	ERD2
YBL043W	ECM13
YBL048W	RRT1
YBL049W	MOH1
YBL054W	TOD6
YBL069W	AST1
YBL082C	ALG3
YBL086C	HOI1
YBL091C	MAP2
YBL091C-A	SCS22
YBL095W	MRX3
YBL098W	BNA4
YBL106C	SRO77
YBR001C	NTH2
YBR007C	DSF2
YBR008C	FLR1
YBR014C	GRX7
YBR018C	GAL7
YBR019C	GAL10
YBR021W	FUR4
YBR026C	ETR1
YBR033W	EDS1
YBR035C	PDX3
YBR040W	FIG1
YBR043C	QDR3
YBR046C	ZTA1
YBR047W	FMP23
YBR054W	YRO2
YBR056W	MRX18
YBR056W-A	MNC1
YBR063C	CNM1
YBR067C	TIP1
YBR074W	PFF1
YBR076W	ECM8
YBR085W	AAC3
YBR092C	PHO3
YBR111C	YSA1
YBR115C	LYS2
YBR126W-A	MEO1
YBR132C	AGP2
YBR141C	BMT2
YBR145W	ADH5
YBR147W	RTC2
YBR148W	YSW1
YBR151W	APD1
YBR157C	ICS2
YBR162W-A	YSY6
YBR163W	EXO5
YBR165W	UBS1
YBR180W	DTR1
YBR183W	YPC1
YBR187W	GDT1
YBR199W	KTR4
YBR203W	COS111
YBR204C	LDH1
YBR208C	DUR12
YBR210W	ERV15
YBR213W	MET8
YBR230W-A	COQ21
YBR241C	VVS1
YBR246W	RRT2
YBR248C	HIS7
YBR250W	SPO23
YBR252W	DUT1
YBR261C	TAE1
YBR266C	SLM6
YBR271W	EFM2
YBR291C	CTP1
YBR293W	VBA2
YBR294W	SUL1
YBR295W	PCA1
YBR296C	PHO89
YBR296C-A	TYC1
YBR297W	MAL33
YBR298C	MAL31
YBR299W	MAL32
YBR301W	PAU24
YCL018W	LEU2
YCL026C-A	FRM2
YCL026C-B	HBN1
YCL038C	ATG22
YCL048W	SPS22
YCL049C	KTA1
YCL052C	PBN1
YCL057W	PRD1
YCL058C	FYV5
YCL058W-A	ADF1
YCL064C	CHA1
YCL067C	HMLALPHA2
YCL069W	VBA3
YCL073C	GEX1
YCR007C	DFP3
YCR011C	ADP1
YCR018C	SRD1
YCR019W	MAK32
YCR020C	PET18
YCR026C	NPP1
YCR032W	BPH1
YCR036W	RBK1
YCR040W	MATALPHA1
YCR044C	PER1
YCR045C	RRT12
YCR048W	ARE1
YCR051W	ACL1
YCR053W	THR4
YCR054C	CTR86
YCR061W	TVS1
YCR068W	ATG15
YCR069W	CPR4
YCR083W	TRX3
YCR089W	FIG2
YCR091W	KIN82
YCR096C	HMRA2
YCR098C	GIT1
YCR100C	EMA35
YCR105W	ADH7
YCR106W	RDS1
YCR107W	AAD3
YDL021W	GPM2
YDL024C	DIA3
YDL027C	MRX9
YDL036C	PUS9
YDL037C	BSC1
YDL045C	FAD1
YDL049C	KNH1
YDL054C	MCH1
YDL069C	CBS1
YDL079C	MRK1
YDL085W	NDE2
YDL093W	PMT5
YDL096C	OPI6
YDL103C	QRI1
YDL119C	HEM25
YDL130W-A	STF1
YDL133C-A	RPL41B
YDL133W	SRF1
YDL138W	RGT2
YDL142C	CRD1
YDL151C	BUD30
YDL168W	SFA1
YDL169C	UGX2
YDL170W	UGA3
YDL193W	NUS1
YDL210W	UGA4
YDL214C	PRR2
YDL219W	DTD1
YDL231C	BRE4
YDL233W	MFG1
YDL237W	AIM6
YDL238C	GUD1
YDL243C	AAD4
YDL244W	THI13
YDL246C	SOR2
YDL248W	COS7
YDR007W	TRP1
YDR018C	MLG1
YDR024W	FYV1
YDR034W-B	CPP3
YDR040C	ENA1
YDR044W	HEM13
YDR055W	PST1
YDR058C	TGL2
YDR066C	RTR2
YDR067C	OCA6
YDR070C	FMP16
YDR090C	ILT1
YDR105C	TMS1
YDR107C	TMN2
YDR111C	ALT2
YDR112W	IRC2
YDR119W	VBA4
YDR126W	SWF1
YDR134C	CCW22
YDR136C	VPS61
YDR144C	MKC7
YDR147W	EKI1
YDR158W	HOM2
YDR179W-A	NVJ3
YDR182W	CDC1
YDR198C	RKM2
YDR213W	UPC2
YDR236C	FMN1
YDR241W	BUD26
YDR242W	AMD2
YDR259C	YAP6
YDR261C	EXG2
YDR263C	DIN7
YDR272W	GLO2
YDR275W	TLD1
YDR282C	MRX10
YDR291W	HRQ1
YDR302W	GPI11
YDR305C	HNT2
YDR307W	PMT7
YDR314C	RAD34
YDR315C	IPK1
YDR317W	HIM1
YDR319C	YFT2
YDR345C	HXT3
YDR349C	YPS7
YDR354W	TRP4
YDR360W	OPI7
YDR368W	YPR1
YDR371W	CTS2
YDR384C	ATO3
YDR387C	CIN10
YDR400W	URH1
YDR402C	DIT2
YDR403W	DIT1
YDR428C	BNA7
YDR435C	PPM1
YDR437W	GPI19
YDR438W	THI74
YDR454C	GUK1
YDR459C	PFA5
YDR461W	MFA1
YDR464W	SPP41
YDR465C	RMT2
YDR492W	IZH1
YDR503C	LPP1
YDR506C	GMC1
YDR519W	FPR2
YDR522C	SPS2
YDR523C	SPS1
YDR525W	API2
YDR525W-A	SNA2
YDR530C	APA2
YDR531W	CAB1
YDR534C	FIT1
YDR536W	STL1
YDR538W	PAD1
YDR539W	FDC1
YDR540C	IRC4
YEL004W	YEA4
YEL006W	YEA6
YEL011W	GLC3
YEL016C	NPP2
YEL020C	PXP1
YEL033W	MTC7
YEL035C	UTR5
YEL039C	CYC7
YEL047C	FRD1
YEL049W	PAU2
YEL052W	AFG1
YEL057C	SDD1
YEL058W	PCM1
YEL059C-A	SOM1
YEL059W	HHY1
YEL063C	CAN1
YEL064C	AVT2
YEL070W	DSF1
YEL072W	RMD6
YER003C	PMI40
YER011W	TIR1
YER014C-A	BUD25
YER015W	FAA2
YER019W	ISC1
YER028C	MIG3
YER038W-A	FMP49
YER039C	HVG1
YER045C	ACA1
YER046W	SPO73
YER048C	CAJ1
YER049W	TPA1
YER053C	PIC2
YER055C	HIS1
YER057C	HMF1
YER060W	FCY21
YER060W-A	FCY22
YER061C	CEM1
YER065C	ICL1
YER066W	RRT13
YER074W-A	YOS1
YER080W	AIM9
YER085C	LDM1
YER096W	SHC1
YER115C	SPR6
YER119C	AVT6
YER130C	COM2
YER142C	MAG1
YER156C	MYG1
YER163C	GCG1
YER176W	ECM32
YER180C-A	SLO1
YER183C	FAU1
YER184C	TOG1
YER185W	PUG1
YFL010W-A	AUA1
YFL020C	PAU5
YFL050C	ALR2
YFL052W	ZNF1
YFL053W	DAK2
YFL054C	AQY3
YFL055W	AGP3
YFL056C	AAD6
YFL061W	DDI3
YFL062W	COS4
YFR012W	DCV1
YFR020W	CSS2
YFR025C	HIS2
YFR026C	ULI1
YFR032C	RRT5
YFR032C-B	MIN10
YFR041C	ERJ5
YGL007W	BRP1
YGL010W	MPO1
YGL021W	ALK1
YGL032C	AGA2
YGL053W	PRM8
YGL063W	PUS2
YGL067W	NPY1
YGL082W	MIY3
YGL083W	SCY1
YGL085W	LCL3
YGL089C	MF(ALPHA)2
YGL104C	VPS73
YGL117W	ARO5
YGL126W	SCS3
YGL136C	MRM2
YGL139W	FLC3
YGL142C	GPI10
YGL148W	ARO2
YGL157W	ARI1
YGL160W	AIM14
YGL168W	HUR1
YGL169W	SUA5
YGL179C	TOS3
YGL184C	STR3
YGL186C	TPN1
YGL224C	SDT1
YGL226W	MTC3
YGL228W	SHE10
YGL232W	TAN1
YGL243W	TAD1
YGL248W	PDE1
YGL250W	RMR1
YGL257C	MNT2
YGL258W	VEL1
YGL259W	YPS5
YGL261C	PAU11
YGL263W	COS12
YGR001C	EFM5
YGR004W	PEX31
YGR008C	STF2
YGR015C	EAT1
YGR019W	UGA1
YGR031C-A	NAG1
YGR032W	GSC2
YGR036C	CAX4
YGR044C	RME1
YGR049W	SCM4
YGR053C	MCO32
YGR065C	VHT1
YGR070W	ROM1
YGR087C	PDC6
YGR096W	TPC1
YGR110W	CLD1
YGR131W	FHN1
YGR138C	TPO2
YGR141W	VPS62
YGR149W	GPC1
YGR154C	GTO1
YGR169C	PUS6
YGR169C-A	LSO2
YGR177C	ATF2
YGR197C	SNG1
YGR199W	PMT6
YGR208W	SER2
YGR212W	SLI1
YGR213C	RTA1
YGR216C	GPI1
YGR224W	AZR1
YGR227C-A	OTO1
YGR227W	DIE2
YGR230W	BNS1
YGR236C	SPG1
YGR247W	CPD1
YGR248W	SOL4
YGR260W	TNA1
YGR263C	SAY1
YGR276C	RNH70
YGR286C	BIO2
YGR287C	IMA1
YGR288W	MAL13
YGR289C	MAL11
YGR294W	PAU12
YHL009C	YAP3
YHL016C	DUR3
YHL028W	WSC4
YHL035C	VMR1
YHL039W	EFM1
YHL043W	ECM34
YHL044W	DFP4
YHL045W	PXP3
YHL046C	PAU13
YHL047C	ARN2
YHR002W	LEU5
YHR006W	STP2
YHR017W	YSC83
YHR018C	ARG4
YHR021W-A	ECM12
YHR028C	DAP2
YHR029C	YHI9
YHR032W	ERC1
YHR043C	DOG2
YHR044C	DOG1
YHR045W	DDE1
YHR047C	AAP1
YHR048W	YHK8
YHR049W	FSH1
YHR050W	SMF2
YHR053C	CUP1-1
YHR055C	CUP1-2
YHR075C	PPE1
YHR080C	LAM4
YHR092C	HXT4
YHR093W	AHT1
YHR100C	GEP4
YHR101C	BIG1
YHR103W	SBE22
YHR126C	ANS1
YHR132C	ECM14
YHR132W-A	IGO2
YHR139C	SPS100
YHR149C	SKG6
YHR151C	MTC6
YHR159W	TDA11
YHR163W	SOL3
YHR177W	ROF1
YHR182W	RGD3
YHR189W	PTH1
YHR192W	LNP1
YHR201C	PPX1
YHR202W	SMN1
YHR209W	CRG1
YHR215W	PHO12
YIL005W	EPS1
YIL011W	TIR3
YIL014W	MNT3
YIL015W	BAR1
YIL020C	HIS6
YIL023C	YKE4
YIL024C	ATG45
YIL029C	EMA17
YIL037C	PRM2
YIL044C	AGE2
YIL049W	DFG10
YIL056W	VHR1
YIL057C	RGI2
YIL064W	EFM4
YIL085C	KTR7
YIL088C	AVT7
YIL099W	SGA1
YIL102C-A	DPM2
YIL107C	PFK26
YIL110W	HPM1
YIL114C	POR2
YIL116W	HIS5
YIL117C	PRM5
YIL120W	QDR1
YIL130W	ASG1
YIL145C	PAN6
YIL152W	VPR1
YIL155C	GUT2
YIL156W-B	ATG44
YIL166C	SOA1
YIL169C	CSS1
YIL170W	HXT12
YIL176C	PAU14
YIR007W	EGH1
YIR013C	GAT4
YIR027C	DAL1
YIR028W	DAL4
YIR029W	DAL2
YIR030C	DCG1
YIR035C	NRE1
YIR039C	YPS6
YJL016W	TPH3
YJL037W	IRC18
YJL038C	LOH1
YJL045W	SDH9
YJL055W	LOG1
YJL059W	YHC3
YJL060W	BNA3
YJL062W	LAS21
YJL075C	APQ13
YJL077C	ICS3
YJL079C	PRY1
YJL083W	TAX4
YJL091C	GWT1
YJL101C	GSH1
YJL103C	GSM1
YJL105W	SET4
YJL116C	NCA3
YJL121C	RPE1
YJL127C-B	MCO6
YJL139C	YUR1
YJL142C	IRC9
YJL145W	SFH5
YJL147C	SMT1
YJL158C	CIS3
YJL160C	PIR5
YJL161W	FMP33
YJL162C	JJJ2
YJL170C	ASG7
YJL171C	TOH1
YJL186W	MNN5
YJL188C	BUD19
YJL196C	ELO1
YJL199C	MBB1
YJL212C	OPT1
YJL214W	HXT8
YJL216C	IMA5
YJL219W	HXT9
YJL221C	IMA4
YJL222W	VTH2
YJL223C	PAU1
YJR001W	AVT1
YJR003C	MRX12
YJR004C	SAG1
YJR005C-A	LSO1
YJR008W	MHO1
YJR030C	RBH2
YJR036C	HUL4
YJR039W	MLO127
YJR061W	MNN14
YJR062C	NTA1
YJR069C	HAM1
YJR078W	BNA2
YJR095W	SFC1
YJR097W	JJJ3
YJR105W	ADO1
YJR106W	ECM27
YJR107W	LIH1
YJR108W	ABM1
YJR112W-A	LLP1
YJR116W	TDA4
YJR120W	DMO1
YJR126C	VPS70
YJR127C	RSF2
YJR131W	MNS1
YJR137C	MET5
YJR141W	IPA1
YJR147W	HMS2
YJR150C	DAN1
YJR152W	DAL5
YJR153W	PGU1
YJR155W	AAD10
YJR159W	SOR1
YJR160C	MPH3
YKL011C	CCE1
YKL018C-A	MFI2
YKL024C	URA6
YKL026C	GPX1
YKL027W	TCD2
YKL037W	AIM26
YKL044W	MMO1
YKL051W	SFK1
YKL055C	OAR1
YKL064W	MNR2
YKL071W	OSI1
YKL076C	PSY1
YKL093W	MBR1
YKL098W	MTC2
YKL100C	YPF1
